[0.000000] (-) TimerEvent: {}
[0.000424] (interface) JobQueued: {'identifier': 'interface', 'dependencies': OrderedDict()}
[0.000496] (livox_ros_driver2) JobQueued: {'identifier': 'livox_ros_driver2', 'dependencies': OrderedDict()}
[0.000544] (fastlio2) JobQueued: {'identifier': 'fastlio2', 'dependencies': OrderedDict([('livox_ros_driver2', '/home/haiboliu/project/vln/localization/src/fastlio2/install/livox_ros_driver2')])}
[0.000594] (hba) JobQueued: {'identifier': 'hba', 'dependencies': OrderedDict([('interface', '/home/haiboliu/project/vln/localization/src/fastlio2/install/interface')])}
[0.000766] (localizer) JobQueued: {'identifier': 'localizer', 'dependencies': OrderedDict([('interface', '/home/haiboliu/project/vln/localization/src/fastlio2/install/interface')])}
[0.000815] (pgo) JobQueued: {'identifier': 'pgo', 'dependencies': OrderedDict([('interface', '/home/haiboliu/project/vln/localization/src/fastlio2/install/interface')])}
[0.000865] (interface) JobStarted: {'identifier': 'interface'}
[0.005449] (livox_ros_driver2) JobStarted: {'identifier': 'livox_ros_driver2'}
[0.008561] (interface) JobProgress: {'identifier': 'interface', 'progress': 'cmake'}
[0.009041] (interface) Command: {'cmd': ['/usr/bin/cmake', '/home/haiboliu/project/vln/localization/src/fastlio2/interface', '-DCMAKE_INSTALL_PREFIX=/home/haiboliu/project/vln/localization/src/fastlio2/install/interface'], 'cwd': '/home/haiboliu/project/vln/localization/src/fastlio2/build/interface', 'env': OrderedDict([('LESSOPEN', '| /usr/bin/lesspipe %s'), ('USER', 'haiboliu'), ('LC_TIME', 'zh_CN.UTF-8'), ('XDG_SESSION_TYPE', 'wayland'), ('SHLVL', '1'), ('LD_LIBRARY_PATH', '/opt/ros/humble/opt/rviz_ogre_vendor/lib:/opt/ros/humble/lib/x86_64-linux-gnu:/opt/ros/humble/lib'), ('HOME', '/home/haiboliu'), ('OLDPWD', '/home/haiboliu/project/vln/localization/src'), ('DESKTOP_SESSION', 'ubuntu'), ('ROS_PYTHON_VERSION', '3'), ('GNOME_SHELL_SESSION_MODE', 'ubuntu'), ('GTK_MODULES', 'gail:atk-bridge'), ('LC_MONETARY', 'zh_CN.UTF-8'), ('SYSTEMD_EXEC_PID', '1818'), ('DBUS_SESSION_BUS_ADDRESS', 'unix:path=/run/user/1001/bus'), ('COLORTERM', 'truecolor'), ('IM_CONFIG_PHASE', '1'), ('WAYLAND_DISPLAY', 'wayland-0'), ('ROS_DISTRO', 'humble'), ('LOGNAME', 'haiboliu'), ('_', '/usr/bin/colcon'), ('ROS_VERSION', '2'), ('XDG_SESSION_CLASS', 'user'), ('USERNAME', 'haiboliu'), ('TERM', 'xterm-256color'), ('GNOME_DESKTOP_SESSION_ID', 'this-is-deprecated'), ('ROS_LOCALHOST_ONLY', '0'), ('PATH', '/opt/ros/humble/bin:/usr/local/sbin:/usr/local/bin:/usr/sbin:/usr/bin:/sbin:/bin:/usr/games:/usr/local/games:/snap/bin:/snap/bin'), ('SESSION_MANAGER', 'local/CNBEDZPL210029:@/tmp/.ICE-unix/1790,unix/CNBEDZPL210029:/tmp/.ICE-unix/1790'), ('XDG_MENU_PREFIX', 'gnome-'), ('LC_ADDRESS', 'zh_CN.UTF-8'), ('GNOME_TERMINAL_SCREEN', '/org/gnome/Terminal/screen/f317baec_4654_4e46_9450_13a654dfa23f'), ('GNOME_SETUP_DISPLAY', ':1'), ('XDG_RUNTIME_DIR', '/run/user/1001'), ('DISPLAY', ':0'), ('LANG', 'en_US.UTF-8'), ('XDG_CURRENT_DESKTOP', 'ubuntu:GNOME'), ('LC_TELEPHONE', 'zh_CN.UTF-8'), ('XMODIFIERS', '@im=ibus'), ('XDG_SESSION_DESKTOP', 'ubuntu'), ('XAUTHORITY', '/run/user/1001/.mutter-Xwaylandauth.SZOGC3'), ('LS_COLORS', 'rs=0:di=01;34:ln=01;36:mh=00:pi=40;33:so=01;35:do=01;35:bd=40;33;01:cd=40;33;01:or=40;31;01:mi=00:su=37;41:sg=30;43:ca=30;41:tw=30;42:ow=34;42:st=37;44:ex=01;32:*.tar=01;31:*.tgz=01;31:*.arc=01;31:*.arj=01;31:*.taz=01;31:*.lha=01;31:*.lz4=01;31:*.lzh=01;31:*.lzma=01;31:*.tlz=01;31:*.txz=01;31:*.tzo=01;31:*.t7z=01;31:*.zip=01;31:*.z=01;31:*.dz=01;31:*.gz=01;31:*.lrz=01;31:*.lz=01;31:*.lzo=01;31:*.xz=01;31:*.zst=01;31:*.tzst=01;31:*.bz2=01;31:*.bz=01;31:*.tbz=01;31:*.tbz2=01;31:*.tz=01;31:*.deb=01;31:*.rpm=01;31:*.jar=01;31:*.war=01;31:*.ear=01;31:*.sar=01;31:*.rar=01;31:*.alz=01;31:*.ace=01;31:*.zoo=01;31:*.cpio=01;31:*.7z=01;31:*.rz=01;31:*.cab=01;31:*.wim=01;31:*.swm=01;31:*.dwm=01;31:*.esd=01;31:*.jpg=01;35:*.jpeg=01;35:*.mjpg=01;35:*.mjpeg=01;35:*.gif=01;35:*.bmp=01;35:*.pbm=01;35:*.pgm=01;35:*.ppm=01;35:*.tga=01;35:*.xbm=01;35:*.xpm=01;35:*.tif=01;35:*.tiff=01;35:*.png=01;35:*.svg=01;35:*.svgz=01;35:*.mng=01;35:*.pcx=01;35:*.mov=01;35:*.mpg=01;35:*.mpeg=01;35:*.m2v=01;35:*.mkv=01;35:*.webm=01;35:*.webp=01;35:*.ogm=01;35:*.mp4=01;35:*.m4v=01;35:*.mp4v=01;35:*.vob=01;35:*.qt=01;35:*.nuv=01;35:*.wmv=01;35:*.asf=01;35:*.rm=01;35:*.rmvb=01;35:*.flc=01;35:*.avi=01;35:*.fli=01;35:*.flv=01;35:*.gl=01;35:*.dl=01;35:*.xcf=01;35:*.xwd=01;35:*.yuv=01;35:*.cgm=01;35:*.emf=01;35:*.ogv=01;35:*.ogx=01;35:*.aac=00;36:*.au=00;36:*.flac=00;36:*.m4a=00;36:*.mid=00;36:*.midi=00;36:*.mka=00;36:*.mp3=00;36:*.mpc=00;36:*.ogg=00;36:*.ra=00;36:*.wav=00;36:*.oga=00;36:*.opus=00;36:*.spx=00;36:*.xspf=00;36:'), ('GNOME_TERMINAL_SERVICE', ':1.283'), ('SSH_AGENT_LAUNCHER', 'gnome-keyring'), ('SSH_AUTH_SOCK', '/run/user/1001/keyring/ssh'), ('AMENT_PREFIX_PATH', '/opt/ros/humble'), ('SHELL', '/bin/bash'), ('LC_NAME', 'zh_CN.UTF-8'), ('QT_ACCESSIBILITY', '1'), ('GDMSESSION', 'ubuntu'), ('LESSCLOSE', '/usr/bin/lesspipe %s %s'), ('LC_MEASUREMENT', 'zh_CN.UTF-8'), ('LC_IDENTIFICATION', 'zh_CN.UTF-8'), ('QT_IM_MODULE', 'ibus'), ('PWD', '/home/haiboliu/project/vln/localization/src/fastlio2/build/interface'), ('XDG_CONFIG_DIRS', '/etc/xdg/xdg-ubuntu:/etc/xdg'), ('XDG_DATA_DIRS', '/usr/share/ubuntu:/usr/local/share/:/usr/share/:/var/lib/snapd/desktop'), ('PYTHONPATH', '/opt/ros/humble/lib/python3.10/site-packages:/opt/ros/humble/local/lib/python3.10/dist-packages'), ('LC_NUMERIC', 'zh_CN.UTF-8'), ('LC_PAPER', 'zh_CN.UTF-8'), ('COLCON', '1'), ('VTE_VERSION', '6800'), ('CMAKE_PREFIX_PATH', '/opt/ros/humble')]), 'shell': False}
[0.012867] (livox_ros_driver2) JobProgress: {'identifier': 'livox_ros_driver2', 'progress': 'cmake'}
[0.013429] (livox_ros_driver2) Command: {'cmd': ['/usr/bin/cmake', '/home/haiboliu/project/vln/localization/src/fastlio2/livox_ros_driver2', '-DCMAKE_INSTALL_PREFIX=/home/haiboliu/project/vln/localization/src/fastlio2/install/livox_ros_driver2'], 'cwd': '/home/haiboliu/project/vln/localization/src/fastlio2/build/livox_ros_driver2', 'env': OrderedDict([('LESSOPEN', '| /usr/bin/lesspipe %s'), ('USER', 'haiboliu'), ('LC_TIME', 'zh_CN.UTF-8'), ('XDG_SESSION_TYPE', 'wayland'), ('SHLVL', '1'), ('LD_LIBRARY_PATH', '/opt/ros/humble/opt/rviz_ogre_vendor/lib:/opt/ros/humble/lib/x86_64-linux-gnu:/opt/ros/humble/lib'), ('HOME', '/home/haiboliu'), ('OLDPWD', '/home/haiboliu/project/vln/localization/src'), ('DESKTOP_SESSION', 'ubuntu'), ('ROS_PYTHON_VERSION', '3'), ('GNOME_SHELL_SESSION_MODE', 'ubuntu'), ('GTK_MODULES', 'gail:atk-bridge'), ('LC_MONETARY', 'zh_CN.UTF-8'), ('SYSTEMD_EXEC_PID', '1818'), ('DBUS_SESSION_BUS_ADDRESS', 'unix:path=/run/user/1001/bus'), ('COLORTERM', 'truecolor'), ('IM_CONFIG_PHASE', '1'), ('WAYLAND_DISPLAY', 'wayland-0'), ('ROS_DISTRO', 'humble'), ('LOGNAME', 'haiboliu'), ('_', '/usr/bin/colcon'), ('ROS_VERSION', '2'), ('XDG_SESSION_CLASS', 'user'), ('USERNAME', 'haiboliu'), ('TERM', 'xterm-256color'), ('GNOME_DESKTOP_SESSION_ID', 'this-is-deprecated'), ('ROS_LOCALHOST_ONLY', '0'), ('PATH', '/opt/ros/humble/bin:/usr/local/sbin:/usr/local/bin:/usr/sbin:/usr/bin:/sbin:/bin:/usr/games:/usr/local/games:/snap/bin:/snap/bin'), ('SESSION_MANAGER', 'local/CNBEDZPL210029:@/tmp/.ICE-unix/1790,unix/CNBEDZPL210029:/tmp/.ICE-unix/1790'), ('XDG_MENU_PREFIX', 'gnome-'), ('LC_ADDRESS', 'zh_CN.UTF-8'), ('GNOME_TERMINAL_SCREEN', '/org/gnome/Terminal/screen/f317baec_4654_4e46_9450_13a654dfa23f'), ('GNOME_SETUP_DISPLAY', ':1'), ('XDG_RUNTIME_DIR', '/run/user/1001'), ('DISPLAY', ':0'), ('LANG', 'en_US.UTF-8'), ('XDG_CURRENT_DESKTOP', 'ubuntu:GNOME'), ('LC_TELEPHONE', 'zh_CN.UTF-8'), ('XMODIFIERS', '@im=ibus'), ('XDG_SESSION_DESKTOP', 'ubuntu'), ('XAUTHORITY', '/run/user/1001/.mutter-Xwaylandauth.SZOGC3'), ('LS_COLORS', 'rs=0:di=01;34:ln=01;36:mh=00:pi=40;33:so=01;35:do=01;35:bd=40;33;01:cd=40;33;01:or=40;31;01:mi=00:su=37;41:sg=30;43:ca=30;41:tw=30;42:ow=34;42:st=37;44:ex=01;32:*.tar=01;31:*.tgz=01;31:*.arc=01;31:*.arj=01;31:*.taz=01;31:*.lha=01;31:*.lz4=01;31:*.lzh=01;31:*.lzma=01;31:*.tlz=01;31:*.txz=01;31:*.tzo=01;31:*.t7z=01;31:*.zip=01;31:*.z=01;31:*.dz=01;31:*.gz=01;31:*.lrz=01;31:*.lz=01;31:*.lzo=01;31:*.xz=01;31:*.zst=01;31:*.tzst=01;31:*.bz2=01;31:*.bz=01;31:*.tbz=01;31:*.tbz2=01;31:*.tz=01;31:*.deb=01;31:*.rpm=01;31:*.jar=01;31:*.war=01;31:*.ear=01;31:*.sar=01;31:*.rar=01;31:*.alz=01;31:*.ace=01;31:*.zoo=01;31:*.cpio=01;31:*.7z=01;31:*.rz=01;31:*.cab=01;31:*.wim=01;31:*.swm=01;31:*.dwm=01;31:*.esd=01;31:*.jpg=01;35:*.jpeg=01;35:*.mjpg=01;35:*.mjpeg=01;35:*.gif=01;35:*.bmp=01;35:*.pbm=01;35:*.pgm=01;35:*.ppm=01;35:*.tga=01;35:*.xbm=01;35:*.xpm=01;35:*.tif=01;35:*.tiff=01;35:*.png=01;35:*.svg=01;35:*.svgz=01;35:*.mng=01;35:*.pcx=01;35:*.mov=01;35:*.mpg=01;35:*.mpeg=01;35:*.m2v=01;35:*.mkv=01;35:*.webm=01;35:*.webp=01;35:*.ogm=01;35:*.mp4=01;35:*.m4v=01;35:*.mp4v=01;35:*.vob=01;35:*.qt=01;35:*.nuv=01;35:*.wmv=01;35:*.asf=01;35:*.rm=01;35:*.rmvb=01;35:*.flc=01;35:*.avi=01;35:*.fli=01;35:*.flv=01;35:*.gl=01;35:*.dl=01;35:*.xcf=01;35:*.xwd=01;35:*.yuv=01;35:*.cgm=01;35:*.emf=01;35:*.ogv=01;35:*.ogx=01;35:*.aac=00;36:*.au=00;36:*.flac=00;36:*.m4a=00;36:*.mid=00;36:*.midi=00;36:*.mka=00;36:*.mp3=00;36:*.mpc=00;36:*.ogg=00;36:*.ra=00;36:*.wav=00;36:*.oga=00;36:*.opus=00;36:*.spx=00;36:*.xspf=00;36:'), ('GNOME_TERMINAL_SERVICE', ':1.283'), ('SSH_AGENT_LAUNCHER', 'gnome-keyring'), ('SSH_AUTH_SOCK', '/run/user/1001/keyring/ssh'), ('AMENT_PREFIX_PATH', '/opt/ros/humble'), ('SHELL', '/bin/bash'), ('LC_NAME', 'zh_CN.UTF-8'), ('QT_ACCESSIBILITY', '1'), ('GDMSESSION', 'ubuntu'), ('LESSCLOSE', '/usr/bin/lesspipe %s %s'), ('LC_MEASUREMENT', 'zh_CN.UTF-8'), ('LC_IDENTIFICATION', 'zh_CN.UTF-8'), ('QT_IM_MODULE', 'ibus'), ('PWD', '/home/haiboliu/project/vln/localization/src/fastlio2/build/livox_ros_driver2'), ('XDG_CONFIG_DIRS', '/etc/xdg/xdg-ubuntu:/etc/xdg'), ('XDG_DATA_DIRS', '/usr/share/ubuntu:/usr/local/share/:/usr/share/:/var/lib/snapd/desktop'), ('PYTHONPATH', '/opt/ros/humble/lib/python3.10/site-packages:/opt/ros/humble/local/lib/python3.10/dist-packages'), ('LC_NUMERIC', 'zh_CN.UTF-8'), ('LC_PAPER', 'zh_CN.UTF-8'), ('COLCON', '1'), ('VTE_VERSION', '6800'), ('CMAKE_PREFIX_PATH', '/opt/ros/humble')]), 'shell': False}
[0.074907] (interface) StdoutLine: {'line': b'-- The C compiler identification is GNU 11.4.0\n'}
[0.088119] (livox_ros_driver2) StdoutLine: {'line': b'-- The C compiler identification is GNU 11.4.0\n'}
[0.099220] (-) TimerEvent: {}
[0.142674] (interface) StdoutLine: {'line': b'-- The CXX compiler identification is GNU 11.4.0\n'}
[0.151160] (livox_ros_driver2) StdoutLine: {'line': b'-- The CXX compiler identification is GNU 11.4.0\n'}
[0.155541] (interface) StdoutLine: {'line': b'-- Detecting C compiler ABI info\n'}
[0.158723] (livox_ros_driver2) StdoutLine: {'line': b'-- Detecting C compiler ABI info\n'}
[0.199342] (-) TimerEvent: {}
[0.237131] (livox_ros_driver2) StdoutLine: {'line': b'-- Detecting C compiler ABI info - done\n'}
[0.246543] (interface) StdoutLine: {'line': b'-- Detecting C compiler ABI info - done\n'}
[0.252036] (livox_ros_driver2) StdoutLine: {'line': b'-- Check for working C compiler: /usr/bin/cc - skipped\n'}
[0.252587] (livox_ros_driver2) StdoutLine: {'line': b'-- Detecting C compile features\n'}
[0.252763] (interface) StdoutLine: {'line': b'-- Check for working C compiler: /usr/bin/cc - skipped\n'}
[0.252908] (interface) StdoutLine: {'line': b'-- Detecting C compile features\n'}
[0.253106] (interface) StdoutLine: {'line': b'-- Detecting C compile features - done\n'}
[0.253321] (livox_ros_driver2) StdoutLine: {'line': b'-- Detecting C compile features - done\n'}
[0.255640] (interface) StdoutLine: {'line': b'-- Detecting CXX compiler ABI info\n'}
[0.258907] (livox_ros_driver2) StdoutLine: {'line': b'-- Detecting CXX compiler ABI info\n'}
[0.299446] (-) TimerEvent: {}
[0.353246] (interface) StdoutLine: {'line': b'-- Detecting CXX compiler ABI info - done\n'}
[0.355237] (livox_ros_driver2) StdoutLine: {'line': b'-- Detecting CXX compiler ABI info - done\n'}
[0.359764] (interface) StdoutLine: {'line': b'-- Check for working CXX compiler: /usr/bin/c++ - skipped\n'}
[0.360038] (interface) StdoutLine: {'line': b'-- Detecting CXX compile features\n'}
[0.360291] (interface) StdoutLine: {'line': b'-- Detecting CXX compile features - done\n'}
[0.361734] (livox_ros_driver2) StdoutLine: {'line': b'-- Check for working CXX compiler: /usr/bin/c++ - skipped\n'}
[0.361961] (livox_ros_driver2) StdoutLine: {'line': b'-- Detecting CXX compile features\n'}
[0.362326] (livox_ros_driver2) StdoutLine: {'line': b'-- Detecting CXX compile features - done\n'}
[0.362501] (interface) StdoutLine: {'line': b'-- Found ament_cmake: 1.3.12 (/opt/ros/humble/share/ament_cmake/cmake)\n'}
[0.364606] (livox_ros_driver2) StdoutLine: {'line': b'-- Found ament_cmake: 1.3.12 (/opt/ros/humble/share/ament_cmake/cmake)\n'}
[0.399584] (-) TimerEvent: {}
[0.499951] (-) TimerEvent: {}
[0.509054] (interface) StdoutLine: {'line': b'-- Found Python3: /usr/bin/python3 (found version "3.10.12") found components: Interpreter \n'}
[0.525737] (livox_ros_driver2) StdoutLine: {'line': b'-- Found Python3: /usr/bin/python3 (found version "3.10.12") found components: Interpreter \n'}
[0.600099] (-) TimerEvent: {}
[0.611195] (livox_ros_driver2) StdoutLine: {'line': b'-- Found std_msgs: 4.9.0 (/opt/ros/humble/share/std_msgs/cmake)\n'}
[0.618085] (interface) StdoutLine: {'line': b'-- Found std_msgs: 4.9.0 (/opt/ros/humble/share/std_msgs/cmake)\n'}
[0.645135] (interface) StdoutLine: {'line': b'-- Found rosidl_generator_c: 3.1.7 (/opt/ros/humble/share/rosidl_generator_c/cmake)\n'}
[0.649081] (interface) StdoutLine: {'line': b'-- Found rosidl_adapter: 3.1.7 (/opt/ros/humble/share/rosidl_adapter/cmake)\n'}
[0.653748] (livox_ros_driver2) StdoutLine: {'line': b'-- Found rosidl_generator_c: 3.1.7 (/opt/ros/humble/share/rosidl_generator_c/cmake)\n'}
[0.655590] (interface) StdoutLine: {'line': b'-- Found rosidl_generator_cpp: 3.1.7 (/opt/ros/humble/share/rosidl_generator_cpp/cmake)\n'}
[0.657467] (livox_ros_driver2) StdoutLine: {'line': b'-- Found rosidl_adapter: 3.1.7 (/opt/ros/humble/share/rosidl_adapter/cmake)\n'}
[0.664098] (livox_ros_driver2) StdoutLine: {'line': b'-- Found rosidl_generator_cpp: 3.1.7 (/opt/ros/humble/share/rosidl_generator_cpp/cmake)\n'}
[0.665152] (interface) StdoutLine: {'line': b'-- Using all available rosidl_typesupport_c: rosidl_typesupport_fastrtps_c;rosidl_typesupport_introspection_c\n'}
[0.673724] (livox_ros_driver2) StdoutLine: {'line': b'-- Using all available rosidl_typesupport_c: rosidl_typesupport_fastrtps_c;rosidl_typesupport_introspection_c\n'}
[0.677807] (interface) StdoutLine: {'line': b'-- Using all available rosidl_typesupport_cpp: rosidl_typesupport_fastrtps_cpp;rosidl_typesupport_introspection_cpp\n'}
[0.686566] (livox_ros_driver2) StdoutLine: {'line': b'-- Using all available rosidl_typesupport_cpp: rosidl_typesupport_fastrtps_cpp;rosidl_typesupport_introspection_cpp\n'}
[0.699039] (interface) StdoutLine: {'line': b'-- Found rosidl_default_generators: 1.2.0 (/opt/ros/humble/share/rosidl_default_generators/cmake)\n'}
[0.700169] (-) TimerEvent: {}
[0.707646] (livox_ros_driver2) StdoutLine: {'line': b'-- Found rosidl_default_generators: 1.2.0 (/opt/ros/humble/share/rosidl_default_generators/cmake)\n'}
[0.800344] (-) TimerEvent: {}
[0.900781] (-) TimerEvent: {}
[1.001237] (-) TimerEvent: {}
[1.047623] (interface) StdoutLine: {'line': b'-- Found ament_cmake_ros: 0.10.0 (/opt/ros/humble/share/ament_cmake_ros/cmake)\n'}
[1.074740] (livox_ros_driver2) StdoutLine: {'line': b'-- Found ament_cmake_ros: 0.10.0 (/opt/ros/humble/share/ament_cmake_ros/cmake)\n'}
[1.101379] (-) TimerEvent: {}
[1.201759] (-) TimerEvent: {}
[1.302174] (-) TimerEvent: {}
[1.402645] (-) TimerEvent: {}
[1.499315] (interface) StdoutLine: {'line': b'-- Using all available rosidl_typesupport_c: rosidl_typesupport_fastrtps_c;rosidl_typesupport_introspection_c\n'}
[1.502781] (-) TimerEvent: {}
[1.544391] (livox_ros_driver2) StdoutLine: {'line': b'-- Using all available rosidl_typesupport_c: rosidl_typesupport_fastrtps_c;rosidl_typesupport_introspection_c\n'}
[1.602918] (-) TimerEvent: {}
[1.671145] (interface) StdoutLine: {'line': b'-- Using all available rosidl_typesupport_cpp: rosidl_typesupport_fastrtps_cpp;rosidl_typesupport_introspection_cpp\n'}
[1.695869] (interface) StdoutLine: {'line': b'-- Found PythonInterp: /usr/bin/python3 (found suitable version "3.10.12", minimum required is "3.6") \n'}
[1.698726] (interface) StdoutLine: {'line': b'-- Found python_cmake_module: 0.10.0 (/opt/ros/humble/share/python_cmake_module/cmake)\n'}
[1.702341] (livox_ros_driver2) StdoutLine: {'line': b'-- Using all available rosidl_typesupport_cpp: rosidl_typesupport_fastrtps_cpp;rosidl_typesupport_introspection_cpp\n'}
[1.702996] (-) TimerEvent: {}
[1.722168] (livox_ros_driver2) StdoutLine: {'line': b'-- Found PythonInterp: /usr/bin/python3 (found suitable version "3.10.12", minimum required is "3.6") \n'}
[1.722731] (interface) StdoutLine: {'line': b'-- Found PythonLibs: /usr/lib/x86_64-linux-gnu/libpython3.10.so (found suitable version "3.10.12", minimum required is "3.5") \n'}
[1.722897] (interface) StdoutLine: {'line': b'-- Using PYTHON_EXECUTABLE: /usr/bin/python3\n'}
[1.722997] (interface) StdoutLine: {'line': b'-- Using PYTHON_INCLUDE_DIRS: /usr/include/python3.10\n'}
[1.723088] (interface) StdoutLine: {'line': b'-- Using PYTHON_LIBRARIES: /usr/lib/x86_64-linux-gnu/libpython3.10.so\n'}
[1.723246] (livox_ros_driver2) StdoutLine: {'line': b'-- Found python_cmake_module: 0.10.0 (/opt/ros/humble/share/python_cmake_module/cmake)\n'}
[1.745596] (livox_ros_driver2) StdoutLine: {'line': b'-- Found PythonLibs: /usr/lib/x86_64-linux-gnu/libpython3.10.so (found suitable version "3.10.12", minimum required is "3.5") \n'}
[1.745849] (livox_ros_driver2) StdoutLine: {'line': b'-- Using PYTHON_EXECUTABLE: /usr/bin/python3\n'}
[1.745950] (livox_ros_driver2) StdoutLine: {'line': b'-- Using PYTHON_INCLUDE_DIRS: /usr/include/python3.10\n'}
[1.746040] (livox_ros_driver2) StdoutLine: {'line': b'-- Using PYTHON_LIBRARIES: /usr/lib/x86_64-linux-gnu/libpython3.10.so\n'}
[1.748163] (interface) StdoutLine: {'line': b'-- Found PythonExtra: .so  \n'}
[1.764611] (livox_ros_driver2) StdoutLine: {'line': b'-- Found PythonExtra: .so  \n'}
[1.803159] (-) TimerEvent: {}
[1.822154] (livox_ros_driver2) StdoutLine: {'line': b'-- Found ament_lint_auto: 0.12.14 (/opt/ros/humble/share/ament_lint_auto/cmake)\n'}
[1.838129] (interface) StdoutLine: {'line': b'-- Found ament_lint_auto: 0.12.14 (/opt/ros/humble/share/ament_lint_auto/cmake)\n'}
[1.842236] (livox_ros_driver2) StdoutLine: {'line': b"-- Added test 'lint_cmake' to check CMake code style\n"}
[1.843098] (livox_ros_driver2) StdoutLine: {'line': b"-- Added test 'xmllint' to check XML markup files\n"}
[1.845661] (livox_ros_driver2) StdoutLine: {'line': b'-- Configuring done\n'}
[1.853754] (interface) StdoutLine: {'line': b"-- Added test 'lint_cmake' to check CMake code style\n"}
[1.854774] (interface) StdoutLine: {'line': b"-- Added test 'xmllint' to check XML markup files\n"}
[1.857320] (interface) StdoutLine: {'line': b'-- Configuring done\n'}
[1.879238] (livox_ros_driver2) StdoutLine: {'line': b'-- Generating done\n'}
[1.889932] (livox_ros_driver2) StdoutLine: {'line': b'-- Build files have been written to: /home/haiboliu/project/vln/localization/src/fastlio2/build/livox_ros_driver2\n'}
[1.895385] (interface) StdoutLine: {'line': b'-- Generating done\n'}
[1.896678] (livox_ros_driver2) CommandEnded: {'returncode': 0}
[1.897396] (livox_ros_driver2) JobProgress: {'identifier': 'livox_ros_driver2', 'progress': 'build'}
[1.897953] (livox_ros_driver2) Command: {'cmd': ['/usr/bin/cmake', '--build', '/home/haiboliu/project/vln/localization/src/fastlio2/build/livox_ros_driver2', '--', '-j16', '-l16'], 'cwd': '/home/haiboliu/project/vln/localization/src/fastlio2/build/livox_ros_driver2', 'env': OrderedDict([('LESSOPEN', '| /usr/bin/lesspipe %s'), ('USER', 'haiboliu'), ('LC_TIME', 'zh_CN.UTF-8'), ('XDG_SESSION_TYPE', 'wayland'), ('SHLVL', '1'), ('LD_LIBRARY_PATH', '/opt/ros/humble/opt/rviz_ogre_vendor/lib:/opt/ros/humble/lib/x86_64-linux-gnu:/opt/ros/humble/lib'), ('HOME', '/home/haiboliu'), ('OLDPWD', '/home/haiboliu/project/vln/localization/src'), ('DESKTOP_SESSION', 'ubuntu'), ('ROS_PYTHON_VERSION', '3'), ('GNOME_SHELL_SESSION_MODE', 'ubuntu'), ('GTK_MODULES', 'gail:atk-bridge'), ('LC_MONETARY', 'zh_CN.UTF-8'), ('SYSTEMD_EXEC_PID', '1818'), ('DBUS_SESSION_BUS_ADDRESS', 'unix:path=/run/user/1001/bus'), ('COLORTERM', 'truecolor'), ('IM_CONFIG_PHASE', '1'), ('WAYLAND_DISPLAY', 'wayland-0'), ('ROS_DISTRO', 'humble'), ('LOGNAME', 'haiboliu'), ('_', '/usr/bin/colcon'), ('ROS_VERSION', '2'), ('XDG_SESSION_CLASS', 'user'), ('USERNAME', 'haiboliu'), ('TERM', 'xterm-256color'), ('GNOME_DESKTOP_SESSION_ID', 'this-is-deprecated'), ('ROS_LOCALHOST_ONLY', '0'), ('PATH', '/opt/ros/humble/bin:/usr/local/sbin:/usr/local/bin:/usr/sbin:/usr/bin:/sbin:/bin:/usr/games:/usr/local/games:/snap/bin:/snap/bin'), ('SESSION_MANAGER', 'local/CNBEDZPL210029:@/tmp/.ICE-unix/1790,unix/CNBEDZPL210029:/tmp/.ICE-unix/1790'), ('XDG_MENU_PREFIX', 'gnome-'), ('LC_ADDRESS', 'zh_CN.UTF-8'), ('GNOME_TERMINAL_SCREEN', '/org/gnome/Terminal/screen/f317baec_4654_4e46_9450_13a654dfa23f'), ('GNOME_SETUP_DISPLAY', ':1'), ('XDG_RUNTIME_DIR', '/run/user/1001'), ('DISPLAY', ':0'), ('LANG', 'en_US.UTF-8'), ('XDG_CURRENT_DESKTOP', 'ubuntu:GNOME'), ('LC_TELEPHONE', 'zh_CN.UTF-8'), ('XMODIFIERS', '@im=ibus'), ('XDG_SESSION_DESKTOP', 'ubuntu'), ('XAUTHORITY', '/run/user/1001/.mutter-Xwaylandauth.SZOGC3'), ('LS_COLORS', 'rs=0:di=01;34:ln=01;36:mh=00:pi=40;33:so=01;35:do=01;35:bd=40;33;01:cd=40;33;01:or=40;31;01:mi=00:su=37;41:sg=30;43:ca=30;41:tw=30;42:ow=34;42:st=37;44:ex=01;32:*.tar=01;31:*.tgz=01;31:*.arc=01;31:*.arj=01;31:*.taz=01;31:*.lha=01;31:*.lz4=01;31:*.lzh=01;31:*.lzma=01;31:*.tlz=01;31:*.txz=01;31:*.tzo=01;31:*.t7z=01;31:*.zip=01;31:*.z=01;31:*.dz=01;31:*.gz=01;31:*.lrz=01;31:*.lz=01;31:*.lzo=01;31:*.xz=01;31:*.zst=01;31:*.tzst=01;31:*.bz2=01;31:*.bz=01;31:*.tbz=01;31:*.tbz2=01;31:*.tz=01;31:*.deb=01;31:*.rpm=01;31:*.jar=01;31:*.war=01;31:*.ear=01;31:*.sar=01;31:*.rar=01;31:*.alz=01;31:*.ace=01;31:*.zoo=01;31:*.cpio=01;31:*.7z=01;31:*.rz=01;31:*.cab=01;31:*.wim=01;31:*.swm=01;31:*.dwm=01;31:*.esd=01;31:*.jpg=01;35:*.jpeg=01;35:*.mjpg=01;35:*.mjpeg=01;35:*.gif=01;35:*.bmp=01;35:*.pbm=01;35:*.pgm=01;35:*.ppm=01;35:*.tga=01;35:*.xbm=01;35:*.xpm=01;35:*.tif=01;35:*.tiff=01;35:*.png=01;35:*.svg=01;35:*.svgz=01;35:*.mng=01;35:*.pcx=01;35:*.mov=01;35:*.mpg=01;35:*.mpeg=01;35:*.m2v=01;35:*.mkv=01;35:*.webm=01;35:*.webp=01;35:*.ogm=01;35:*.mp4=01;35:*.m4v=01;35:*.mp4v=01;35:*.vob=01;35:*.qt=01;35:*.nuv=01;35:*.wmv=01;35:*.asf=01;35:*.rm=01;35:*.rmvb=01;35:*.flc=01;35:*.avi=01;35:*.fli=01;35:*.flv=01;35:*.gl=01;35:*.dl=01;35:*.xcf=01;35:*.xwd=01;35:*.yuv=01;35:*.cgm=01;35:*.emf=01;35:*.ogv=01;35:*.ogx=01;35:*.aac=00;36:*.au=00;36:*.flac=00;36:*.m4a=00;36:*.mid=00;36:*.midi=00;36:*.mka=00;36:*.mp3=00;36:*.mpc=00;36:*.ogg=00;36:*.ra=00;36:*.wav=00;36:*.oga=00;36:*.opus=00;36:*.spx=00;36:*.xspf=00;36:'), ('GNOME_TERMINAL_SERVICE', ':1.283'), ('SSH_AGENT_LAUNCHER', 'gnome-keyring'), ('SSH_AUTH_SOCK', '/run/user/1001/keyring/ssh'), ('AMENT_PREFIX_PATH', '/opt/ros/humble'), ('SHELL', '/bin/bash'), ('LC_NAME', 'zh_CN.UTF-8'), ('QT_ACCESSIBILITY', '1'), ('GDMSESSION', 'ubuntu'), ('LESSCLOSE', '/usr/bin/lesspipe %s %s'), ('LC_MEASUREMENT', 'zh_CN.UTF-8'), ('LC_IDENTIFICATION', 'zh_CN.UTF-8'), ('QT_IM_MODULE', 'ibus'), ('PWD', '/home/haiboliu/project/vln/localization/src/fastlio2/build/livox_ros_driver2'), ('XDG_CONFIG_DIRS', '/etc/xdg/xdg-ubuntu:/etc/xdg'), ('XDG_DATA_DIRS', '/usr/share/ubuntu:/usr/local/share/:/usr/share/:/var/lib/snapd/desktop'), ('PYTHONPATH', '/opt/ros/humble/lib/python3.10/site-packages:/opt/ros/humble/local/lib/python3.10/dist-packages'), ('LC_NUMERIC', 'zh_CN.UTF-8'), ('LC_PAPER', 'zh_CN.UTF-8'), ('COLCON', '1'), ('VTE_VERSION', '6800'), ('CMAKE_PREFIX_PATH', '/opt/ros/humble')]), 'shell': False}
[1.903210] (-) TimerEvent: {}
[1.906824] (interface) StdoutLine: {'line': b'-- Build files have been written to: /home/haiboliu/project/vln/localization/src/fastlio2/build/interface\n'}
[1.914113] (interface) CommandEnded: {'returncode': 0}
[1.914936] (interface) JobProgress: {'identifier': 'interface', 'progress': 'build'}
[1.916012] (interface) Command: {'cmd': ['/usr/bin/cmake', '--build', '/home/haiboliu/project/vln/localization/src/fastlio2/build/interface', '--', '-j16', '-l16'], 'cwd': '/home/haiboliu/project/vln/localization/src/fastlio2/build/interface', 'env': OrderedDict([('LESSOPEN', '| /usr/bin/lesspipe %s'), ('USER', 'haiboliu'), ('LC_TIME', 'zh_CN.UTF-8'), ('XDG_SESSION_TYPE', 'wayland'), ('SHLVL', '1'), ('LD_LIBRARY_PATH', '/opt/ros/humble/opt/rviz_ogre_vendor/lib:/opt/ros/humble/lib/x86_64-linux-gnu:/opt/ros/humble/lib'), ('HOME', '/home/haiboliu'), ('OLDPWD', '/home/haiboliu/project/vln/localization/src'), ('DESKTOP_SESSION', 'ubuntu'), ('ROS_PYTHON_VERSION', '3'), ('GNOME_SHELL_SESSION_MODE', 'ubuntu'), ('GTK_MODULES', 'gail:atk-bridge'), ('LC_MONETARY', 'zh_CN.UTF-8'), ('SYSTEMD_EXEC_PID', '1818'), ('DBUS_SESSION_BUS_ADDRESS', 'unix:path=/run/user/1001/bus'), ('COLORTERM', 'truecolor'), ('IM_CONFIG_PHASE', '1'), ('WAYLAND_DISPLAY', 'wayland-0'), ('ROS_DISTRO', 'humble'), ('LOGNAME', 'haiboliu'), ('_', '/usr/bin/colcon'), ('ROS_VERSION', '2'), ('XDG_SESSION_CLASS', 'user'), ('USERNAME', 'haiboliu'), ('TERM', 'xterm-256color'), ('GNOME_DESKTOP_SESSION_ID', 'this-is-deprecated'), ('ROS_LOCALHOST_ONLY', '0'), ('PATH', '/opt/ros/humble/bin:/usr/local/sbin:/usr/local/bin:/usr/sbin:/usr/bin:/sbin:/bin:/usr/games:/usr/local/games:/snap/bin:/snap/bin'), ('SESSION_MANAGER', 'local/CNBEDZPL210029:@/tmp/.ICE-unix/1790,unix/CNBEDZPL210029:/tmp/.ICE-unix/1790'), ('XDG_MENU_PREFIX', 'gnome-'), ('LC_ADDRESS', 'zh_CN.UTF-8'), ('GNOME_TERMINAL_SCREEN', '/org/gnome/Terminal/screen/f317baec_4654_4e46_9450_13a654dfa23f'), ('GNOME_SETUP_DISPLAY', ':1'), ('XDG_RUNTIME_DIR', '/run/user/1001'), ('DISPLAY', ':0'), ('LANG', 'en_US.UTF-8'), ('XDG_CURRENT_DESKTOP', 'ubuntu:GNOME'), ('LC_TELEPHONE', 'zh_CN.UTF-8'), ('XMODIFIERS', '@im=ibus'), ('XDG_SESSION_DESKTOP', 'ubuntu'), ('XAUTHORITY', '/run/user/1001/.mutter-Xwaylandauth.SZOGC3'), ('LS_COLORS', 'rs=0:di=01;34:ln=01;36:mh=00:pi=40;33:so=01;35:do=01;35:bd=40;33;01:cd=40;33;01:or=40;31;01:mi=00:su=37;41:sg=30;43:ca=30;41:tw=30;42:ow=34;42:st=37;44:ex=01;32:*.tar=01;31:*.tgz=01;31:*.arc=01;31:*.arj=01;31:*.taz=01;31:*.lha=01;31:*.lz4=01;31:*.lzh=01;31:*.lzma=01;31:*.tlz=01;31:*.txz=01;31:*.tzo=01;31:*.t7z=01;31:*.zip=01;31:*.z=01;31:*.dz=01;31:*.gz=01;31:*.lrz=01;31:*.lz=01;31:*.lzo=01;31:*.xz=01;31:*.zst=01;31:*.tzst=01;31:*.bz2=01;31:*.bz=01;31:*.tbz=01;31:*.tbz2=01;31:*.tz=01;31:*.deb=01;31:*.rpm=01;31:*.jar=01;31:*.war=01;31:*.ear=01;31:*.sar=01;31:*.rar=01;31:*.alz=01;31:*.ace=01;31:*.zoo=01;31:*.cpio=01;31:*.7z=01;31:*.rz=01;31:*.cab=01;31:*.wim=01;31:*.swm=01;31:*.dwm=01;31:*.esd=01;31:*.jpg=01;35:*.jpeg=01;35:*.mjpg=01;35:*.mjpeg=01;35:*.gif=01;35:*.bmp=01;35:*.pbm=01;35:*.pgm=01;35:*.ppm=01;35:*.tga=01;35:*.xbm=01;35:*.xpm=01;35:*.tif=01;35:*.tiff=01;35:*.png=01;35:*.svg=01;35:*.svgz=01;35:*.mng=01;35:*.pcx=01;35:*.mov=01;35:*.mpg=01;35:*.mpeg=01;35:*.m2v=01;35:*.mkv=01;35:*.webm=01;35:*.webp=01;35:*.ogm=01;35:*.mp4=01;35:*.m4v=01;35:*.mp4v=01;35:*.vob=01;35:*.qt=01;35:*.nuv=01;35:*.wmv=01;35:*.asf=01;35:*.rm=01;35:*.rmvb=01;35:*.flc=01;35:*.avi=01;35:*.fli=01;35:*.flv=01;35:*.gl=01;35:*.dl=01;35:*.xcf=01;35:*.xwd=01;35:*.yuv=01;35:*.cgm=01;35:*.emf=01;35:*.ogv=01;35:*.ogx=01;35:*.aac=00;36:*.au=00;36:*.flac=00;36:*.m4a=00;36:*.mid=00;36:*.midi=00;36:*.mka=00;36:*.mp3=00;36:*.mpc=00;36:*.ogg=00;36:*.ra=00;36:*.wav=00;36:*.oga=00;36:*.opus=00;36:*.spx=00;36:*.xspf=00;36:'), ('GNOME_TERMINAL_SERVICE', ':1.283'), ('SSH_AGENT_LAUNCHER', 'gnome-keyring'), ('SSH_AUTH_SOCK', '/run/user/1001/keyring/ssh'), ('AMENT_PREFIX_PATH', '/opt/ros/humble'), ('SHELL', '/bin/bash'), ('LC_NAME', 'zh_CN.UTF-8'), ('QT_ACCESSIBILITY', '1'), ('GDMSESSION', 'ubuntu'), ('LESSCLOSE', '/usr/bin/lesspipe %s %s'), ('LC_MEASUREMENT', 'zh_CN.UTF-8'), ('LC_IDENTIFICATION', 'zh_CN.UTF-8'), ('QT_IM_MODULE', 'ibus'), ('PWD', '/home/haiboliu/project/vln/localization/src/fastlio2/build/interface'), ('XDG_CONFIG_DIRS', '/etc/xdg/xdg-ubuntu:/etc/xdg'), ('XDG_DATA_DIRS', '/usr/share/ubuntu:/usr/local/share/:/usr/share/:/var/lib/snapd/desktop'), ('PYTHONPATH', '/opt/ros/humble/lib/python3.10/site-packages:/opt/ros/humble/local/lib/python3.10/dist-packages'), ('LC_NUMERIC', 'zh_CN.UTF-8'), ('LC_PAPER', 'zh_CN.UTF-8'), ('COLCON', '1'), ('VTE_VERSION', '6800'), ('CMAKE_PREFIX_PATH', '/opt/ros/humble')]), 'shell': False}
[1.966913] (interface) StdoutLine: {'line': b'[  1%] \x1b[34m\x1b[1mGenerating C code for ROS interfaces\x1b[0m\n'}
[1.967252] (livox_ros_driver2) StdoutLine: {'line': b'[  2%] \x1b[34m\x1b[1mGenerating C code for ROS interfaces\x1b[0m\n'}
[1.977370] (livox_ros_driver2) StdoutLine: {'line': b'[  5%] \x1b[34m\x1b[1mGenerating C++ code for ROS interfaces\x1b[0m\n'}
[1.980653] (interface) StdoutLine: {'line': b'[  3%] \x1b[34m\x1b[1mGenerating C++ code for ROS interfaces\x1b[0m\n'}
[1.988929] (livox_ros_driver2) StdoutLine: {'line': b'[  5%] Built target ament_cmake_python_copy_livox_ros_driver2\n'}
[1.989248] (interface) StdoutLine: {'line': b'[  3%] Built target ament_cmake_python_copy_interface\n'}
[2.003347] (-) TimerEvent: {}
[2.103776] (-) TimerEvent: {}
[2.204146] (-) TimerEvent: {}
[2.245009] (interface) StdoutLine: {'line': b'running egg_info\n'}
[2.245300] (livox_ros_driver2) StdoutLine: {'line': b'running egg_info\n'}
[2.245561] (interface) StdoutLine: {'line': b'creating interface.egg-info\n'}
[2.245825] (livox_ros_driver2) StdoutLine: {'line': b'creating livox_ros_driver2.egg-info\n'}
[2.246096] (livox_ros_driver2) StdoutLine: {'line': b'writing livox_ros_driver2.egg-info/PKG-INFO\n'}
[2.246409] (livox_ros_driver2) StdoutLine: {'line': b'writing dependency_links to livox_ros_driver2.egg-info/dependency_links.txt\n'}
[2.246624] (livox_ros_driver2) StdoutLine: {'line': b'writing top-level names to livox_ros_driver2.egg-info/top_level.txt\n'}
[2.246787] (interface) StdoutLine: {'line': b'writing interface.egg-info/PKG-INFO\n'}
[2.246960] (interface) StdoutLine: {'line': b'writing dependency_links to interface.egg-info/dependency_links.txt\n'}
[2.247121] (interface) StdoutLine: {'line': b'writing top-level names to interface.egg-info/top_level.txt\n'}
[2.247421] (interface) StdoutLine: {'line': b"writing manifest file 'interface.egg-info/SOURCES.txt'\n"}
[2.247572] (livox_ros_driver2) StdoutLine: {'line': b"writing manifest file 'livox_ros_driver2.egg-info/SOURCES.txt'\n"}
[2.248858] (interface) StdoutLine: {'line': b"reading manifest file 'interface.egg-info/SOURCES.txt'\n"}
[2.249050] (livox_ros_driver2) StdoutLine: {'line': b"reading manifest file 'livox_ros_driver2.egg-info/SOURCES.txt'\n"}
[2.249281] (interface) StdoutLine: {'line': b"writing manifest file 'interface.egg-info/SOURCES.txt'\n"}
[2.249495] (livox_ros_driver2) StdoutLine: {'line': b"writing manifest file 'livox_ros_driver2.egg-info/SOURCES.txt'\n"}
[2.296253] (interface) StdoutLine: {'line': b'[  3%] Built target ament_cmake_python_build_interface_egg\n'}
[2.296535] (livox_ros_driver2) StdoutLine: {'line': b'[  5%] Built target ament_cmake_python_build_livox_ros_driver2_egg\n'}
[2.304272] (-) TimerEvent: {}
[2.404660] (-) TimerEvent: {}
[2.440520] (livox_ros_driver2) StdoutLine: {'line': b'[ 10%] \x1b[32mBuilding C object CMakeFiles/livox_ros_driver2__rosidl_generator_c.dir/rosidl_generator_c/livox_ros_driver2/msg/detail/custom_point__functions.c.o\x1b[0m\n'}
[2.440758] (livox_ros_driver2) StdoutLine: {'line': b'[ 10%] \x1b[32mBuilding C object CMakeFiles/livox_ros_driver2__rosidl_generator_c.dir/rosidl_generator_c/livox_ros_driver2/msg/detail/custom_msg__functions.c.o\x1b[0m\n'}
[2.446722] (livox_ros_driver2) StdoutLine: {'line': b'[ 10%] Built target livox_ros_driver2__cpp\n'}
[2.459615] (livox_ros_driver2) StdoutLine: {'line': b'[ 17%] \x1b[34m\x1b[1mGenerating C++ type support dispatch for ROS interfaces\x1b[0m\n'}
[2.459865] (livox_ros_driver2) StdoutLine: {'line': b'[ 17%] \x1b[34m\x1b[1mGenerating C++ introspection for ROS interfaces\x1b[0m\n'}
[2.459957] (livox_ros_driver2) StdoutLine: {'line': b'[ 17%] \x1b[34m\x1b[1mGenerating C++ type support for eProsima Fast-RTPS\x1b[0m\n'}
[2.504792] (-) TimerEvent: {}
[2.505608] (livox_ros_driver2) StdoutLine: {'line': b'[ 20%] \x1b[32m\x1b[1mLinking C shared library liblivox_ros_driver2__rosidl_generator_c.so\x1b[0m\n'}
[2.604460] (interface) StdoutLine: {'line': b'[  6%] \x1b[32mBuilding C object CMakeFiles/interface__rosidl_generator_c.dir/rosidl_generator_c/interface/srv/detail/save_maps__functions.c.o\x1b[0m\n'}
[2.604824] (-) TimerEvent: {}
[2.605047] (interface) StdoutLine: {'line': b'[  6%] \x1b[32mBuilding C object CMakeFiles/interface__rosidl_generator_c.dir/rosidl_generator_c/interface/srv/detail/relocalize__functions.c.o\x1b[0m\n'}
[2.606152] (interface) StdoutLine: {'line': b'[  7%] \x1b[32mBuilding C object CMakeFiles/interface__rosidl_generator_c.dir/rosidl_generator_c/interface/srv/detail/is_valid__functions.c.o\x1b[0m\n'}
[2.607038] (interface) StdoutLine: {'line': b'[  9%] \x1b[32mBuilding C object CMakeFiles/interface__rosidl_generator_c.dir/rosidl_generator_c/interface/srv/detail/refine_map__functions.c.o\x1b[0m\n'}
[2.609082] (interface) StdoutLine: {'line': b'[ 11%] \x1b[32mBuilding C object CMakeFiles/interface__rosidl_generator_c.dir/rosidl_generator_c/interface/srv/detail/save_poses__functions.c.o\x1b[0m\n'}
[2.609442] (livox_ros_driver2) StdoutLine: {'line': b'[ 20%] Built target livox_ros_driver2__rosidl_generator_c\n'}
[2.644289] (livox_ros_driver2) StdoutLine: {'line': b'[ 23%] \x1b[34m\x1b[1mGenerating C introspection for ROS interfaces\x1b[0m\n'}
[2.644724] (livox_ros_driver2) StdoutLine: {'line': b'[ 25%] \x1b[34m\x1b[1mGenerating C type support for eProsima Fast-RTPS\x1b[0m\n'}
[2.644815] (livox_ros_driver2) StdoutLine: {'line': b'[ 28%] \x1b[34m\x1b[1mGenerating C type support dispatch for ROS interfaces\x1b[0m\n'}
[2.667271] (interface) StdoutLine: {'line': b'[ 11%] Built target interface__cpp\n'}
[2.688054] (interface) StdoutLine: {'line': b'[ 12%] \x1b[34m\x1b[1mGenerating C++ type support dispatch for ROS interfaces\x1b[0m\n'}
[2.691129] (interface) StdoutLine: {'line': b'[ 15%] \x1b[34m\x1b[1mGenerating C++ type support for eProsima Fast-RTPS\x1b[0m\n'}
[2.691459] (interface) StdoutLine: {'line': b'[ 15%] \x1b[34m\x1b[1mGenerating C++ introspection for ROS interfaces\x1b[0m\n'}
[2.705111] (-) TimerEvent: {}
[2.727351] (interface) StdoutLine: {'line': b'[ 17%] \x1b[32m\x1b[1mLinking C shared library libinterface__rosidl_generator_c.so\x1b[0m\n'}
[2.788307] (interface) StdoutLine: {'line': b'[ 17%] Built target interface__rosidl_generator_c\n'}
[2.806279] (-) TimerEvent: {}
[2.808721] (interface) StdoutLine: {'line': b'[ 19%] \x1b[34m\x1b[1mGenerating C type support for eProsima Fast-RTPS\x1b[0m\n'}
[2.809079] (interface) StdoutLine: {'line': b'[ 20%] \x1b[34m\x1b[1mGenerating C type support dispatch for ROS interfaces\x1b[0m\n'}
[2.809479] (interface) StdoutLine: {'line': b'[ 22%] \x1b[34m\x1b[1mGenerating C introspection for ROS interfaces\x1b[0m\n'}
[2.906400] (-) TimerEvent: {}
[3.006800] (-) TimerEvent: {}
[3.028871] (livox_ros_driver2) StdoutLine: {'line': b'[ 33%] \x1b[32mBuilding CXX object CMakeFiles/livox_ros_driver2__rosidl_typesupport_cpp.dir/rosidl_typesupport_cpp/livox_ros_driver2/msg/custom_msg__type_support.cpp.o\x1b[0m\n'}
[3.029237] (livox_ros_driver2) StdoutLine: {'line': b'[ 33%] \x1b[32mBuilding CXX object CMakeFiles/livox_ros_driver2__rosidl_typesupport_cpp.dir/rosidl_typesupport_cpp/livox_ros_driver2/msg/custom_point__type_support.cpp.o\x1b[0m\n'}
[3.063597] (livox_ros_driver2) StdoutLine: {'line': b'[ 35%] \x1b[32mBuilding CXX object CMakeFiles/livox_ros_driver2__rosidl_typesupport_introspection_cpp.dir/rosidl_typesupport_introspection_cpp/livox_ros_driver2/msg/detail/custom_msg__type_support.cpp.o\x1b[0m\n'}
[3.064903] (livox_ros_driver2) StdoutLine: {'line': b'[ 38%] \x1b[32mBuilding CXX object CMakeFiles/livox_ros_driver2__rosidl_typesupport_introspection_cpp.dir/rosidl_typesupport_introspection_cpp/livox_ros_driver2/msg/detail/custom_point__type_support.cpp.o\x1b[0m\n'}
[3.106938] (-) TimerEvent: {}
[3.207331] (-) TimerEvent: {}
[3.220295] (livox_ros_driver2) StdoutLine: {'line': b'[ 43%] \x1b[32mBuilding CXX object CMakeFiles/livox_ros_driver2__rosidl_typesupport_fastrtps_cpp.dir/rosidl_typesupport_fastrtps_cpp/livox_ros_driver2/msg/detail/dds_fastrtps/custom_msg__type_support.cpp.o\x1b[0m\n'}
[3.221716] (livox_ros_driver2) StdoutLine: {'line': b'[ 43%] \x1b[32mBuilding CXX object CMakeFiles/livox_ros_driver2__rosidl_typesupport_fastrtps_cpp.dir/rosidl_typesupport_fastrtps_cpp/livox_ros_driver2/msg/detail/dds_fastrtps/custom_point__type_support.cpp.o\x1b[0m\n'}
[3.233389] (interface) StdoutLine: {'line': b'[ 23%] \x1b[32mBuilding CXX object CMakeFiles/interface__rosidl_typesupport_cpp.dir/rosidl_typesupport_cpp/interface/srv/refine_map__type_support.cpp.o\x1b[0m\n'}
[3.233758] (interface) StdoutLine: {'line': b'[ 25%] \x1b[32mBuilding CXX object CMakeFiles/interface__rosidl_typesupport_cpp.dir/rosidl_typesupport_cpp/interface/srv/is_valid__type_support.cpp.o\x1b[0m\n'}
[3.233885] (interface) StdoutLine: {'line': b'[ 26%] \x1b[32mBuilding CXX object CMakeFiles/interface__rosidl_typesupport_cpp.dir/rosidl_typesupport_cpp/interface/srv/save_maps__type_support.cpp.o\x1b[0m\n'}
[3.245912] (interface) StdoutLine: {'line': b'[ 28%] \x1b[32mBuilding CXX object CMakeFiles/interface__rosidl_typesupport_cpp.dir/rosidl_typesupport_cpp/interface/srv/save_poses__type_support.cpp.o\x1b[0m\n'}
[3.253299] (interface) StdoutLine: {'line': b'[ 30%] \x1b[32mBuilding CXX object CMakeFiles/interface__rosidl_typesupport_cpp.dir/rosidl_typesupport_cpp/interface/srv/relocalize__type_support.cpp.o\x1b[0m\n'}
[3.307474] (-) TimerEvent: {}
[3.407977] (-) TimerEvent: {}
[3.434262] (livox_ros_driver2) StdoutLine: {'line': b'[ 46%] \x1b[32mBuilding CXX object CMakeFiles/livox_ros_driver2__rosidl_typesupport_fastrtps_c.dir/rosidl_typesupport_fastrtps_c/livox_ros_driver2/msg/detail/custom_msg__type_support_c.cpp.o\x1b[0m\n'}
[3.446585] (livox_ros_driver2) StdoutLine: {'line': b'[ 48%] \x1b[32mBuilding CXX object CMakeFiles/livox_ros_driver2__rosidl_typesupport_fastrtps_c.dir/rosidl_typesupport_fastrtps_c/livox_ros_driver2/msg/detail/custom_point__type_support_c.cpp.o\x1b[0m\n'}
[3.508168] (-) TimerEvent: {}
[3.566275] (livox_ros_driver2) StdoutLine: {'line': b'[ 51%] \x1b[32m\x1b[1mLinking CXX shared library liblivox_ros_driver2__rosidl_typesupport_cpp.so\x1b[0m\n'}
[3.612305] (-) TimerEvent: {}
[3.619813] (livox_ros_driver2) StdoutLine: {'line': b'[ 53%] \x1b[32mBuilding C object CMakeFiles/livox_ros_driver2__rosidl_typesupport_introspection_c.dir/rosidl_typesupport_introspection_c/livox_ros_driver2/msg/detail/custom_point__type_support.c.o\x1b[0m\n'}
[3.622050] (livox_ros_driver2) StdoutLine: {'line': b'[ 56%] \x1b[32mBuilding C object CMakeFiles/livox_ros_driver2__rosidl_typesupport_introspection_c.dir/rosidl_typesupport_introspection_c/livox_ros_driver2/msg/detail/custom_msg__type_support.c.o\x1b[0m\n'}
[3.679308] (livox_ros_driver2) StdoutLine: {'line': b'[ 58%] \x1b[32mBuilding CXX object CMakeFiles/livox_ros_driver2__rosidl_typesupport_c.dir/rosidl_typesupport_c/livox_ros_driver2/msg/custom_msg__type_support.cpp.o\x1b[0m\n'}
[3.682520] (livox_ros_driver2) StdoutLine: {'line': b'[ 61%] \x1b[32mBuilding CXX object CMakeFiles/livox_ros_driver2__rosidl_typesupport_c.dir/rosidl_typesupport_c/livox_ros_driver2/msg/custom_point__type_support.cpp.o\x1b[0m\n'}
[3.712717] (-) TimerEvent: {}
[3.725949] (interface) StdoutLine: {'line': b'[ 31%] \x1b[32mBuilding CXX object CMakeFiles/interface__rosidl_typesupport_c.dir/rosidl_typesupport_c/interface/srv/relocalize__type_support.cpp.o\x1b[0m\n'}
[3.732360] (interface) StdoutLine: {'line': b'[ 33%] \x1b[32mBuilding CXX object CMakeFiles/interface__rosidl_typesupport_c.dir/rosidl_typesupport_c/interface/srv/save_maps__type_support.cpp.o\x1b[0m\n'}
[3.739304] (interface) StdoutLine: {'line': b'[ 34%] \x1b[32mBuilding CXX object CMakeFiles/interface__rosidl_typesupport_c.dir/rosidl_typesupport_c/interface/srv/save_poses__type_support.cpp.o\x1b[0m\n'}
[3.744398] (interface) StdoutLine: {'line': b'[ 38%] \x1b[32mBuilding CXX object CMakeFiles/interface__rosidl_typesupport_c.dir/rosidl_typesupport_c/interface/srv/is_valid__type_support.cpp.o\x1b[0m\n'}
[3.744963] (interface) StdoutLine: {'line': b'[ 38%] \x1b[32mBuilding CXX object CMakeFiles/interface__rosidl_typesupport_c.dir/rosidl_typesupport_c/interface/srv/refine_map__type_support.cpp.o\x1b[0m\n'}
[3.765466] (livox_ros_driver2) StdoutLine: {'line': b'[ 61%] Built target livox_ros_driver2__rosidl_typesupport_cpp\n'}
[3.782295] (livox_ros_driver2) StdoutLine: {'line': b'[ 64%] \x1b[32m\x1b[1mLinking C shared library liblivox_ros_driver2__rosidl_typesupport_introspection_c.so\x1b[0m\n'}
[3.812908] (-) TimerEvent: {}
[3.826985] (livox_ros_driver2) StdoutLine: {'line': b'[ 66%] \x1b[32m\x1b[1mLinking CXX shared library liblivox_ros_driver2__rosidl_typesupport_c.so\x1b[0m\n'}
[3.880708] (interface) StdoutLine: {'line': b'[ 39%] \x1b[32m\x1b[1mLinking CXX shared library libinterface__rosidl_typesupport_c.so\x1b[0m\n'}
[3.913213] (-) TimerEvent: {}
[3.952704] (livox_ros_driver2) StdoutLine: {'line': b'[ 66%] Built target livox_ros_driver2__rosidl_typesupport_introspection_c\n'}
[3.953409] (interface) StdoutLine: {'line': b'[ 41%] \x1b[32mBuilding C object CMakeFiles/interface__rosidl_typesupport_introspection_c.dir/rosidl_typesupport_introspection_c/interface/srv/detail/save_maps__type_support.c.o\x1b[0m\n'}
[3.970299] (interface) StdoutLine: {'line': b'[ 42%] \x1b[32mBuilding C object CMakeFiles/interface__rosidl_typesupport_introspection_c.dir/rosidl_typesupport_introspection_c/interface/srv/detail/relocalize__type_support.c.o\x1b[0m\n'}
[3.975998] (livox_ros_driver2) StdoutLine: {'line': b'[ 66%] Built target livox_ros_driver2__rosidl_typesupport_c\n'}
[3.979154] (interface) StdoutLine: {'line': b'[ 44%] \x1b[32mBuilding C object CMakeFiles/interface__rosidl_typesupport_introspection_c.dir/rosidl_typesupport_introspection_c/interface/srv/detail/is_valid__type_support.c.o\x1b[0m\n'}
[3.979406] (interface) StdoutLine: {'line': b'[ 46%] \x1b[32mBuilding C object CMakeFiles/interface__rosidl_typesupport_introspection_c.dir/rosidl_typesupport_introspection_c/interface/srv/detail/refine_map__type_support.c.o\x1b[0m\n'}
[3.980016] (interface) StdoutLine: {'line': b'[ 47%] \x1b[32mBuilding C object CMakeFiles/interface__rosidl_typesupport_introspection_c.dir/rosidl_typesupport_introspection_c/interface/srv/detail/save_poses__type_support.c.o\x1b[0m\n'}
[4.000440] (interface) StdoutLine: {'line': b'[ 49%] \x1b[32mBuilding CXX object CMakeFiles/interface__rosidl_typesupport_introspection_cpp.dir/rosidl_typesupport_introspection_cpp/interface/srv/detail/save_maps__type_support.cpp.o\x1b[0m\n'}
[4.003494] (interface) StdoutLine: {'line': b'[ 50%] \x1b[32mBuilding CXX object CMakeFiles/interface__rosidl_typesupport_introspection_cpp.dir/rosidl_typesupport_introspection_cpp/interface/srv/detail/is_valid__type_support.cpp.o\x1b[0m\n'}
[4.007636] (interface) StdoutLine: {'line': b'[ 52%] \x1b[32mBuilding CXX object CMakeFiles/interface__rosidl_typesupport_introspection_cpp.dir/rosidl_typesupport_introspection_cpp/interface/srv/detail/relocalize__type_support.cpp.o\x1b[0m\n'}
[4.013333] (-) TimerEvent: {}
[4.014278] (interface) StdoutLine: {'line': b'[ 53%] \x1b[32mBuilding CXX object CMakeFiles/interface__rosidl_typesupport_fastrtps_cpp.dir/rosidl_typesupport_fastrtps_cpp/interface/srv/detail/dds_fastrtps/relocalize__type_support.cpp.o\x1b[0m\n'}
[4.017201] (interface) StdoutLine: {'line': b'[ 55%] \x1b[32mBuilding CXX object CMakeFiles/interface__rosidl_typesupport_fastrtps_cpp.dir/rosidl_typesupport_fastrtps_cpp/interface/srv/detail/dds_fastrtps/save_maps__type_support.cpp.o\x1b[0m\n'}
[4.018885] (interface) StdoutLine: {'line': b'[ 57%] \x1b[32mBuilding CXX object CMakeFiles/interface__rosidl_typesupport_fastrtps_cpp.dir/rosidl_typesupport_fastrtps_cpp/interface/srv/detail/dds_fastrtps/is_valid__type_support.cpp.o\x1b[0m\n'}
[4.019370] (interface) StdoutLine: {'line': b'[ 58%] \x1b[32mBuilding CXX object CMakeFiles/interface__rosidl_typesupport_introspection_cpp.dir/rosidl_typesupport_introspection_cpp/interface/srv/detail/refine_map__type_support.cpp.o\x1b[0m\n'}
[4.019579] (interface) StdoutLine: {'line': b'[ 60%] \x1b[32mBuilding CXX object CMakeFiles/interface__rosidl_typesupport_introspection_cpp.dir/rosidl_typesupport_introspection_cpp/interface/srv/detail/save_poses__type_support.cpp.o\x1b[0m\n'}
[4.023396] (interface) StdoutLine: {'line': b'[ 60%] Built target interface__rosidl_typesupport_c\n'}
[4.026630] (interface) StdoutLine: {'line': b'[ 61%] \x1b[32m\x1b[1mLinking CXX shared library libinterface__rosidl_typesupport_cpp.so\x1b[0m\n'}
[4.040477] (interface) StdoutLine: {'line': b'[ 63%] \x1b[32mBuilding CXX object CMakeFiles/interface__rosidl_typesupport_fastrtps_c.dir/rosidl_typesupport_fastrtps_c/interface/srv/detail/save_maps__type_support_c.cpp.o\x1b[0m\n'}
[4.054100] (interface) StdoutLine: {'line': b'[ 65%] \x1b[32mBuilding CXX object CMakeFiles/interface__rosidl_typesupport_fastrtps_c.dir/rosidl_typesupport_fastrtps_c/interface/srv/detail/relocalize__type_support_c.cpp.o\x1b[0m\n'}
[4.067126] (interface) StdoutLine: {'line': b'[ 66%] \x1b[32mBuilding CXX object CMakeFiles/interface__rosidl_typesupport_fastrtps_cpp.dir/rosidl_typesupport_fastrtps_cpp/interface/srv/detail/dds_fastrtps/refine_map__type_support.cpp.o\x1b[0m\n'}
[4.080540] (interface) StdoutLine: {'line': b'[ 68%] \x1b[32mBuilding CXX object CMakeFiles/interface__rosidl_typesupport_fastrtps_c.dir/rosidl_typesupport_fastrtps_c/interface/srv/detail/refine_map__type_support_c.cpp.o\x1b[0m\n'}
[4.080922] (interface) StdoutLine: {'line': b'[ 69%] \x1b[32mBuilding CXX object CMakeFiles/interface__rosidl_typesupport_fastrtps_c.dir/rosidl_typesupport_fastrtps_c/interface/srv/detail/is_valid__type_support_c.cpp.o\x1b[0m\n'}
[4.081026] (interface) StdoutLine: {'line': b'[ 71%] \x1b[32mBuilding CXX object CMakeFiles/interface__rosidl_typesupport_fastrtps_cpp.dir/rosidl_typesupport_fastrtps_cpp/interface/srv/detail/dds_fastrtps/save_poses__type_support.cpp.o\x1b[0m\n'}
[4.087308] (interface) StdoutLine: {'line': b'[ 73%] \x1b[32m\x1b[1mLinking C shared library libinterface__rosidl_typesupport_introspection_c.so\x1b[0m\n'}
[4.109499] (livox_ros_driver2) StdoutLine: {'line': b'[ 69%] \x1b[32m\x1b[1mLinking CXX shared library liblivox_ros_driver2__rosidl_typesupport_introspection_cpp.so\x1b[0m\n'}
[4.113510] (-) TimerEvent: {}
[4.214073] (-) TimerEvent: {}
[4.218591] (interface) StdoutLine: {'line': b'[ 73%] Built target interface__rosidl_typesupport_cpp\n'}
[4.238454] (interface) StdoutLine: {'line': b'[ 73%] Built target interface__rosidl_typesupport_introspection_c\n'}
[4.267564] (interface) StdoutLine: {'line': b'[ 74%] \x1b[32mBuilding CXX object CMakeFiles/interface__rosidl_typesupport_fastrtps_c.dir/rosidl_typesupport_fastrtps_c/interface/srv/detail/save_poses__type_support_c.cpp.o\x1b[0m\n'}
[4.314269] (-) TimerEvent: {}
[4.355035] (livox_ros_driver2) StdoutLine: {'line': b'[ 71%] \x1b[32m\x1b[1mLinking CXX shared library liblivox_ros_driver2__rosidl_typesupport_fastrtps_c.so\x1b[0m\n'}
[4.414431] (-) TimerEvent: {}
[4.419242] (livox_ros_driver2) StdoutLine: {'line': b'[ 74%] \x1b[32m\x1b[1mLinking CXX shared library liblivox_ros_driver2__rosidl_typesupport_fastrtps_cpp.so\x1b[0m\n'}
[4.463496] (livox_ros_driver2) StdoutLine: {'line': b'[ 74%] Built target livox_ros_driver2__rosidl_typesupport_introspection_cpp\n'}
[4.514644] (-) TimerEvent: {}
[4.615390] (-) TimerEvent: {}
[4.698278] (livox_ros_driver2) StdoutLine: {'line': b'[ 74%] Built target livox_ros_driver2__rosidl_typesupport_fastrtps_c\n'}
[4.718344] (-) TimerEvent: {}
[4.751316] (livox_ros_driver2) StdoutLine: {'line': b'[ 74%] Built target livox_ros_driver2__rosidl_typesupport_fastrtps_cpp\n'}
[4.805142] (livox_ros_driver2) StdoutLine: {'line': b'[ 74%] Built target livox_ros_driver2\n'}
[4.818578] (-) TimerEvent: {}
[4.862905] (livox_ros_driver2) StdoutLine: {'line': b'[ 76%] \x1b[34m\x1b[1mGenerating Python code for ROS interfaces\x1b[0m\n'}
[4.918675] (-) TimerEvent: {}
[4.939460] (interface) StdoutLine: {'line': b'[ 76%] \x1b[32m\x1b[1mLinking CXX shared library libinterface__rosidl_typesupport_introspection_cpp.so\x1b[0m\n'}
[4.979083] (interface) StdoutLine: {'line': b'[ 77%] \x1b[32m\x1b[1mLinking CXX shared library libinterface__rosidl_typesupport_fastrtps_c.so\x1b[0m\n'}
[5.000021] (interface) StdoutLine: {'line': b'[ 79%] \x1b[32m\x1b[1mLinking CXX shared library libinterface__rosidl_typesupport_fastrtps_cpp.so\x1b[0m\n'}
[5.018836] (-) TimerEvent: {}
[5.030648] (interface) StdoutLine: {'line': b'[ 79%] Built target interface__rosidl_typesupport_introspection_cpp\n'}
[5.097935] (interface) StdoutLine: {'line': b'[ 79%] Built target interface__rosidl_typesupport_fastrtps_c\n'}
[5.110424] (interface) StdoutLine: {'line': b'[ 79%] Built target interface__rosidl_typesupport_fastrtps_cpp\n'}
[5.118925] (-) TimerEvent: {}
[5.142819] (interface) StdoutLine: {'line': b'[ 79%] Built target interface\n'}
[5.175392] (interface) StdoutLine: {'line': b'[ 80%] \x1b[34m\x1b[1mGenerating Python code for ROS interfaces\x1b[0m\n'}
[5.219061] (-) TimerEvent: {}
[5.319426] (-) TimerEvent: {}
[5.419999] (-) TimerEvent: {}
[5.466554] (livox_ros_driver2) StdoutLine: {'line': b'[ 76%] Built target livox_ros_driver2__py\n'}
[5.489489] (livox_ros_driver2) StdoutLine: {'line': b'[ 82%] \x1b[32mBuilding C object CMakeFiles/livox_ros_driver2__rosidl_generator_py.dir/rosidl_generator_py/livox_ros_driver2/msg/_custom_point_s.c.o\x1b[0m\n'}
[5.489722] (livox_ros_driver2) StdoutLine: {'line': b'[ 82%] \x1b[32mBuilding C object CMakeFiles/livox_ros_driver2__rosidl_generator_py.dir/rosidl_generator_py/livox_ros_driver2/msg/_custom_msg_s.c.o\x1b[0m\n'}
[5.520129] (-) TimerEvent: {}
[5.599754] (livox_ros_driver2) StdoutLine: {'line': b'[ 84%] \x1b[32m\x1b[1mLinking C shared library rosidl_generator_py/livox_ros_driver2/liblivox_ros_driver2__rosidl_generator_py.so\x1b[0m\n'}
[5.620266] (-) TimerEvent: {}
[5.647895] (livox_ros_driver2) StdoutLine: {'line': b'[ 84%] Built target livox_ros_driver2__rosidl_generator_py\n'}
[5.671844] (livox_ros_driver2) StdoutLine: {'line': b'[ 87%] \x1b[32mBuilding C object CMakeFiles/livox_ros_driver2__rosidl_typesupport_introspection_c__pyext.dir/rosidl_generator_py/livox_ros_driver2/_livox_ros_driver2_s.ep.rosidl_typesupport_introspection_c.c.o\x1b[0m\n'}
[5.679387] (livox_ros_driver2) StdoutLine: {'line': b'[ 89%] \x1b[32mBuilding C object CMakeFiles/livox_ros_driver2__rosidl_typesupport_c__pyext.dir/rosidl_generator_py/livox_ros_driver2/_livox_ros_driver2_s.ep.rosidl_typesupport_c.c.o\x1b[0m\n'}
[5.682340] (livox_ros_driver2) StdoutLine: {'line': b'[ 92%] \x1b[32mBuilding C object CMakeFiles/livox_ros_driver2__rosidl_typesupport_fastrtps_c__pyext.dir/rosidl_generator_py/livox_ros_driver2/_livox_ros_driver2_s.ep.rosidl_typesupport_fastrtps_c.c.o\x1b[0m\n'}
[5.720388] (-) TimerEvent: {}
[5.778875] (livox_ros_driver2) StdoutLine: {'line': b'[ 94%] \x1b[32m\x1b[1mLinking C shared library rosidl_generator_py/livox_ros_driver2/livox_ros_driver2_s__rosidl_typesupport_introspection_c.cpython-310-x86_64-linux-gnu.so\x1b[0m\n'}
[5.791649] (livox_ros_driver2) StdoutLine: {'line': b'[ 97%] \x1b[32m\x1b[1mLinking C shared library rosidl_generator_py/livox_ros_driver2/livox_ros_driver2_s__rosidl_typesupport_c.cpython-310-x86_64-linux-gnu.so\x1b[0m\n'}
[5.792081] (livox_ros_driver2) StdoutLine: {'line': b'[100%] \x1b[32m\x1b[1mLinking C shared library rosidl_generator_py/livox_ros_driver2/livox_ros_driver2_s__rosidl_typesupport_fastrtps_c.cpython-310-x86_64-linux-gnu.so\x1b[0m\n'}
[5.820532] (-) TimerEvent: {}
[5.820838] (livox_ros_driver2) StdoutLine: {'line': b'[100%] Built target livox_ros_driver2__rosidl_typesupport_introspection_c__pyext\n'}
[5.840209] (livox_ros_driver2) StdoutLine: {'line': b'[100%] Built target livox_ros_driver2__rosidl_typesupport_fastrtps_c__pyext\n'}
[5.840454] (livox_ros_driver2) StdoutLine: {'line': b'[100%] Built target livox_ros_driver2__rosidl_typesupport_c__pyext\n'}
[5.854380] (livox_ros_driver2) CommandEnded: {'returncode': 0}
[5.855514] (livox_ros_driver2) JobProgress: {'identifier': 'livox_ros_driver2', 'progress': 'install'}
[5.865570] (livox_ros_driver2) Command: {'cmd': ['/usr/bin/cmake', '--install', '/home/haiboliu/project/vln/localization/src/fastlio2/build/livox_ros_driver2'], 'cwd': '/home/haiboliu/project/vln/localization/src/fastlio2/build/livox_ros_driver2', 'env': OrderedDict([('LESSOPEN', '| /usr/bin/lesspipe %s'), ('USER', 'haiboliu'), ('LC_TIME', 'zh_CN.UTF-8'), ('XDG_SESSION_TYPE', 'wayland'), ('SHLVL', '1'), ('LD_LIBRARY_PATH', '/opt/ros/humble/opt/rviz_ogre_vendor/lib:/opt/ros/humble/lib/x86_64-linux-gnu:/opt/ros/humble/lib'), ('HOME', '/home/haiboliu'), ('OLDPWD', '/home/haiboliu/project/vln/localization/src'), ('DESKTOP_SESSION', 'ubuntu'), ('ROS_PYTHON_VERSION', '3'), ('GNOME_SHELL_SESSION_MODE', 'ubuntu'), ('GTK_MODULES', 'gail:atk-bridge'), ('LC_MONETARY', 'zh_CN.UTF-8'), ('SYSTEMD_EXEC_PID', '1818'), ('DBUS_SESSION_BUS_ADDRESS', 'unix:path=/run/user/1001/bus'), ('COLORTERM', 'truecolor'), ('IM_CONFIG_PHASE', '1'), ('WAYLAND_DISPLAY', 'wayland-0'), ('ROS_DISTRO', 'humble'), ('LOGNAME', 'haiboliu'), ('_', '/usr/bin/colcon'), ('ROS_VERSION', '2'), ('XDG_SESSION_CLASS', 'user'), ('USERNAME', 'haiboliu'), ('TERM', 'xterm-256color'), ('GNOME_DESKTOP_SESSION_ID', 'this-is-deprecated'), ('ROS_LOCALHOST_ONLY', '0'), ('PATH', '/opt/ros/humble/bin:/usr/local/sbin:/usr/local/bin:/usr/sbin:/usr/bin:/sbin:/bin:/usr/games:/usr/local/games:/snap/bin:/snap/bin'), ('SESSION_MANAGER', 'local/CNBEDZPL210029:@/tmp/.ICE-unix/1790,unix/CNBEDZPL210029:/tmp/.ICE-unix/1790'), ('XDG_MENU_PREFIX', 'gnome-'), ('LC_ADDRESS', 'zh_CN.UTF-8'), ('GNOME_TERMINAL_SCREEN', '/org/gnome/Terminal/screen/f317baec_4654_4e46_9450_13a654dfa23f'), ('GNOME_SETUP_DISPLAY', ':1'), ('XDG_RUNTIME_DIR', '/run/user/1001'), ('DISPLAY', ':0'), ('LANG', 'en_US.UTF-8'), ('XDG_CURRENT_DESKTOP', 'ubuntu:GNOME'), ('LC_TELEPHONE', 'zh_CN.UTF-8'), ('XMODIFIERS', '@im=ibus'), ('XDG_SESSION_DESKTOP', 'ubuntu'), ('XAUTHORITY', '/run/user/1001/.mutter-Xwaylandauth.SZOGC3'), ('LS_COLORS', 'rs=0:di=01;34:ln=01;36:mh=00:pi=40;33:so=01;35:do=01;35:bd=40;33;01:cd=40;33;01:or=40;31;01:mi=00:su=37;41:sg=30;43:ca=30;41:tw=30;42:ow=34;42:st=37;44:ex=01;32:*.tar=01;31:*.tgz=01;31:*.arc=01;31:*.arj=01;31:*.taz=01;31:*.lha=01;31:*.lz4=01;31:*.lzh=01;31:*.lzma=01;31:*.tlz=01;31:*.txz=01;31:*.tzo=01;31:*.t7z=01;31:*.zip=01;31:*.z=01;31:*.dz=01;31:*.gz=01;31:*.lrz=01;31:*.lz=01;31:*.lzo=01;31:*.xz=01;31:*.zst=01;31:*.tzst=01;31:*.bz2=01;31:*.bz=01;31:*.tbz=01;31:*.tbz2=01;31:*.tz=01;31:*.deb=01;31:*.rpm=01;31:*.jar=01;31:*.war=01;31:*.ear=01;31:*.sar=01;31:*.rar=01;31:*.alz=01;31:*.ace=01;31:*.zoo=01;31:*.cpio=01;31:*.7z=01;31:*.rz=01;31:*.cab=01;31:*.wim=01;31:*.swm=01;31:*.dwm=01;31:*.esd=01;31:*.jpg=01;35:*.jpeg=01;35:*.mjpg=01;35:*.mjpeg=01;35:*.gif=01;35:*.bmp=01;35:*.pbm=01;35:*.pgm=01;35:*.ppm=01;35:*.tga=01;35:*.xbm=01;35:*.xpm=01;35:*.tif=01;35:*.tiff=01;35:*.png=01;35:*.svg=01;35:*.svgz=01;35:*.mng=01;35:*.pcx=01;35:*.mov=01;35:*.mpg=01;35:*.mpeg=01;35:*.m2v=01;35:*.mkv=01;35:*.webm=01;35:*.webp=01;35:*.ogm=01;35:*.mp4=01;35:*.m4v=01;35:*.mp4v=01;35:*.vob=01;35:*.qt=01;35:*.nuv=01;35:*.wmv=01;35:*.asf=01;35:*.rm=01;35:*.rmvb=01;35:*.flc=01;35:*.avi=01;35:*.fli=01;35:*.flv=01;35:*.gl=01;35:*.dl=01;35:*.xcf=01;35:*.xwd=01;35:*.yuv=01;35:*.cgm=01;35:*.emf=01;35:*.ogv=01;35:*.ogx=01;35:*.aac=00;36:*.au=00;36:*.flac=00;36:*.m4a=00;36:*.mid=00;36:*.midi=00;36:*.mka=00;36:*.mp3=00;36:*.mpc=00;36:*.ogg=00;36:*.ra=00;36:*.wav=00;36:*.oga=00;36:*.opus=00;36:*.spx=00;36:*.xspf=00;36:'), ('GNOME_TERMINAL_SERVICE', ':1.283'), ('SSH_AGENT_LAUNCHER', 'gnome-keyring'), ('SSH_AUTH_SOCK', '/run/user/1001/keyring/ssh'), ('AMENT_PREFIX_PATH', '/opt/ros/humble'), ('SHELL', '/bin/bash'), ('LC_NAME', 'zh_CN.UTF-8'), ('QT_ACCESSIBILITY', '1'), ('GDMSESSION', 'ubuntu'), ('LESSCLOSE', '/usr/bin/lesspipe %s %s'), ('LC_MEASUREMENT', 'zh_CN.UTF-8'), ('LC_IDENTIFICATION', 'zh_CN.UTF-8'), ('QT_IM_MODULE', 'ibus'), ('PWD', '/home/haiboliu/project/vln/localization/src/fastlio2/build/livox_ros_driver2'), ('XDG_CONFIG_DIRS', '/etc/xdg/xdg-ubuntu:/etc/xdg'), ('XDG_DATA_DIRS', '/usr/share/ubuntu:/usr/local/share/:/usr/share/:/var/lib/snapd/desktop'), ('PYTHONPATH', '/opt/ros/humble/lib/python3.10/site-packages:/opt/ros/humble/local/lib/python3.10/dist-packages'), ('LC_NUMERIC', 'zh_CN.UTF-8'), ('LC_PAPER', 'zh_CN.UTF-8'), ('COLCON', '1'), ('VTE_VERSION', '6800'), ('CMAKE_PREFIX_PATH', '/opt/ros/humble')]), 'shell': False}
[5.873209] (livox_ros_driver2) StdoutLine: {'line': b'-- Install configuration: ""\n'}
[5.873486] (livox_ros_driver2) StdoutLine: {'line': b'-- Installing: /home/haiboliu/project/vln/localization/src/fastlio2/install/livox_ros_driver2/share/ament_index/resource_index/rosidl_interfaces/livox_ros_driver2\n'}
[5.873644] (livox_ros_driver2) StdoutLine: {'line': b'-- Installing: /home/haiboliu/project/vln/localization/src/fastlio2/install/livox_ros_driver2/include/livox_ros_driver2/livox_ros_driver2\n'}
[5.873806] (livox_ros_driver2) StdoutLine: {'line': b'-- Installing: /home/haiboliu/project/vln/localization/src/fastlio2/install/livox_ros_driver2/include/livox_ros_driver2/livox_ros_driver2/msg\n'}
[5.873914] (livox_ros_driver2) StdoutLine: {'line': b'-- Installing: /home/haiboliu/project/vln/localization/src/fastlio2/install/livox_ros_driver2/include/livox_ros_driver2/livox_ros_driver2/msg/custom_msg.h\n'}
[5.874052] (livox_ros_driver2) StdoutLine: {'line': b'-- Installing: /home/haiboliu/project/vln/localization/src/fastlio2/install/livox_ros_driver2/include/livox_ros_driver2/livox_ros_driver2/msg/rosidl_generator_c__visibility_control.h\n'}
[5.874195] (livox_ros_driver2) StdoutLine: {'line': b'-- Installing: /home/haiboliu/project/vln/localization/src/fastlio2/install/livox_ros_driver2/include/livox_ros_driver2/livox_ros_driver2/msg/detail\n'}
[5.874344] (livox_ros_driver2) StdoutLine: {'line': b'-- Installing: /home/haiboliu/project/vln/localization/src/fastlio2/install/livox_ros_driver2/include/livox_ros_driver2/livox_ros_driver2/msg/detail/custom_msg__functions.c\n'}
[5.874448] (livox_ros_driver2) StdoutLine: {'line': b'-- Installing: /home/haiboliu/project/vln/localization/src/fastlio2/install/livox_ros_driver2/include/livox_ros_driver2/livox_ros_driver2/msg/detail/custom_msg__functions.h\n'}
[5.874530] (livox_ros_driver2) StdoutLine: {'line': b'-- Installing: /home/haiboliu/project/vln/localization/src/fastlio2/install/livox_ros_driver2/include/livox_ros_driver2/livox_ros_driver2/msg/detail/custom_point__functions.h\n'}
[5.874596] (livox_ros_driver2) StdoutLine: {'line': b'-- Installing: /home/haiboliu/project/vln/localization/src/fastlio2/install/livox_ros_driver2/include/livox_ros_driver2/livox_ros_driver2/msg/detail/custom_point__type_support.h\n'}
[5.874681] (livox_ros_driver2) StdoutLine: {'line': b'-- Installing: /home/haiboliu/project/vln/localization/src/fastlio2/install/livox_ros_driver2/include/livox_ros_driver2/livox_ros_driver2/msg/detail/custom_point__functions.c\n'}
[5.874818] (livox_ros_driver2) StdoutLine: {'line': b'-- Installing: /home/haiboliu/project/vln/localization/src/fastlio2/install/livox_ros_driver2/include/livox_ros_driver2/livox_ros_driver2/msg/detail/custom_point__struct.h\n'}
[5.874957] (livox_ros_driver2) StdoutLine: {'line': b'-- Installing: /home/haiboliu/project/vln/localization/src/fastlio2/install/livox_ros_driver2/include/livox_ros_driver2/livox_ros_driver2/msg/detail/custom_msg__struct.h\n'}
[5.875085] (livox_ros_driver2) StdoutLine: {'line': b'-- Installing: /home/haiboliu/project/vln/localization/src/fastlio2/install/livox_ros_driver2/include/livox_ros_driver2/livox_ros_driver2/msg/detail/custom_msg__type_support.h\n'}
[5.875228] (livox_ros_driver2) StdoutLine: {'line': b'-- Installing: /home/haiboliu/project/vln/localization/src/fastlio2/install/livox_ros_driver2/include/livox_ros_driver2/livox_ros_driver2/msg/custom_point.h\n'}
[5.875465] (livox_ros_driver2) StdoutLine: {'line': b'-- Installing: /home/haiboliu/project/vln/localization/src/fastlio2/install/livox_ros_driver2/share/livox_ros_driver2/environment/library_path.sh\n'}
[5.875617] (livox_ros_driver2) StdoutLine: {'line': b'-- Installing: /home/haiboliu/project/vln/localization/src/fastlio2/install/livox_ros_driver2/share/livox_ros_driver2/environment/library_path.dsv\n'}
[5.875832] (livox_ros_driver2) StdoutLine: {'line': b'-- Installing: /home/haiboliu/project/vln/localization/src/fastlio2/install/livox_ros_driver2/lib/liblivox_ros_driver2__rosidl_generator_c.so\n'}
[5.876258] (livox_ros_driver2) StdoutLine: {'line': b'-- Set runtime path of "/home/haiboliu/project/vln/localization/src/fastlio2/install/livox_ros_driver2/lib/liblivox_ros_driver2__rosidl_generator_c.so" to ""\n'}
[5.876342] (livox_ros_driver2) StdoutLine: {'line': b'-- Up-to-date: /home/haiboliu/project/vln/localization/src/fastlio2/install/livox_ros_driver2/include/livox_ros_driver2/livox_ros_driver2\n'}
[5.876421] (livox_ros_driver2) StdoutLine: {'line': b'-- Up-to-date: /home/haiboliu/project/vln/localization/src/fastlio2/install/livox_ros_driver2/include/livox_ros_driver2/livox_ros_driver2/msg\n'}
[5.876474] (livox_ros_driver2) StdoutLine: {'line': b'-- Installing: /home/haiboliu/project/vln/localization/src/fastlio2/install/livox_ros_driver2/include/livox_ros_driver2/livox_ros_driver2/msg/rosidl_typesupport_fastrtps_c__visibility_control.h\n'}
[5.876547] (livox_ros_driver2) StdoutLine: {'line': b'-- Up-to-date: /home/haiboliu/project/vln/localization/src/fastlio2/install/livox_ros_driver2/include/livox_ros_driver2/livox_ros_driver2/msg/detail\n'}
[5.876625] (livox_ros_driver2) StdoutLine: {'line': b'-- Installing: /home/haiboliu/project/vln/localization/src/fastlio2/install/livox_ros_driver2/include/livox_ros_driver2/livox_ros_driver2/msg/detail/custom_msg__rosidl_typesupport_fastrtps_c.h\n'}
[5.876720] (livox_ros_driver2) StdoutLine: {'line': b'-- Installing: /home/haiboliu/project/vln/localization/src/fastlio2/install/livox_ros_driver2/include/livox_ros_driver2/livox_ros_driver2/msg/detail/custom_point__rosidl_typesupport_fastrtps_c.h\n'}
[5.876888] (livox_ros_driver2) StdoutLine: {'line': b'-- Installing: /home/haiboliu/project/vln/localization/src/fastlio2/install/livox_ros_driver2/lib/liblivox_ros_driver2__rosidl_typesupport_fastrtps_c.so\n'}
[5.877326] (livox_ros_driver2) StdoutLine: {'line': b'-- Set runtime path of "/home/haiboliu/project/vln/localization/src/fastlio2/install/livox_ros_driver2/lib/liblivox_ros_driver2__rosidl_typesupport_fastrtps_c.so" to ""\n'}
[5.877400] (livox_ros_driver2) StdoutLine: {'line': b'-- Up-to-date: /home/haiboliu/project/vln/localization/src/fastlio2/install/livox_ros_driver2/include/livox_ros_driver2/livox_ros_driver2\n'}
[5.877468] (livox_ros_driver2) StdoutLine: {'line': b'-- Up-to-date: /home/haiboliu/project/vln/localization/src/fastlio2/install/livox_ros_driver2/include/livox_ros_driver2/livox_ros_driver2/msg\n'}
[5.877513] (livox_ros_driver2) StdoutLine: {'line': b'-- Installing: /home/haiboliu/project/vln/localization/src/fastlio2/install/livox_ros_driver2/include/livox_ros_driver2/livox_ros_driver2/msg/custom_point.hpp\n'}
[5.877632] (livox_ros_driver2) StdoutLine: {'line': b'-- Installing: /home/haiboliu/project/vln/localization/src/fastlio2/install/livox_ros_driver2/include/livox_ros_driver2/livox_ros_driver2/msg/rosidl_generator_cpp__visibility_control.hpp\n'}
[5.877741] (livox_ros_driver2) StdoutLine: {'line': b'-- Installing: /home/haiboliu/project/vln/localization/src/fastlio2/install/livox_ros_driver2/include/livox_ros_driver2/livox_ros_driver2/msg/custom_msg.hpp\n'}
[5.877862] (livox_ros_driver2) StdoutLine: {'line': b'-- Up-to-date: /home/haiboliu/project/vln/localization/src/fastlio2/install/livox_ros_driver2/include/livox_ros_driver2/livox_ros_driver2/msg/detail\n'}
[5.877931] (livox_ros_driver2) StdoutLine: {'line': b'-- Installing: /home/haiboliu/project/vln/localization/src/fastlio2/install/livox_ros_driver2/include/livox_ros_driver2/livox_ros_driver2/msg/detail/custom_msg__builder.hpp\n'}
[5.878047] (livox_ros_driver2) StdoutLine: {'line': b'-- Installing: /home/haiboliu/project/vln/localization/src/fastlio2/install/livox_ros_driver2/include/livox_ros_driver2/livox_ros_driver2/msg/detail/custom_point__type_support.hpp\n'}
[5.878174] (livox_ros_driver2) StdoutLine: {'line': b'-- Installing: /home/haiboliu/project/vln/localization/src/fastlio2/install/livox_ros_driver2/include/livox_ros_driver2/livox_ros_driver2/msg/detail/custom_point__struct.hpp\n'}
[5.878463] (livox_ros_driver2) StdoutLine: {'line': b'-- Installing: /home/haiboliu/project/vln/localization/src/fastlio2/install/livox_ros_driver2/include/livox_ros_driver2/livox_ros_driver2/msg/detail/custom_msg__traits.hpp\n'}
[5.878602] (livox_ros_driver2) StdoutLine: {'line': b'-- Installing: /home/haiboliu/project/vln/localization/src/fastlio2/install/livox_ros_driver2/include/livox_ros_driver2/livox_ros_driver2/msg/detail/custom_point__builder.hpp\n'}
[5.878736] (livox_ros_driver2) StdoutLine: {'line': b'-- Installing: /home/haiboliu/project/vln/localization/src/fastlio2/install/livox_ros_driver2/include/livox_ros_driver2/livox_ros_driver2/msg/detail/custom_point__traits.hpp\n'}
[5.878882] (livox_ros_driver2) StdoutLine: {'line': b'-- Installing: /home/haiboliu/project/vln/localization/src/fastlio2/install/livox_ros_driver2/include/livox_ros_driver2/livox_ros_driver2/msg/detail/custom_msg__struct.hpp\n'}
[5.879024] (livox_ros_driver2) StdoutLine: {'line': b'-- Installing: /home/haiboliu/project/vln/localization/src/fastlio2/install/livox_ros_driver2/include/livox_ros_driver2/livox_ros_driver2/msg/detail/custom_msg__type_support.hpp\n'}
[5.879189] (livox_ros_driver2) StdoutLine: {'line': b'-- Up-to-date: /home/haiboliu/project/vln/localization/src/fastlio2/install/livox_ros_driver2/include/livox_ros_driver2/livox_ros_driver2\n'}
[5.879265] (livox_ros_driver2) StdoutLine: {'line': b'-- Up-to-date: /home/haiboliu/project/vln/localization/src/fastlio2/install/livox_ros_driver2/include/livox_ros_driver2/livox_ros_driver2/msg\n'}
[5.879340] (livox_ros_driver2) StdoutLine: {'line': b'-- Installing: /home/haiboliu/project/vln/localization/src/fastlio2/install/livox_ros_driver2/include/livox_ros_driver2/livox_ros_driver2/msg/rosidl_typesupport_fastrtps_cpp__visibility_control.h\n'}
[5.879427] (livox_ros_driver2) StdoutLine: {'line': b'-- Up-to-date: /home/haiboliu/project/vln/localization/src/fastlio2/install/livox_ros_driver2/include/livox_ros_driver2/livox_ros_driver2/msg/detail\n'}
[5.879486] (livox_ros_driver2) StdoutLine: {'line': b'-- Installing: /home/haiboliu/project/vln/localization/src/fastlio2/install/livox_ros_driver2/include/livox_ros_driver2/livox_ros_driver2/msg/detail/dds_fastrtps\n'}
[5.879576] (livox_ros_driver2) StdoutLine: {'line': b'-- Installing: /home/haiboliu/project/vln/localization/src/fastlio2/install/livox_ros_driver2/include/livox_ros_driver2/livox_ros_driver2/msg/detail/custom_point__rosidl_typesupport_fastrtps_cpp.hpp\n'}
[5.879708] (livox_ros_driver2) StdoutLine: {'line': b'-- Installing: /home/haiboliu/project/vln/localization/src/fastlio2/install/livox_ros_driver2/include/livox_ros_driver2/livox_ros_driver2/msg/detail/custom_msg__rosidl_typesupport_fastrtps_cpp.hpp\n'}
[5.879876] (livox_ros_driver2) StdoutLine: {'line': b'-- Installing: /home/haiboliu/project/vln/localization/src/fastlio2/install/livox_ros_driver2/lib/liblivox_ros_driver2__rosidl_typesupport_fastrtps_cpp.so\n'}
[5.880363] (livox_ros_driver2) StdoutLine: {'line': b'-- Set runtime path of "/home/haiboliu/project/vln/localization/src/fastlio2/install/livox_ros_driver2/lib/liblivox_ros_driver2__rosidl_typesupport_fastrtps_cpp.so" to ""\n'}
[5.880447] (livox_ros_driver2) StdoutLine: {'line': b'-- Up-to-date: /home/haiboliu/project/vln/localization/src/fastlio2/install/livox_ros_driver2/include/livox_ros_driver2/livox_ros_driver2\n'}
[5.880502] (livox_ros_driver2) StdoutLine: {'line': b'-- Up-to-date: /home/haiboliu/project/vln/localization/src/fastlio2/install/livox_ros_driver2/include/livox_ros_driver2/livox_ros_driver2/msg\n'}
[5.880565] (livox_ros_driver2) StdoutLine: {'line': b'-- Installing: /home/haiboliu/project/vln/localization/src/fastlio2/install/livox_ros_driver2/include/livox_ros_driver2/livox_ros_driver2/msg/rosidl_typesupport_introspection_c__visibility_control.h\n'}
[5.880633] (livox_ros_driver2) StdoutLine: {'line': b'-- Up-to-date: /home/haiboliu/project/vln/localization/src/fastlio2/install/livox_ros_driver2/include/livox_ros_driver2/livox_ros_driver2/msg/detail\n'}
[5.880691] (livox_ros_driver2) StdoutLine: {'line': b'-- Installing: /home/haiboliu/project/vln/localization/src/fastlio2/install/livox_ros_driver2/include/livox_ros_driver2/livox_ros_driver2/msg/detail/custom_point__rosidl_typesupport_introspection_c.h\n'}
[5.880817] (livox_ros_driver2) StdoutLine: {'line': b'-- Installing: /home/haiboliu/project/vln/localization/src/fastlio2/install/livox_ros_driver2/include/livox_ros_driver2/livox_ros_driver2/msg/detail/custom_point__type_support.c\n'}
[5.880954] (livox_ros_driver2) StdoutLine: {'line': b'-- Installing: /home/haiboliu/project/vln/localization/src/fastlio2/install/livox_ros_driver2/include/livox_ros_driver2/livox_ros_driver2/msg/detail/custom_msg__rosidl_typesupport_introspection_c.h\n'}
[5.881084] (livox_ros_driver2) StdoutLine: {'line': b'-- Installing: /home/haiboliu/project/vln/localization/src/fastlio2/install/livox_ros_driver2/include/livox_ros_driver2/livox_ros_driver2/msg/detail/custom_msg__type_support.c\n'}
[5.881278] (livox_ros_driver2) StdoutLine: {'line': b'-- Installing: /home/haiboliu/project/vln/localization/src/fastlio2/install/livox_ros_driver2/lib/liblivox_ros_driver2__rosidl_typesupport_introspection_c.so\n'}
[5.881681] (livox_ros_driver2) StdoutLine: {'line': b'-- Set runtime path of "/home/haiboliu/project/vln/localization/src/fastlio2/install/livox_ros_driver2/lib/liblivox_ros_driver2__rosidl_typesupport_introspection_c.so" to ""\n'}
[5.881754] (livox_ros_driver2) StdoutLine: {'line': b'-- Installing: /home/haiboliu/project/vln/localization/src/fastlio2/install/livox_ros_driver2/lib/liblivox_ros_driver2__rosidl_typesupport_c.so\n'}
[5.882109] (livox_ros_driver2) StdoutLine: {'line': b'-- Set runtime path of "/home/haiboliu/project/vln/localization/src/fastlio2/install/livox_ros_driver2/lib/liblivox_ros_driver2__rosidl_typesupport_c.so" to ""\n'}
[5.882186] (livox_ros_driver2) StdoutLine: {'line': b'-- Up-to-date: /home/haiboliu/project/vln/localization/src/fastlio2/install/livox_ros_driver2/include/livox_ros_driver2/livox_ros_driver2\n'}
[5.882260] (livox_ros_driver2) StdoutLine: {'line': b'-- Up-to-date: /home/haiboliu/project/vln/localization/src/fastlio2/install/livox_ros_driver2/include/livox_ros_driver2/livox_ros_driver2/msg\n'}
[5.882336] (livox_ros_driver2) StdoutLine: {'line': b'-- Up-to-date: /home/haiboliu/project/vln/localization/src/fastlio2/install/livox_ros_driver2/include/livox_ros_driver2/livox_ros_driver2/msg/detail\n'}
[5.882386] (livox_ros_driver2) StdoutLine: {'line': b'-- Installing: /home/haiboliu/project/vln/localization/src/fastlio2/install/livox_ros_driver2/include/livox_ros_driver2/livox_ros_driver2/msg/detail/custom_msg__rosidl_typesupport_introspection_cpp.hpp\n'}
[5.882445] (livox_ros_driver2) StdoutLine: {'line': b'-- Installing: /home/haiboliu/project/vln/localization/src/fastlio2/install/livox_ros_driver2/include/livox_ros_driver2/livox_ros_driver2/msg/detail/custom_msg__type_support.cpp\n'}
[5.882593] (livox_ros_driver2) StdoutLine: {'line': b'-- Installing: /home/haiboliu/project/vln/localization/src/fastlio2/install/livox_ros_driver2/include/livox_ros_driver2/livox_ros_driver2/msg/detail/custom_point__type_support.cpp\n'}
[5.882722] (livox_ros_driver2) StdoutLine: {'line': b'-- Installing: /home/haiboliu/project/vln/localization/src/fastlio2/install/livox_ros_driver2/include/livox_ros_driver2/livox_ros_driver2/msg/detail/custom_point__rosidl_typesupport_introspection_cpp.hpp\n'}
[5.882892] (livox_ros_driver2) StdoutLine: {'line': b'-- Installing: /home/haiboliu/project/vln/localization/src/fastlio2/install/livox_ros_driver2/lib/liblivox_ros_driver2__rosidl_typesupport_introspection_cpp.so\n'}
[5.883364] (livox_ros_driver2) StdoutLine: {'line': b'-- Set runtime path of "/home/haiboliu/project/vln/localization/src/fastlio2/install/livox_ros_driver2/lib/liblivox_ros_driver2__rosidl_typesupport_introspection_cpp.so" to ""\n'}
[5.883444] (livox_ros_driver2) StdoutLine: {'line': b'-- Installing: /home/haiboliu/project/vln/localization/src/fastlio2/install/livox_ros_driver2/lib/liblivox_ros_driver2__rosidl_typesupport_cpp.so\n'}
[5.883815] (livox_ros_driver2) StdoutLine: {'line': b'-- Set runtime path of "/home/haiboliu/project/vln/localization/src/fastlio2/install/livox_ros_driver2/lib/liblivox_ros_driver2__rosidl_typesupport_cpp.so" to ""\n'}
[5.883888] (livox_ros_driver2) StdoutLine: {'line': b'-- Installing: /home/haiboliu/project/vln/localization/src/fastlio2/install/livox_ros_driver2/share/livox_ros_driver2/environment/pythonpath.sh\n'}
[5.884041] (livox_ros_driver2) StdoutLine: {'line': b'-- Installing: /home/haiboliu/project/vln/localization/src/fastlio2/install/livox_ros_driver2/share/livox_ros_driver2/environment/pythonpath.dsv\n'}
[5.884190] (livox_ros_driver2) StdoutLine: {'line': b'-- Installing: /home/haiboliu/project/vln/localization/src/fastlio2/install/livox_ros_driver2/local/lib/python3.10/dist-packages/livox_ros_driver2-1.0.0-py3.10.egg-info\n'}
[5.884406] (livox_ros_driver2) StdoutLine: {'line': b'-- Installing: /home/haiboliu/project/vln/localization/src/fastlio2/install/livox_ros_driver2/local/lib/python3.10/dist-packages/livox_ros_driver2-1.0.0-py3.10.egg-info/dependency_links.txt\n'}
[5.884544] (livox_ros_driver2) StdoutLine: {'line': b'-- Installing: /home/haiboliu/project/vln/localization/src/fastlio2/install/livox_ros_driver2/local/lib/python3.10/dist-packages/livox_ros_driver2-1.0.0-py3.10.egg-info/SOURCES.txt\n'}
[5.884675] (livox_ros_driver2) StdoutLine: {'line': b'-- Installing: /home/haiboliu/project/vln/localization/src/fastlio2/install/livox_ros_driver2/local/lib/python3.10/dist-packages/livox_ros_driver2-1.0.0-py3.10.egg-info/top_level.txt\n'}
[5.884803] (livox_ros_driver2) StdoutLine: {'line': b'-- Installing: /home/haiboliu/project/vln/localization/src/fastlio2/install/livox_ros_driver2/local/lib/python3.10/dist-packages/livox_ros_driver2-1.0.0-py3.10.egg-info/PKG-INFO\n'}
[5.884966] (livox_ros_driver2) StdoutLine: {'line': b'-- Installing: /home/haiboliu/project/vln/localization/src/fastlio2/install/livox_ros_driver2/local/lib/python3.10/dist-packages/livox_ros_driver2\n'}
[5.885073] (livox_ros_driver2) StdoutLine: {'line': b'-- Installing: /home/haiboliu/project/vln/localization/src/fastlio2/install/livox_ros_driver2/local/lib/python3.10/dist-packages/livox_ros_driver2/__init__.py\n'}
[5.885394] (livox_ros_driver2) StdoutLine: {'line': b'-- Installing: /home/haiboliu/project/vln/localization/src/fastlio2/install/livox_ros_driver2/local/lib/python3.10/dist-packages/livox_ros_driver2/livox_ros_driver2_s__rosidl_typesupport_introspection_c.cpython-310-x86_64-linux-gnu.so\n'}
[5.885553] (livox_ros_driver2) StdoutLine: {'line': b'-- Installing: /home/haiboliu/project/vln/localization/src/fastlio2/install/livox_ros_driver2/local/lib/python3.10/dist-packages/livox_ros_driver2/_livox_ros_driver2_s.ep.rosidl_typesupport_c.c\n'}
[5.885686] (livox_ros_driver2) StdoutLine: {'line': b'-- Installing: /home/haiboliu/project/vln/localization/src/fastlio2/install/livox_ros_driver2/local/lib/python3.10/dist-packages/livox_ros_driver2/msg\n'}
[5.885790] (livox_ros_driver2) StdoutLine: {'line': b'-- Installing: /home/haiboliu/project/vln/localization/src/fastlio2/install/livox_ros_driver2/local/lib/python3.10/dist-packages/livox_ros_driver2/msg/__init__.py\n'}
[5.885920] (livox_ros_driver2) StdoutLine: {'line': b'-- Installing: /home/haiboliu/project/vln/localization/src/fastlio2/install/livox_ros_driver2/local/lib/python3.10/dist-packages/livox_ros_driver2/msg/_custom_msg_s.c\n'}
[5.886067] (livox_ros_driver2) StdoutLine: {'line': b'-- Installing: /home/haiboliu/project/vln/localization/src/fastlio2/install/livox_ros_driver2/local/lib/python3.10/dist-packages/livox_ros_driver2/msg/_custom_point_s.c\n'}
[5.886210] (livox_ros_driver2) StdoutLine: {'line': b'-- Installing: /home/haiboliu/project/vln/localization/src/fastlio2/install/livox_ros_driver2/local/lib/python3.10/dist-packages/livox_ros_driver2/msg/_custom_msg.py\n'}
[5.886351] (livox_ros_driver2) StdoutLine: {'line': b'-- Installing: /home/haiboliu/project/vln/localization/src/fastlio2/install/livox_ros_driver2/local/lib/python3.10/dist-packages/livox_ros_driver2/msg/_custom_point.py\n'}
[5.886497] (livox_ros_driver2) StdoutLine: {'line': b'-- Installing: /home/haiboliu/project/vln/localization/src/fastlio2/install/livox_ros_driver2/local/lib/python3.10/dist-packages/livox_ros_driver2/livox_ros_driver2_s__rosidl_typesupport_fastrtps_c.cpython-310-x86_64-linux-gnu.so\n'}
[5.886638] (livox_ros_driver2) StdoutLine: {'line': b'-- Installing: /home/haiboliu/project/vln/localization/src/fastlio2/install/livox_ros_driver2/local/lib/python3.10/dist-packages/livox_ros_driver2/liblivox_ros_driver2__rosidl_generator_py.so\n'}
[5.886808] (livox_ros_driver2) StdoutLine: {'line': b'-- Installing: /home/haiboliu/project/vln/localization/src/fastlio2/install/livox_ros_driver2/local/lib/python3.10/dist-packages/livox_ros_driver2/livox_ros_driver2_s__rosidl_typesupport_c.cpython-310-x86_64-linux-gnu.so\n'}
[5.886959] (livox_ros_driver2) StdoutLine: {'line': b'-- Installing: /home/haiboliu/project/vln/localization/src/fastlio2/install/livox_ros_driver2/local/lib/python3.10/dist-packages/livox_ros_driver2/_livox_ros_driver2_s.ep.rosidl_typesupport_fastrtps_c.c\n'}
[5.887098] (livox_ros_driver2) StdoutLine: {'line': b'-- Installing: /home/haiboliu/project/vln/localization/src/fastlio2/install/livox_ros_driver2/local/lib/python3.10/dist-packages/livox_ros_driver2/_livox_ros_driver2_s.ep.rosidl_typesupport_introspection_c.c\n'}
[5.916380] (livox_ros_driver2) StdoutLine: {'line': b"Listing '/home/haiboliu/project/vln/localization/src/fastlio2/install/livox_ros_driver2/local/lib/python3.10/dist-packages/livox_ros_driver2'...\n"}
[5.916646] (livox_ros_driver2) StdoutLine: {'line': b"Compiling '/home/haiboliu/project/vln/localization/src/fastlio2/install/livox_ros_driver2/local/lib/python3.10/dist-packages/livox_ros_driver2/__init__.py'...\n"}
[5.916764] (livox_ros_driver2) StdoutLine: {'line': b"Listing '/home/haiboliu/project/vln/localization/src/fastlio2/install/livox_ros_driver2/local/lib/python3.10/dist-packages/livox_ros_driver2/msg'...\n"}
[5.916865] (livox_ros_driver2) StdoutLine: {'line': b"Compiling '/home/haiboliu/project/vln/localization/src/fastlio2/install/livox_ros_driver2/local/lib/python3.10/dist-packages/livox_ros_driver2/msg/__init__.py'...\n"}
[5.916955] (livox_ros_driver2) StdoutLine: {'line': b"Compiling '/home/haiboliu/project/vln/localization/src/fastlio2/install/livox_ros_driver2/local/lib/python3.10/dist-packages/livox_ros_driver2/msg/_custom_msg.py'...\n"}
[5.917042] (livox_ros_driver2) StdoutLine: {'line': b"Compiling '/home/haiboliu/project/vln/localization/src/fastlio2/install/livox_ros_driver2/local/lib/python3.10/dist-packages/livox_ros_driver2/msg/_custom_point.py'...\n"}
[5.920661] (-) TimerEvent: {}
[5.921675] (livox_ros_driver2) StdoutLine: {'line': b'-- Installing: /home/haiboliu/project/vln/localization/src/fastlio2/install/livox_ros_driver2/local/lib/python3.10/dist-packages/livox_ros_driver2/livox_ros_driver2_s__rosidl_typesupport_fastrtps_c.cpython-310-x86_64-linux-gnu.so\n'}
[5.922437] (livox_ros_driver2) StdoutLine: {'line': b'-- Set runtime path of "/home/haiboliu/project/vln/localization/src/fastlio2/install/livox_ros_driver2/local/lib/python3.10/dist-packages/livox_ros_driver2/livox_ros_driver2_s__rosidl_typesupport_fastrtps_c.cpython-310-x86_64-linux-gnu.so" to ""\n'}
[5.922868] (livox_ros_driver2) StdoutLine: {'line': b'-- Installing: /home/haiboliu/project/vln/localization/src/fastlio2/install/livox_ros_driver2/local/lib/python3.10/dist-packages/livox_ros_driver2/livox_ros_driver2_s__rosidl_typesupport_introspection_c.cpython-310-x86_64-linux-gnu.so\n'}
[5.923550] (livox_ros_driver2) StdoutLine: {'line': b'-- Set runtime path of "/home/haiboliu/project/vln/localization/src/fastlio2/install/livox_ros_driver2/local/lib/python3.10/dist-packages/livox_ros_driver2/livox_ros_driver2_s__rosidl_typesupport_introspection_c.cpython-310-x86_64-linux-gnu.so" to ""\n'}
[5.923938] (livox_ros_driver2) StdoutLine: {'line': b'-- Installing: /home/haiboliu/project/vln/localization/src/fastlio2/install/livox_ros_driver2/local/lib/python3.10/dist-packages/livox_ros_driver2/livox_ros_driver2_s__rosidl_typesupport_c.cpython-310-x86_64-linux-gnu.so\n'}
[5.924690] (livox_ros_driver2) StdoutLine: {'line': b'-- Set runtime path of "/home/haiboliu/project/vln/localization/src/fastlio2/install/livox_ros_driver2/local/lib/python3.10/dist-packages/livox_ros_driver2/livox_ros_driver2_s__rosidl_typesupport_c.cpython-310-x86_64-linux-gnu.so" to ""\n'}
[5.924902] (livox_ros_driver2) StdoutLine: {'line': b'-- Installing: /home/haiboliu/project/vln/localization/src/fastlio2/install/livox_ros_driver2/lib/liblivox_ros_driver2__rosidl_generator_py.so\n'}
[5.925793] (livox_ros_driver2) StdoutLine: {'line': b'-- Set runtime path of "/home/haiboliu/project/vln/localization/src/fastlio2/install/livox_ros_driver2/lib/liblivox_ros_driver2__rosidl_generator_py.so" to ""\n'}
[5.925987] (livox_ros_driver2) StdoutLine: {'line': b'-- Installing: /home/haiboliu/project/vln/localization/src/fastlio2/install/livox_ros_driver2/share/livox_ros_driver2/msg/CustomMsg.idl\n'}
[5.926340] (livox_ros_driver2) StdoutLine: {'line': b'-- Installing: /home/haiboliu/project/vln/localization/src/fastlio2/install/livox_ros_driver2/share/livox_ros_driver2/msg/CustomPoint.idl\n'}
[5.926671] (livox_ros_driver2) StdoutLine: {'line': b'-- Installing: /home/haiboliu/project/vln/localization/src/fastlio2/install/livox_ros_driver2/share/livox_ros_driver2/msg/CustomMsg.msg\n'}
[5.926995] (livox_ros_driver2) StdoutLine: {'line': b'-- Installing: /home/haiboliu/project/vln/localization/src/fastlio2/install/livox_ros_driver2/share/livox_ros_driver2/msg/CustomPoint.msg\n'}
[5.927477] (livox_ros_driver2) StdoutLine: {'line': b'-- Installing: /home/haiboliu/project/vln/localization/src/fastlio2/install/livox_ros_driver2/share/ament_index/resource_index/package_run_dependencies/livox_ros_driver2\n'}
[5.927927] (livox_ros_driver2) StdoutLine: {'line': b'-- Installing: /home/haiboliu/project/vln/localization/src/fastlio2/install/livox_ros_driver2/share/ament_index/resource_index/parent_prefix_path/livox_ros_driver2\n'}
[5.928238] (livox_ros_driver2) StdoutLine: {'line': b'-- Installing: /home/haiboliu/project/vln/localization/src/fastlio2/install/livox_ros_driver2/share/livox_ros_driver2/environment/ament_prefix_path.sh\n'}
[5.928577] (livox_ros_driver2) StdoutLine: {'line': b'-- Installing: /home/haiboliu/project/vln/localization/src/fastlio2/install/livox_ros_driver2/share/livox_ros_driver2/environment/ament_prefix_path.dsv\n'}
[5.928889] (livox_ros_driver2) StdoutLine: {'line': b'-- Installing: /home/haiboliu/project/vln/localization/src/fastlio2/install/livox_ros_driver2/share/livox_ros_driver2/environment/path.sh\n'}
[5.929215] (livox_ros_driver2) StdoutLine: {'line': b'-- Installing: /home/haiboliu/project/vln/localization/src/fastlio2/install/livox_ros_driver2/share/livox_ros_driver2/environment/path.dsv\n'}
[5.929569] (livox_ros_driver2) StdoutLine: {'line': b'-- Installing: /home/haiboliu/project/vln/localization/src/fastlio2/install/livox_ros_driver2/share/livox_ros_driver2/local_setup.bash\n'}
[5.929859] (livox_ros_driver2) StdoutLine: {'line': b'-- Installing: /home/haiboliu/project/vln/localization/src/fastlio2/install/livox_ros_driver2/share/livox_ros_driver2/local_setup.sh\n'}
[5.930175] (livox_ros_driver2) StdoutLine: {'line': b'-- Installing: /home/haiboliu/project/vln/localization/src/fastlio2/install/livox_ros_driver2/share/livox_ros_driver2/local_setup.zsh\n'}
[5.930500] (livox_ros_driver2) StdoutLine: {'line': b'-- Installing: /home/haiboliu/project/vln/localization/src/fastlio2/install/livox_ros_driver2/share/livox_ros_driver2/local_setup.dsv\n'}
[5.930786] (livox_ros_driver2) StdoutLine: {'line': b'-- Installing: /home/haiboliu/project/vln/localization/src/fastlio2/install/livox_ros_driver2/share/livox_ros_driver2/package.dsv\n'}
[5.931244] (livox_ros_driver2) StdoutLine: {'line': b'-- Installing: /home/haiboliu/project/vln/localization/src/fastlio2/install/livox_ros_driver2/share/ament_index/resource_index/packages/livox_ros_driver2\n'}
[5.931810] (livox_ros_driver2) StdoutLine: {'line': b'-- Installing: /home/haiboliu/project/vln/localization/src/fastlio2/install/livox_ros_driver2/share/livox_ros_driver2/cmake/export_livox_ros_driver2__rosidl_generator_cExport.cmake\n'}
[5.932162] (livox_ros_driver2) StdoutLine: {'line': b'-- Installing: /home/haiboliu/project/vln/localization/src/fastlio2/install/livox_ros_driver2/share/livox_ros_driver2/cmake/export_livox_ros_driver2__rosidl_generator_cExport-noconfig.cmake\n'}
[5.932721] (livox_ros_driver2) StdoutLine: {'line': b'-- Installing: /home/haiboliu/project/vln/localization/src/fastlio2/install/livox_ros_driver2/share/livox_ros_driver2/cmake/export_livox_ros_driver2__rosidl_typesupport_fastrtps_cExport.cmake\n'}
[5.933106] (livox_ros_driver2) StdoutLine: {'line': b'-- Installing: /home/haiboliu/project/vln/localization/src/fastlio2/install/livox_ros_driver2/share/livox_ros_driver2/cmake/export_livox_ros_driver2__rosidl_typesupport_fastrtps_cExport-noconfig.cmake\n'}
[5.933556] (livox_ros_driver2) StdoutLine: {'line': b'-- Installing: /home/haiboliu/project/vln/localization/src/fastlio2/install/livox_ros_driver2/share/livox_ros_driver2/cmake/export_livox_ros_driver2__rosidl_generator_cppExport.cmake\n'}
[5.933900] (livox_ros_driver2) StdoutLine: {'line': b'-- Installing: /home/haiboliu/project/vln/localization/src/fastlio2/install/livox_ros_driver2/share/livox_ros_driver2/cmake/export_livox_ros_driver2__rosidl_typesupport_fastrtps_cppExport.cmake\n'}
[5.934413] (livox_ros_driver2) StdoutLine: {'line': b'-- Installing: /home/haiboliu/project/vln/localization/src/fastlio2/install/livox_ros_driver2/share/livox_ros_driver2/cmake/export_livox_ros_driver2__rosidl_typesupport_fastrtps_cppExport-noconfig.cmake\n'}
[5.934731] (livox_ros_driver2) StdoutLine: {'line': b'-- Installing: /home/haiboliu/project/vln/localization/src/fastlio2/install/livox_ros_driver2/share/livox_ros_driver2/cmake/livox_ros_driver2__rosidl_typesupport_introspection_cExport.cmake\n'}
[5.935165] (livox_ros_driver2) StdoutLine: {'line': b'-- Installing: /home/haiboliu/project/vln/localization/src/fastlio2/install/livox_ros_driver2/share/livox_ros_driver2/cmake/livox_ros_driver2__rosidl_typesupport_introspection_cExport-noconfig.cmake\n'}
[5.935586] (livox_ros_driver2) StdoutLine: {'line': b'-- Installing: /home/haiboliu/project/vln/localization/src/fastlio2/install/livox_ros_driver2/share/livox_ros_driver2/cmake/livox_ros_driver2__rosidl_typesupport_cExport.cmake\n'}
[5.935923] (livox_ros_driver2) StdoutLine: {'line': b'-- Installing: /home/haiboliu/project/vln/localization/src/fastlio2/install/livox_ros_driver2/share/livox_ros_driver2/cmake/livox_ros_driver2__rosidl_typesupport_cExport-noconfig.cmake\n'}
[5.936496] (livox_ros_driver2) StdoutLine: {'line': b'-- Installing: /home/haiboliu/project/vln/localization/src/fastlio2/install/livox_ros_driver2/share/livox_ros_driver2/cmake/livox_ros_driver2__rosidl_typesupport_introspection_cppExport.cmake\n'}
[5.936893] (livox_ros_driver2) StdoutLine: {'line': b'-- Installing: /home/haiboliu/project/vln/localization/src/fastlio2/install/livox_ros_driver2/share/livox_ros_driver2/cmake/livox_ros_driver2__rosidl_typesupport_introspection_cppExport-noconfig.cmake\n'}
[5.937351] (livox_ros_driver2) StdoutLine: {'line': b'-- Installing: /home/haiboliu/project/vln/localization/src/fastlio2/install/livox_ros_driver2/share/livox_ros_driver2/cmake/livox_ros_driver2__rosidl_typesupport_cppExport.cmake\n'}
[5.937743] (livox_ros_driver2) StdoutLine: {'line': b'-- Installing: /home/haiboliu/project/vln/localization/src/fastlio2/install/livox_ros_driver2/share/livox_ros_driver2/cmake/livox_ros_driver2__rosidl_typesupport_cppExport-noconfig.cmake\n'}
[5.938105] (livox_ros_driver2) StdoutLine: {'line': b'-- Installing: /home/haiboliu/project/vln/localization/src/fastlio2/install/livox_ros_driver2/share/livox_ros_driver2/cmake/export_livox_ros_driver2__rosidl_generator_pyExport.cmake\n'}
[5.938532] (livox_ros_driver2) StdoutLine: {'line': b'-- Installing: /home/haiboliu/project/vln/localization/src/fastlio2/install/livox_ros_driver2/share/livox_ros_driver2/cmake/export_livox_ros_driver2__rosidl_generator_pyExport-noconfig.cmake\n'}
[5.938943] (livox_ros_driver2) StdoutLine: {'line': b'-- Installing: /home/haiboliu/project/vln/localization/src/fastlio2/install/livox_ros_driver2/share/livox_ros_driver2/cmake/rosidl_cmake-extras.cmake\n'}
[5.939347] (livox_ros_driver2) StdoutLine: {'line': b'-- Installing: /home/haiboliu/project/vln/localization/src/fastlio2/install/livox_ros_driver2/share/livox_ros_driver2/cmake/ament_cmake_export_dependencies-extras.cmake\n'}
[5.939732] (livox_ros_driver2) StdoutLine: {'line': b'-- Installing: /home/haiboliu/project/vln/localization/src/fastlio2/install/livox_ros_driver2/share/livox_ros_driver2/cmake/ament_cmake_export_include_directories-extras.cmake\n'}
[5.940119] (livox_ros_driver2) StdoutLine: {'line': b'-- Installing: /home/haiboliu/project/vln/localization/src/fastlio2/install/livox_ros_driver2/share/livox_ros_driver2/cmake/ament_cmake_export_libraries-extras.cmake\n'}
[5.940603] (livox_ros_driver2) StdoutLine: {'line': b'-- Installing: /home/haiboliu/project/vln/localization/src/fastlio2/install/livox_ros_driver2/share/livox_ros_driver2/cmake/ament_cmake_export_targets-extras.cmake\n'}
[5.940968] (livox_ros_driver2) StdoutLine: {'line': b'-- Installing: /home/haiboliu/project/vln/localization/src/fastlio2/install/livox_ros_driver2/share/livox_ros_driver2/cmake/rosidl_cmake_export_typesupport_targets-extras.cmake\n'}
[5.941369] (livox_ros_driver2) StdoutLine: {'line': b'-- Installing: /home/haiboliu/project/vln/localization/src/fastlio2/install/livox_ros_driver2/share/livox_ros_driver2/cmake/rosidl_cmake_export_typesupport_libraries-extras.cmake\n'}
[5.941743] (livox_ros_driver2) StdoutLine: {'line': b'-- Installing: /home/haiboliu/project/vln/localization/src/fastlio2/install/livox_ros_driver2/share/livox_ros_driver2/cmake/livox_ros_driver2Config.cmake\n'}
[5.942030] (livox_ros_driver2) StdoutLine: {'line': b'-- Installing: /home/haiboliu/project/vln/localization/src/fastlio2/install/livox_ros_driver2/share/livox_ros_driver2/cmake/livox_ros_driver2Config-version.cmake\n'}
[5.942470] (livox_ros_driver2) StdoutLine: {'line': b'-- Installing: /home/haiboliu/project/vln/localization/src/fastlio2/install/livox_ros_driver2/share/livox_ros_driver2/package.xml\n'}
[5.947683] (livox_ros_driver2) CommandEnded: {'returncode': 0}
[5.976059] (interface) StdoutLine: {'line': b'[ 80%] Built target interface__py\n'}
[5.977202] (livox_ros_driver2) JobEnded: {'identifier': 'livox_ros_driver2', 'rc': 0}
[5.977718] (fastlio2) JobStarted: {'identifier': 'fastlio2'}
[5.983361] (fastlio2) JobProgress: {'identifier': 'fastlio2', 'progress': 'cmake'}
[5.983952] (fastlio2) Command: {'cmd': ['/usr/bin/cmake', '/home/haiboliu/project/vln/localization/src/fastlio2/fastlio2', '-DCMAKE_INSTALL_PREFIX=/home/haiboliu/project/vln/localization/src/fastlio2/install/fastlio2'], 'cwd': '/home/haiboliu/project/vln/localization/src/fastlio2/build/fastlio2', 'env': OrderedDict([('LESSOPEN', '| /usr/bin/lesspipe %s'), ('USER', 'haiboliu'), ('LC_TIME', 'zh_CN.UTF-8'), ('XDG_SESSION_TYPE', 'wayland'), ('SHLVL', '1'), ('LD_LIBRARY_PATH', '/home/haiboliu/project/vln/localization/src/fastlio2/install/livox_ros_driver2/lib:/opt/ros/humble/opt/rviz_ogre_vendor/lib:/opt/ros/humble/lib/x86_64-linux-gnu:/opt/ros/humble/lib'), ('HOME', '/home/haiboliu'), ('OLDPWD', '/home/haiboliu/project/vln/localization/src'), ('DESKTOP_SESSION', 'ubuntu'), ('ROS_PYTHON_VERSION', '3'), ('GNOME_SHELL_SESSION_MODE', 'ubuntu'), ('GTK_MODULES', 'gail:atk-bridge'), ('LC_MONETARY', 'zh_CN.UTF-8'), ('SYSTEMD_EXEC_PID', '1818'), ('DBUS_SESSION_BUS_ADDRESS', 'unix:path=/run/user/1001/bus'), ('COLORTERM', 'truecolor'), ('IM_CONFIG_PHASE', '1'), ('WAYLAND_DISPLAY', 'wayland-0'), ('ROS_DISTRO', 'humble'), ('LOGNAME', 'haiboliu'), ('_', '/usr/bin/colcon'), ('ROS_VERSION', '2'), ('XDG_SESSION_CLASS', 'user'), ('USERNAME', 'haiboliu'), ('TERM', 'xterm-256color'), ('GNOME_DESKTOP_SESSION_ID', 'this-is-deprecated'), ('ROS_LOCALHOST_ONLY', '0'), ('PATH', '/opt/ros/humble/bin:/usr/local/sbin:/usr/local/bin:/usr/sbin:/usr/bin:/sbin:/bin:/usr/games:/usr/local/games:/snap/bin:/snap/bin'), ('SESSION_MANAGER', 'local/CNBEDZPL210029:@/tmp/.ICE-unix/1790,unix/CNBEDZPL210029:/tmp/.ICE-unix/1790'), ('XDG_MENU_PREFIX', 'gnome-'), ('LC_ADDRESS', 'zh_CN.UTF-8'), ('GNOME_TERMINAL_SCREEN', '/org/gnome/Terminal/screen/f317baec_4654_4e46_9450_13a654dfa23f'), ('GNOME_SETUP_DISPLAY', ':1'), ('XDG_RUNTIME_DIR', '/run/user/1001'), ('DISPLAY', ':0'), ('LANG', 'en_US.UTF-8'), ('XDG_CURRENT_DESKTOP', 'ubuntu:GNOME'), ('LC_TELEPHONE', 'zh_CN.UTF-8'), ('XMODIFIERS', '@im=ibus'), ('XDG_SESSION_DESKTOP', 'ubuntu'), ('XAUTHORITY', '/run/user/1001/.mutter-Xwaylandauth.SZOGC3'), ('LS_COLORS', 'rs=0:di=01;34:ln=01;36:mh=00:pi=40;33:so=01;35:do=01;35:bd=40;33;01:cd=40;33;01:or=40;31;01:mi=00:su=37;41:sg=30;43:ca=30;41:tw=30;42:ow=34;42:st=37;44:ex=01;32:*.tar=01;31:*.tgz=01;31:*.arc=01;31:*.arj=01;31:*.taz=01;31:*.lha=01;31:*.lz4=01;31:*.lzh=01;31:*.lzma=01;31:*.tlz=01;31:*.txz=01;31:*.tzo=01;31:*.t7z=01;31:*.zip=01;31:*.z=01;31:*.dz=01;31:*.gz=01;31:*.lrz=01;31:*.lz=01;31:*.lzo=01;31:*.xz=01;31:*.zst=01;31:*.tzst=01;31:*.bz2=01;31:*.bz=01;31:*.tbz=01;31:*.tbz2=01;31:*.tz=01;31:*.deb=01;31:*.rpm=01;31:*.jar=01;31:*.war=01;31:*.ear=01;31:*.sar=01;31:*.rar=01;31:*.alz=01;31:*.ace=01;31:*.zoo=01;31:*.cpio=01;31:*.7z=01;31:*.rz=01;31:*.cab=01;31:*.wim=01;31:*.swm=01;31:*.dwm=01;31:*.esd=01;31:*.jpg=01;35:*.jpeg=01;35:*.mjpg=01;35:*.mjpeg=01;35:*.gif=01;35:*.bmp=01;35:*.pbm=01;35:*.pgm=01;35:*.ppm=01;35:*.tga=01;35:*.xbm=01;35:*.xpm=01;35:*.tif=01;35:*.tiff=01;35:*.png=01;35:*.svg=01;35:*.svgz=01;35:*.mng=01;35:*.pcx=01;35:*.mov=01;35:*.mpg=01;35:*.mpeg=01;35:*.m2v=01;35:*.mkv=01;35:*.webm=01;35:*.webp=01;35:*.ogm=01;35:*.mp4=01;35:*.m4v=01;35:*.mp4v=01;35:*.vob=01;35:*.qt=01;35:*.nuv=01;35:*.wmv=01;35:*.asf=01;35:*.rm=01;35:*.rmvb=01;35:*.flc=01;35:*.avi=01;35:*.fli=01;35:*.flv=01;35:*.gl=01;35:*.dl=01;35:*.xcf=01;35:*.xwd=01;35:*.yuv=01;35:*.cgm=01;35:*.emf=01;35:*.ogv=01;35:*.ogx=01;35:*.aac=00;36:*.au=00;36:*.flac=00;36:*.m4a=00;36:*.mid=00;36:*.midi=00;36:*.mka=00;36:*.mp3=00;36:*.mpc=00;36:*.ogg=00;36:*.ra=00;36:*.wav=00;36:*.oga=00;36:*.opus=00;36:*.spx=00;36:*.xspf=00;36:'), ('GNOME_TERMINAL_SERVICE', ':1.283'), ('SSH_AGENT_LAUNCHER', 'gnome-keyring'), ('SSH_AUTH_SOCK', '/run/user/1001/keyring/ssh'), ('AMENT_PREFIX_PATH', '/home/haiboliu/project/vln/localization/src/fastlio2/install/livox_ros_driver2:/opt/ros/humble'), ('SHELL', '/bin/bash'), ('LC_NAME', 'zh_CN.UTF-8'), ('QT_ACCESSIBILITY', '1'), ('GDMSESSION', 'ubuntu'), ('LESSCLOSE', '/usr/bin/lesspipe %s %s'), ('LC_MEASUREMENT', 'zh_CN.UTF-8'), ('LC_IDENTIFICATION', 'zh_CN.UTF-8'), ('QT_IM_MODULE', 'ibus'), ('PWD', '/home/haiboliu/project/vln/localization/src/fastlio2/build/fastlio2'), ('XDG_CONFIG_DIRS', '/etc/xdg/xdg-ubuntu:/etc/xdg'), ('XDG_DATA_DIRS', '/usr/share/ubuntu:/usr/local/share/:/usr/share/:/var/lib/snapd/desktop'), ('PYTHONPATH', '/home/haiboliu/project/vln/localization/src/fastlio2/install/livox_ros_driver2/local/lib/python3.10/dist-packages:/opt/ros/humble/lib/python3.10/site-packages:/opt/ros/humble/local/lib/python3.10/dist-packages'), ('LC_NUMERIC', 'zh_CN.UTF-8'), ('LC_PAPER', 'zh_CN.UTF-8'), ('COLCON', '1'), ('VTE_VERSION', '6800'), ('CMAKE_PREFIX_PATH', '/home/haiboliu/project/vln/localization/src/fastlio2/install/livox_ros_driver2:/opt/ros/humble')]), 'shell': False}
[5.999280] (interface) StdoutLine: {'line': b'[ 85%] \x1b[32mBuilding C object CMakeFiles/interface__rosidl_generator_py.dir/rosidl_generator_py/interface/srv/_save_poses_s.c.o\x1b[0m\n'}
[5.999527] (interface) StdoutLine: {'line': b'[ 85%] \x1b[32mBuilding C object CMakeFiles/interface__rosidl_generator_py.dir/rosidl_generator_py/interface/srv/_is_valid_s.c.o\x1b[0m\n'}
[5.999609] (interface) StdoutLine: {'line': b'[ 85%] \x1b[32mBuilding C object CMakeFiles/interface__rosidl_generator_py.dir/rosidl_generator_py/interface/srv/_save_maps_s.c.o\x1b[0m\n'}
[5.999808] (interface) StdoutLine: {'line': b'[ 88%] \x1b[32mBuilding C object CMakeFiles/interface__rosidl_generator_py.dir/rosidl_generator_py/interface/srv/_refine_map_s.c.o\x1b[0m\n'}
[5.999934] (interface) StdoutLine: {'line': b'[ 88%] \x1b[32mBuilding C object CMakeFiles/interface__rosidl_generator_py.dir/rosidl_generator_py/interface/srv/_relocalize_s.c.o\x1b[0m\n'}
[6.020797] (-) TimerEvent: {}
[6.051404] (fastlio2) StdoutLine: {'line': b'-- The C compiler identification is GNU 11.4.0\n'}
[6.120905] (-) TimerEvent: {}
[6.125471] (interface) StdoutLine: {'line': b'[ 90%] \x1b[32m\x1b[1mLinking C shared library rosidl_generator_py/interface/libinterface__rosidl_generator_py.so\x1b[0m\n'}
[6.126862] (fastlio2) StdoutLine: {'line': b'-- The CXX compiler identification is GNU 11.4.0\n'}
[6.140091] (fastlio2) StdoutLine: {'line': b'-- Detecting C compiler ABI info\n'}
[6.178911] (interface) StdoutLine: {'line': b'[ 90%] Built target interface__rosidl_generator_py\n'}
[6.200402] (interface) StdoutLine: {'line': b'[ 93%] \x1b[32mBuilding C object CMakeFiles/interface__rosidl_typesupport_c__pyext.dir/rosidl_generator_py/interface/_interface_s.ep.rosidl_typesupport_c.c.o\x1b[0m\n'}
[6.200657] (interface) StdoutLine: {'line': b'[ 93%] \x1b[32mBuilding C object CMakeFiles/interface__rosidl_typesupport_fastrtps_c__pyext.dir/rosidl_generator_py/interface/_interface_s.ep.rosidl_typesupport_fastrtps_c.c.o\x1b[0m\n'}
[6.207023] (interface) StdoutLine: {'line': b'[ 95%] \x1b[32mBuilding C object CMakeFiles/interface__rosidl_typesupport_introspection_c__pyext.dir/rosidl_generator_py/interface/_interface_s.ep.rosidl_typesupport_introspection_c.c.o\x1b[0m\n'}
[6.221008] (-) TimerEvent: {}
[6.237376] (fastlio2) StdoutLine: {'line': b'-- Detecting C compiler ABI info - done\n'}
[6.244655] (fastlio2) StdoutLine: {'line': b'-- Check for working C compiler: /usr/bin/cc - skipped\n'}
[6.244982] (fastlio2) StdoutLine: {'line': b'-- Detecting C compile features\n'}
[6.245152] (fastlio2) StdoutLine: {'line': b'-- Detecting C compile features - done\n'}
[6.248426] (fastlio2) StdoutLine: {'line': b'-- Detecting CXX compiler ABI info\n'}
[6.321148] (-) TimerEvent: {}
[6.327007] (interface) StdoutLine: {'line': b'[ 96%] \x1b[32m\x1b[1mLinking C shared library rosidl_generator_py/interface/interface_s__rosidl_typesupport_c.cpython-310-x86_64-linux-gnu.so\x1b[0m\n'}
[6.337799] (interface) StdoutLine: {'line': b'[ 98%] \x1b[32m\x1b[1mLinking C shared library rosidl_generator_py/interface/interface_s__rosidl_typesupport_fastrtps_c.cpython-310-x86_64-linux-gnu.so\x1b[0m\n'}
[6.340585] (interface) StdoutLine: {'line': b'[100%] \x1b[32m\x1b[1mLinking C shared library rosidl_generator_py/interface/interface_s__rosidl_typesupport_introspection_c.cpython-310-x86_64-linux-gnu.so\x1b[0m\n'}
[6.353824] (fastlio2) StdoutLine: {'line': b'-- Detecting CXX compiler ABI info - done\n'}
[6.361127] (fastlio2) StdoutLine: {'line': b'-- Check for working CXX compiler: /usr/bin/c++ - skipped\n'}
[6.361412] (fastlio2) StdoutLine: {'line': b'-- Detecting CXX compile features\n'}
[6.361700] (fastlio2) StdoutLine: {'line': b'-- Detecting CXX compile features - done\n'}
[6.364348] (fastlio2) StdoutLine: {'line': b'-- Found ament_cmake: 1.3.12 (/opt/ros/humble/share/ament_cmake/cmake)\n'}
[6.373352] (interface) StdoutLine: {'line': b'[100%] Built target interface__rosidl_typesupport_c__pyext\n'}
[6.386503] (interface) StdoutLine: {'line': b'[100%] Built target interface__rosidl_typesupport_introspection_c__pyext\n'}
[6.393543] (interface) StdoutLine: {'line': b'[100%] Built target interface__rosidl_typesupport_fastrtps_c__pyext\n'}
[6.408314] (interface) CommandEnded: {'returncode': 0}
[6.409213] (interface) JobProgress: {'identifier': 'interface', 'progress': 'install'}
[6.410219] (interface) Command: {'cmd': ['/usr/bin/cmake', '--install', '/home/haiboliu/project/vln/localization/src/fastlio2/build/interface'], 'cwd': '/home/haiboliu/project/vln/localization/src/fastlio2/build/interface', 'env': OrderedDict([('LESSOPEN', '| /usr/bin/lesspipe %s'), ('USER', 'haiboliu'), ('LC_TIME', 'zh_CN.UTF-8'), ('XDG_SESSION_TYPE', 'wayland'), ('SHLVL', '1'), ('LD_LIBRARY_PATH', '/opt/ros/humble/opt/rviz_ogre_vendor/lib:/opt/ros/humble/lib/x86_64-linux-gnu:/opt/ros/humble/lib'), ('HOME', '/home/haiboliu'), ('OLDPWD', '/home/haiboliu/project/vln/localization/src'), ('DESKTOP_SESSION', 'ubuntu'), ('ROS_PYTHON_VERSION', '3'), ('GNOME_SHELL_SESSION_MODE', 'ubuntu'), ('GTK_MODULES', 'gail:atk-bridge'), ('LC_MONETARY', 'zh_CN.UTF-8'), ('SYSTEMD_EXEC_PID', '1818'), ('DBUS_SESSION_BUS_ADDRESS', 'unix:path=/run/user/1001/bus'), ('COLORTERM', 'truecolor'), ('IM_CONFIG_PHASE', '1'), ('WAYLAND_DISPLAY', 'wayland-0'), ('ROS_DISTRO', 'humble'), ('LOGNAME', 'haiboliu'), ('_', '/usr/bin/colcon'), ('ROS_VERSION', '2'), ('XDG_SESSION_CLASS', 'user'), ('USERNAME', 'haiboliu'), ('TERM', 'xterm-256color'), ('GNOME_DESKTOP_SESSION_ID', 'this-is-deprecated'), ('ROS_LOCALHOST_ONLY', '0'), ('PATH', '/opt/ros/humble/bin:/usr/local/sbin:/usr/local/bin:/usr/sbin:/usr/bin:/sbin:/bin:/usr/games:/usr/local/games:/snap/bin:/snap/bin'), ('SESSION_MANAGER', 'local/CNBEDZPL210029:@/tmp/.ICE-unix/1790,unix/CNBEDZPL210029:/tmp/.ICE-unix/1790'), ('XDG_MENU_PREFIX', 'gnome-'), ('LC_ADDRESS', 'zh_CN.UTF-8'), ('GNOME_TERMINAL_SCREEN', '/org/gnome/Terminal/screen/f317baec_4654_4e46_9450_13a654dfa23f'), ('GNOME_SETUP_DISPLAY', ':1'), ('XDG_RUNTIME_DIR', '/run/user/1001'), ('DISPLAY', ':0'), ('LANG', 'en_US.UTF-8'), ('XDG_CURRENT_DESKTOP', 'ubuntu:GNOME'), ('LC_TELEPHONE', 'zh_CN.UTF-8'), ('XMODIFIERS', '@im=ibus'), ('XDG_SESSION_DESKTOP', 'ubuntu'), ('XAUTHORITY', '/run/user/1001/.mutter-Xwaylandauth.SZOGC3'), ('LS_COLORS', 'rs=0:di=01;34:ln=01;36:mh=00:pi=40;33:so=01;35:do=01;35:bd=40;33;01:cd=40;33;01:or=40;31;01:mi=00:su=37;41:sg=30;43:ca=30;41:tw=30;42:ow=34;42:st=37;44:ex=01;32:*.tar=01;31:*.tgz=01;31:*.arc=01;31:*.arj=01;31:*.taz=01;31:*.lha=01;31:*.lz4=01;31:*.lzh=01;31:*.lzma=01;31:*.tlz=01;31:*.txz=01;31:*.tzo=01;31:*.t7z=01;31:*.zip=01;31:*.z=01;31:*.dz=01;31:*.gz=01;31:*.lrz=01;31:*.lz=01;31:*.lzo=01;31:*.xz=01;31:*.zst=01;31:*.tzst=01;31:*.bz2=01;31:*.bz=01;31:*.tbz=01;31:*.tbz2=01;31:*.tz=01;31:*.deb=01;31:*.rpm=01;31:*.jar=01;31:*.war=01;31:*.ear=01;31:*.sar=01;31:*.rar=01;31:*.alz=01;31:*.ace=01;31:*.zoo=01;31:*.cpio=01;31:*.7z=01;31:*.rz=01;31:*.cab=01;31:*.wim=01;31:*.swm=01;31:*.dwm=01;31:*.esd=01;31:*.jpg=01;35:*.jpeg=01;35:*.mjpg=01;35:*.mjpeg=01;35:*.gif=01;35:*.bmp=01;35:*.pbm=01;35:*.pgm=01;35:*.ppm=01;35:*.tga=01;35:*.xbm=01;35:*.xpm=01;35:*.tif=01;35:*.tiff=01;35:*.png=01;35:*.svg=01;35:*.svgz=01;35:*.mng=01;35:*.pcx=01;35:*.mov=01;35:*.mpg=01;35:*.mpeg=01;35:*.m2v=01;35:*.mkv=01;35:*.webm=01;35:*.webp=01;35:*.ogm=01;35:*.mp4=01;35:*.m4v=01;35:*.mp4v=01;35:*.vob=01;35:*.qt=01;35:*.nuv=01;35:*.wmv=01;35:*.asf=01;35:*.rm=01;35:*.rmvb=01;35:*.flc=01;35:*.avi=01;35:*.fli=01;35:*.flv=01;35:*.gl=01;35:*.dl=01;35:*.xcf=01;35:*.xwd=01;35:*.yuv=01;35:*.cgm=01;35:*.emf=01;35:*.ogv=01;35:*.ogx=01;35:*.aac=00;36:*.au=00;36:*.flac=00;36:*.m4a=00;36:*.mid=00;36:*.midi=00;36:*.mka=00;36:*.mp3=00;36:*.mpc=00;36:*.ogg=00;36:*.ra=00;36:*.wav=00;36:*.oga=00;36:*.opus=00;36:*.spx=00;36:*.xspf=00;36:'), ('GNOME_TERMINAL_SERVICE', ':1.283'), ('SSH_AGENT_LAUNCHER', 'gnome-keyring'), ('SSH_AUTH_SOCK', '/run/user/1001/keyring/ssh'), ('AMENT_PREFIX_PATH', '/opt/ros/humble'), ('SHELL', '/bin/bash'), ('LC_NAME', 'zh_CN.UTF-8'), ('QT_ACCESSIBILITY', '1'), ('GDMSESSION', 'ubuntu'), ('LESSCLOSE', '/usr/bin/lesspipe %s %s'), ('LC_MEASUREMENT', 'zh_CN.UTF-8'), ('LC_IDENTIFICATION', 'zh_CN.UTF-8'), ('QT_IM_MODULE', 'ibus'), ('PWD', '/home/haiboliu/project/vln/localization/src/fastlio2/build/interface'), ('XDG_CONFIG_DIRS', '/etc/xdg/xdg-ubuntu:/etc/xdg'), ('XDG_DATA_DIRS', '/usr/share/ubuntu:/usr/local/share/:/usr/share/:/var/lib/snapd/desktop'), ('PYTHONPATH', '/opt/ros/humble/lib/python3.10/site-packages:/opt/ros/humble/local/lib/python3.10/dist-packages'), ('LC_NUMERIC', 'zh_CN.UTF-8'), ('LC_PAPER', 'zh_CN.UTF-8'), ('COLCON', '1'), ('VTE_VERSION', '6800'), ('CMAKE_PREFIX_PATH', '/opt/ros/humble')]), 'shell': False}
[6.418036] (interface) StdoutLine: {'line': b'-- Install configuration: ""\n'}
[6.418291] (interface) StdoutLine: {'line': b'-- Installing: /home/haiboliu/project/vln/localization/src/fastlio2/install/interface/share/ament_index/resource_index/rosidl_interfaces/interface\n'}
[6.418432] (interface) StdoutLine: {'line': b'-- Installing: /home/haiboliu/project/vln/localization/src/fastlio2/install/interface/include/interface/interface\n'}
[6.418535] (interface) StdoutLine: {'line': b'-- Installing: /home/haiboliu/project/vln/localization/src/fastlio2/install/interface/include/interface/interface/srv\n'}
[6.418660] (interface) StdoutLine: {'line': b'-- Installing: /home/haiboliu/project/vln/localization/src/fastlio2/install/interface/include/interface/interface/srv/relocalize.h\n'}
[6.418745] (interface) StdoutLine: {'line': b'-- Installing: /home/haiboliu/project/vln/localization/src/fastlio2/install/interface/include/interface/interface/srv/save_maps.h\n'}
[6.418865] (interface) StdoutLine: {'line': b'-- Installing: /home/haiboliu/project/vln/localization/src/fastlio2/install/interface/include/interface/interface/srv/save_poses.h\n'}
[6.419001] (interface) StdoutLine: {'line': b'-- Installing: /home/haiboliu/project/vln/localization/src/fastlio2/install/interface/include/interface/interface/srv/is_valid.h\n'}
[6.419105] (interface) StdoutLine: {'line': b'-- Installing: /home/haiboliu/project/vln/localization/src/fastlio2/install/interface/include/interface/interface/srv/refine_map.h\n'}
[6.419227] (interface) StdoutLine: {'line': b'-- Installing: /home/haiboliu/project/vln/localization/src/fastlio2/install/interface/include/interface/interface/srv/detail\n'}
[6.419323] (interface) StdoutLine: {'line': b'-- Installing: /home/haiboliu/project/vln/localization/src/fastlio2/install/interface/include/interface/interface/srv/detail/refine_map__type_support.h\n'}
[6.419452] (interface) StdoutLine: {'line': b'-- Installing: /home/haiboliu/project/vln/localization/src/fastlio2/install/interface/include/interface/interface/srv/detail/relocalize__type_support.h\n'}
[6.419575] (interface) StdoutLine: {'line': b'-- Installing: /home/haiboliu/project/vln/localization/src/fastlio2/install/interface/include/interface/interface/srv/detail/save_maps__functions.c\n'}
[6.419711] (interface) StdoutLine: {'line': b'-- Installing: /home/haiboliu/project/vln/localization/src/fastlio2/install/interface/include/interface/interface/srv/detail/save_poses__struct.h\n'}
[6.419835] (interface) StdoutLine: {'line': b'-- Installing: /home/haiboliu/project/vln/localization/src/fastlio2/install/interface/include/interface/interface/srv/detail/relocalize__functions.h\n'}
[6.419971] (interface) StdoutLine: {'line': b'-- Installing: /home/haiboliu/project/vln/localization/src/fastlio2/install/interface/include/interface/interface/srv/detail/relocalize__struct.h\n'}
[6.420095] (interface) StdoutLine: {'line': b'-- Installing: /home/haiboliu/project/vln/localization/src/fastlio2/install/interface/include/interface/interface/srv/detail/is_valid__functions.c\n'}
[6.420242] (interface) StdoutLine: {'line': b'-- Installing: /home/haiboliu/project/vln/localization/src/fastlio2/install/interface/include/interface/interface/srv/detail/save_poses__functions.h\n'}
[6.420374] (interface) StdoutLine: {'line': b'-- Installing: /home/haiboliu/project/vln/localization/src/fastlio2/install/interface/include/interface/interface/srv/detail/refine_map__functions.h\n'}
[6.420527] (interface) StdoutLine: {'line': b'-- Installing: /home/haiboliu/project/vln/localization/src/fastlio2/install/interface/include/interface/interface/srv/detail/save_maps__type_support.h\n'}
[6.420693] (interface) StdoutLine: {'line': b'-- Installing: /home/haiboliu/project/vln/localization/src/fastlio2/install/interface/include/interface/interface/srv/detail/is_valid__functions.h\n'}
[6.420848] (interface) StdoutLine: {'line': b'-- Installing: /home/haiboliu/project/vln/localization/src/fastlio2/install/interface/include/interface/interface/srv/detail/is_valid__type_support.h\n'}
[6.420969] (interface) StdoutLine: {'line': b'-- Installing: /home/haiboliu/project/vln/localization/src/fastlio2/install/interface/include/interface/interface/srv/detail/save_maps__struct.h\n'}
[6.421092] (interface) StdoutLine: {'line': b'-- Installing: /home/haiboliu/project/vln/localization/src/fastlio2/install/interface/include/interface/interface/srv/detail/refine_map__functions.c\n'}
[6.421137] (-) TimerEvent: {}
[6.421274] (interface) StdoutLine: {'line': b'-- Installing: /home/haiboliu/project/vln/localization/src/fastlio2/install/interface/include/interface/interface/srv/detail/is_valid__struct.h\n'}
[6.421375] (interface) StdoutLine: {'line': b'-- Installing: /home/haiboliu/project/vln/localization/src/fastlio2/install/interface/include/interface/interface/srv/detail/refine_map__struct.h\n'}
[6.421497] (interface) StdoutLine: {'line': b'-- Installing: /home/haiboliu/project/vln/localization/src/fastlio2/install/interface/include/interface/interface/srv/detail/save_poses__type_support.h\n'}
[6.421612] (interface) StdoutLine: {'line': b'-- Installing: /home/haiboliu/project/vln/localization/src/fastlio2/install/interface/include/interface/interface/srv/detail/save_poses__functions.c\n'}
[6.421757] (interface) StdoutLine: {'line': b'-- Installing: /home/haiboliu/project/vln/localization/src/fastlio2/install/interface/include/interface/interface/srv/detail/relocalize__functions.c\n'}
[6.421887] (interface) StdoutLine: {'line': b'-- Installing: /home/haiboliu/project/vln/localization/src/fastlio2/install/interface/include/interface/interface/srv/detail/save_maps__functions.h\n'}
[6.422014] (interface) StdoutLine: {'line': b'-- Installing: /home/haiboliu/project/vln/localization/src/fastlio2/install/interface/include/interface/interface/msg\n'}
[6.422165] (interface) StdoutLine: {'line': b'-- Installing: /home/haiboliu/project/vln/localization/src/fastlio2/install/interface/include/interface/interface/msg/rosidl_generator_c__visibility_control.h\n'}
[6.422487] (interface) StdoutLine: {'line': b'-- Installing: /home/haiboliu/project/vln/localization/src/fastlio2/install/interface/share/interface/environment/library_path.sh\n'}
[6.422638] (interface) StdoutLine: {'line': b'-- Installing: /home/haiboliu/project/vln/localization/src/fastlio2/install/interface/share/interface/environment/library_path.dsv\n'}
[6.422840] (interface) StdoutLine: {'line': b'-- Installing: /home/haiboliu/project/vln/localization/src/fastlio2/install/interface/lib/libinterface__rosidl_generator_c.so\n'}
[6.423310] (interface) StdoutLine: {'line': b'-- Set runtime path of "/home/haiboliu/project/vln/localization/src/fastlio2/install/interface/lib/libinterface__rosidl_generator_c.so" to ""\n'}
[6.423420] (interface) StdoutLine: {'line': b'-- Up-to-date: /home/haiboliu/project/vln/localization/src/fastlio2/install/interface/include/interface/interface\n'}
[6.423519] (interface) StdoutLine: {'line': b'-- Up-to-date: /home/haiboliu/project/vln/localization/src/fastlio2/install/interface/include/interface/interface/srv\n'}
[6.423604] (interface) StdoutLine: {'line': b'-- Up-to-date: /home/haiboliu/project/vln/localization/src/fastlio2/install/interface/include/interface/interface/srv/detail\n'}
[6.423658] (interface) StdoutLine: {'line': b'-- Installing: /home/haiboliu/project/vln/localization/src/fastlio2/install/interface/include/interface/interface/srv/detail/save_maps__rosidl_typesupport_fastrtps_c.h\n'}
[6.423702] (interface) StdoutLine: {'line': b'-- Installing: /home/haiboliu/project/vln/localization/src/fastlio2/install/interface/include/interface/interface/srv/detail/is_valid__rosidl_typesupport_fastrtps_c.h\n'}
[6.423781] (interface) StdoutLine: {'line': b'-- Installing: /home/haiboliu/project/vln/localization/src/fastlio2/install/interface/include/interface/interface/srv/detail/refine_map__rosidl_typesupport_fastrtps_c.h\n'}
[6.423858] (interface) StdoutLine: {'line': b'-- Installing: /home/haiboliu/project/vln/localization/src/fastlio2/install/interface/include/interface/interface/srv/detail/relocalize__rosidl_typesupport_fastrtps_c.h\n'}
[6.423973] (interface) StdoutLine: {'line': b'-- Installing: /home/haiboliu/project/vln/localization/src/fastlio2/install/interface/include/interface/interface/srv/detail/save_poses__rosidl_typesupport_fastrtps_c.h\n'}
[6.424090] (interface) StdoutLine: {'line': b'-- Up-to-date: /home/haiboliu/project/vln/localization/src/fastlio2/install/interface/include/interface/interface/msg\n'}
[6.424164] (interface) StdoutLine: {'line': b'-- Installing: /home/haiboliu/project/vln/localization/src/fastlio2/install/interface/include/interface/interface/msg/rosidl_typesupport_fastrtps_c__visibility_control.h\n'}
[6.424319] (interface) StdoutLine: {'line': b'-- Installing: /home/haiboliu/project/vln/localization/src/fastlio2/install/interface/lib/libinterface__rosidl_typesupport_fastrtps_c.so\n'}
[6.424774] (interface) StdoutLine: {'line': b'-- Set runtime path of "/home/haiboliu/project/vln/localization/src/fastlio2/install/interface/lib/libinterface__rosidl_typesupport_fastrtps_c.so" to ""\n'}
[6.424856] (interface) StdoutLine: {'line': b'-- Up-to-date: /home/haiboliu/project/vln/localization/src/fastlio2/install/interface/include/interface/interface\n'}
[6.424917] (interface) StdoutLine: {'line': b'-- Up-to-date: /home/haiboliu/project/vln/localization/src/fastlio2/install/interface/include/interface/interface/srv\n'}
[6.424957] (interface) StdoutLine: {'line': b'-- Installing: /home/haiboliu/project/vln/localization/src/fastlio2/install/interface/include/interface/interface/srv/is_valid.hpp\n'}
[6.425020] (interface) StdoutLine: {'line': b'-- Installing: /home/haiboliu/project/vln/localization/src/fastlio2/install/interface/include/interface/interface/srv/refine_map.hpp\n'}
[6.425131] (interface) StdoutLine: {'line': b'-- Installing: /home/haiboliu/project/vln/localization/src/fastlio2/install/interface/include/interface/interface/srv/relocalize.hpp\n'}
[6.425306] (interface) StdoutLine: {'line': b'-- Installing: /home/haiboliu/project/vln/localization/src/fastlio2/install/interface/include/interface/interface/srv/save_maps.hpp\n'}
[6.425423] (interface) StdoutLine: {'line': b'-- Up-to-date: /home/haiboliu/project/vln/localization/src/fastlio2/install/interface/include/interface/interface/srv/detail\n'}
[6.425509] (interface) StdoutLine: {'line': b'-- Installing: /home/haiboliu/project/vln/localization/src/fastlio2/install/interface/include/interface/interface/srv/detail/is_valid__struct.hpp\n'}
[6.425590] (interface) StdoutLine: {'line': b'-- Installing: /home/haiboliu/project/vln/localization/src/fastlio2/install/interface/include/interface/interface/srv/detail/save_maps__struct.hpp\n'}
[6.425736] (interface) StdoutLine: {'line': b'-- Installing: /home/haiboliu/project/vln/localization/src/fastlio2/install/interface/include/interface/interface/srv/detail/save_poses__traits.hpp\n'}
[6.425872] (interface) StdoutLine: {'line': b'-- Installing: /home/haiboliu/project/vln/localization/src/fastlio2/install/interface/include/interface/interface/srv/detail/save_maps__builder.hpp\n'}
[6.425982] (interface) StdoutLine: {'line': b'-- Installing: /home/haiboliu/project/vln/localization/src/fastlio2/install/interface/include/interface/interface/srv/detail/save_poses__type_support.hpp\n'}
[6.426133] (interface) StdoutLine: {'line': b'-- Installing: /home/haiboliu/project/vln/localization/src/fastlio2/install/interface/include/interface/interface/srv/detail/relocalize__traits.hpp\n'}
[6.426306] (interface) StdoutLine: {'line': b'-- Installing: /home/haiboliu/project/vln/localization/src/fastlio2/install/interface/include/interface/interface/srv/detail/refine_map__traits.hpp\n'}
[6.426454] (interface) StdoutLine: {'line': b'-- Installing: /home/haiboliu/project/vln/localization/src/fastlio2/install/interface/include/interface/interface/srv/detail/is_valid__type_support.hpp\n'}
[6.426614] (interface) StdoutLine: {'line': b'-- Installing: /home/haiboliu/project/vln/localization/src/fastlio2/install/interface/include/interface/interface/srv/detail/save_poses__struct.hpp\n'}
[6.426695] (interface) StdoutLine: {'line': b'-- Installing: /home/haiboliu/project/vln/localization/src/fastlio2/install/interface/include/interface/interface/srv/detail/is_valid__builder.hpp\n'}
[6.426832] (interface) StdoutLine: {'line': b'-- Installing: /home/haiboliu/project/vln/localization/src/fastlio2/install/interface/include/interface/interface/srv/detail/is_valid__traits.hpp\n'}
[6.426961] (interface) StdoutLine: {'line': b'-- Installing: /home/haiboliu/project/vln/localization/src/fastlio2/install/interface/include/interface/interface/srv/detail/relocalize__type_support.hpp\n'}
[6.427111] (interface) StdoutLine: {'line': b'-- Installing: /home/haiboliu/project/vln/localization/src/fastlio2/install/interface/include/interface/interface/srv/detail/refine_map__builder.hpp\n'}
[6.427301] (interface) StdoutLine: {'line': b'-- Installing: /home/haiboliu/project/vln/localization/src/fastlio2/install/interface/include/interface/interface/srv/detail/save_poses__builder.hpp\n'}
[6.427420] (interface) StdoutLine: {'line': b'-- Installing: /home/haiboliu/project/vln/localization/src/fastlio2/install/interface/include/interface/interface/srv/detail/save_maps__traits.hpp\n'}
[6.427569] (interface) StdoutLine: {'line': b'-- Installing: /home/haiboliu/project/vln/localization/src/fastlio2/install/interface/include/interface/interface/srv/detail/relocalize__builder.hpp\n'}
[6.427691] (interface) StdoutLine: {'line': b'-- Installing: /home/haiboliu/project/vln/localization/src/fastlio2/install/interface/include/interface/interface/srv/detail/save_maps__type_support.hpp\n'}
[6.427819] (interface) StdoutLine: {'line': b'-- Installing: /home/haiboliu/project/vln/localization/src/fastlio2/install/interface/include/interface/interface/srv/detail/refine_map__type_support.hpp\n'}
[6.427952] (interface) StdoutLine: {'line': b'-- Installing: /home/haiboliu/project/vln/localization/src/fastlio2/install/interface/include/interface/interface/srv/detail/refine_map__struct.hpp\n'}
[6.428046] (interface) StdoutLine: {'line': b'-- Installing: /home/haiboliu/project/vln/localization/src/fastlio2/install/interface/include/interface/interface/srv/detail/relocalize__struct.hpp\n'}
[6.428185] (interface) StdoutLine: {'line': b'-- Installing: /home/haiboliu/project/vln/localization/src/fastlio2/install/interface/include/interface/interface/srv/save_poses.hpp\n'}
[6.428300] (interface) StdoutLine: {'line': b'-- Up-to-date: /home/haiboliu/project/vln/localization/src/fastlio2/install/interface/include/interface/interface/msg\n'}
[6.428374] (interface) StdoutLine: {'line': b'-- Installing: /home/haiboliu/project/vln/localization/src/fastlio2/install/interface/include/interface/interface/msg/rosidl_generator_cpp__visibility_control.hpp\n'}
[6.428525] (interface) StdoutLine: {'line': b'-- Up-to-date: /home/haiboliu/project/vln/localization/src/fastlio2/install/interface/include/interface/interface\n'}
[6.428598] (interface) StdoutLine: {'line': b'-- Up-to-date: /home/haiboliu/project/vln/localization/src/fastlio2/install/interface/include/interface/interface/srv\n'}
[6.428679] (interface) StdoutLine: {'line': b'-- Up-to-date: /home/haiboliu/project/vln/localization/src/fastlio2/install/interface/include/interface/interface/srv/detail\n'}
[6.428761] (interface) StdoutLine: {'line': b'-- Installing: /home/haiboliu/project/vln/localization/src/fastlio2/install/interface/include/interface/interface/srv/detail/save_poses__rosidl_typesupport_fastrtps_cpp.hpp\n'}
[6.428841] (interface) StdoutLine: {'line': b'-- Installing: /home/haiboliu/project/vln/localization/src/fastlio2/install/interface/include/interface/interface/srv/detail/dds_fastrtps\n'}
[6.428907] (interface) StdoutLine: {'line': b'-- Installing: /home/haiboliu/project/vln/localization/src/fastlio2/install/interface/include/interface/interface/srv/detail/is_valid__rosidl_typesupport_fastrtps_cpp.hpp\n'}
[6.429022] (interface) StdoutLine: {'line': b'-- Installing: /home/haiboliu/project/vln/localization/src/fastlio2/install/interface/include/interface/interface/srv/detail/relocalize__rosidl_typesupport_fastrtps_cpp.hpp\n'}
[6.429158] (interface) StdoutLine: {'line': b'-- Installing: /home/haiboliu/project/vln/localization/src/fastlio2/install/interface/include/interface/interface/srv/detail/refine_map__rosidl_typesupport_fastrtps_cpp.hpp\n'}
[6.429378] (interface) StdoutLine: {'line': b'-- Installing: /home/haiboliu/project/vln/localization/src/fastlio2/install/interface/include/interface/interface/srv/detail/save_maps__rosidl_typesupport_fastrtps_cpp.hpp\n'}
[6.429503] (interface) StdoutLine: {'line': b'-- Up-to-date: /home/haiboliu/project/vln/localization/src/fastlio2/install/interface/include/interface/interface/msg\n'}
[6.429595] (interface) StdoutLine: {'line': b'-- Installing: /home/haiboliu/project/vln/localization/src/fastlio2/install/interface/include/interface/interface/msg/rosidl_typesupport_fastrtps_cpp__visibility_control.h\n'}
[6.429668] (interface) StdoutLine: {'line': b'-- Installing: /home/haiboliu/project/vln/localization/src/fastlio2/install/interface/lib/libinterface__rosidl_typesupport_fastrtps_cpp.so\n'}
[6.430164] (interface) StdoutLine: {'line': b'-- Set runtime path of "/home/haiboliu/project/vln/localization/src/fastlio2/install/interface/lib/libinterface__rosidl_typesupport_fastrtps_cpp.so" to ""\n'}
[6.430272] (interface) StdoutLine: {'line': b'-- Up-to-date: /home/haiboliu/project/vln/localization/src/fastlio2/install/interface/include/interface/interface\n'}
[6.430346] (interface) StdoutLine: {'line': b'-- Up-to-date: /home/haiboliu/project/vln/localization/src/fastlio2/install/interface/include/interface/interface/srv\n'}
[6.430395] (interface) StdoutLine: {'line': b'-- Up-to-date: /home/haiboliu/project/vln/localization/src/fastlio2/install/interface/include/interface/interface/srv/detail\n'}
[6.430474] (interface) StdoutLine: {'line': b'-- Installing: /home/haiboliu/project/vln/localization/src/fastlio2/install/interface/include/interface/interface/srv/detail/save_maps__type_support.c\n'}
[6.430542] (interface) StdoutLine: {'line': b'-- Installing: /home/haiboliu/project/vln/localization/src/fastlio2/install/interface/include/interface/interface/srv/detail/save_poses__type_support.c\n'}
[6.430645] (interface) StdoutLine: {'line': b'-- Installing: /home/haiboliu/project/vln/localization/src/fastlio2/install/interface/include/interface/interface/srv/detail/is_valid__type_support.c\n'}
[6.430783] (interface) StdoutLine: {'line': b'-- Installing: /home/haiboliu/project/vln/localization/src/fastlio2/install/interface/include/interface/interface/srv/detail/save_poses__rosidl_typesupport_introspection_c.h\n'}
[6.430917] (interface) StdoutLine: {'line': b'-- Installing: /home/haiboliu/project/vln/localization/src/fastlio2/install/interface/include/interface/interface/srv/detail/refine_map__type_support.c\n'}
[6.431118] (interface) StdoutLine: {'line': b'-- Installing: /home/haiboliu/project/vln/localization/src/fastlio2/install/interface/include/interface/interface/srv/detail/refine_map__rosidl_typesupport_introspection_c.h\n'}
[6.431256] (interface) StdoutLine: {'line': b'-- Installing: /home/haiboliu/project/vln/localization/src/fastlio2/install/interface/include/interface/interface/srv/detail/is_valid__rosidl_typesupport_introspection_c.h\n'}
[6.431554] (interface) StdoutLine: {'line': b'-- Installing: /home/haiboliu/project/vln/localization/src/fastlio2/install/interface/include/interface/interface/srv/detail/relocalize__type_support.c\n'}
[6.431687] (interface) StdoutLine: {'line': b'-- Installing: /home/haiboliu/project/vln/localization/src/fastlio2/install/interface/include/interface/interface/srv/detail/save_maps__rosidl_typesupport_introspection_c.h\n'}
[6.431779] (interface) StdoutLine: {'line': b'-- Installing: /home/haiboliu/project/vln/localization/src/fastlio2/install/interface/include/interface/interface/srv/detail/relocalize__rosidl_typesupport_introspection_c.h\n'}
[6.431897] (interface) StdoutLine: {'line': b'-- Up-to-date: /home/haiboliu/project/vln/localization/src/fastlio2/install/interface/include/interface/interface/msg\n'}
[6.431986] (interface) StdoutLine: {'line': b'-- Installing: /home/haiboliu/project/vln/localization/src/fastlio2/install/interface/include/interface/interface/msg/rosidl_typesupport_introspection_c__visibility_control.h\n'}
[6.432110] (interface) StdoutLine: {'line': b'-- Installing: /home/haiboliu/project/vln/localization/src/fastlio2/install/interface/lib/libinterface__rosidl_typesupport_introspection_c.so\n'}
[6.432574] (interface) StdoutLine: {'line': b'-- Set runtime path of "/home/haiboliu/project/vln/localization/src/fastlio2/install/interface/lib/libinterface__rosidl_typesupport_introspection_c.so" to ""\n'}
[6.432662] (interface) StdoutLine: {'line': b'-- Installing: /home/haiboliu/project/vln/localization/src/fastlio2/install/interface/lib/libinterface__rosidl_typesupport_c.so\n'}
[6.433018] (interface) StdoutLine: {'line': b'-- Set runtime path of "/home/haiboliu/project/vln/localization/src/fastlio2/install/interface/lib/libinterface__rosidl_typesupport_c.so" to ""\n'}
[6.433111] (interface) StdoutLine: {'line': b'-- Up-to-date: /home/haiboliu/project/vln/localization/src/fastlio2/install/interface/include/interface/interface\n'}
[6.433232] (interface) StdoutLine: {'line': b'-- Up-to-date: /home/haiboliu/project/vln/localization/src/fastlio2/install/interface/include/interface/interface/srv\n'}
[6.433293] (interface) StdoutLine: {'line': b'-- Up-to-date: /home/haiboliu/project/vln/localization/src/fastlio2/install/interface/include/interface/interface/srv/detail\n'}
[6.433373] (interface) StdoutLine: {'line': b'-- Installing: /home/haiboliu/project/vln/localization/src/fastlio2/install/interface/include/interface/interface/srv/detail/refine_map__type_support.cpp\n'}
[6.433417] (interface) StdoutLine: {'line': b'-- Installing: /home/haiboliu/project/vln/localization/src/fastlio2/install/interface/include/interface/interface/srv/detail/save_poses__type_support.cpp\n'}
[6.433491] (interface) StdoutLine: {'line': b'-- Installing: /home/haiboliu/project/vln/localization/src/fastlio2/install/interface/include/interface/interface/srv/detail/relocalize__type_support.cpp\n'}
[6.433593] (interface) StdoutLine: {'line': b'-- Installing: /home/haiboliu/project/vln/localization/src/fastlio2/install/interface/include/interface/interface/srv/detail/save_maps__type_support.cpp\n'}
[6.433745] (interface) StdoutLine: {'line': b'-- Installing: /home/haiboliu/project/vln/localization/src/fastlio2/install/interface/include/interface/interface/srv/detail/save_maps__rosidl_typesupport_introspection_cpp.hpp\n'}
[6.433940] (interface) StdoutLine: {'line': b'-- Installing: /home/haiboliu/project/vln/localization/src/fastlio2/install/interface/include/interface/interface/srv/detail/refine_map__rosidl_typesupport_introspection_cpp.hpp\n'}
[6.434080] (interface) StdoutLine: {'line': b'-- Installing: /home/haiboliu/project/vln/localization/src/fastlio2/install/interface/include/interface/interface/srv/detail/save_poses__rosidl_typesupport_introspection_cpp.hpp\n'}
[6.434245] (interface) StdoutLine: {'line': b'-- Installing: /home/haiboliu/project/vln/localization/src/fastlio2/install/interface/include/interface/interface/srv/detail/is_valid__type_support.cpp\n'}
[6.434395] (interface) StdoutLine: {'line': b'-- Installing: /home/haiboliu/project/vln/localization/src/fastlio2/install/interface/include/interface/interface/srv/detail/is_valid__rosidl_typesupport_introspection_cpp.hpp\n'}
[6.434534] (interface) StdoutLine: {'line': b'-- Installing: /home/haiboliu/project/vln/localization/src/fastlio2/install/interface/include/interface/interface/srv/detail/relocalize__rosidl_typesupport_introspection_cpp.hpp\n'}
[6.434665] (interface) StdoutLine: {'line': b'-- Installing: /home/haiboliu/project/vln/localization/src/fastlio2/install/interface/lib/libinterface__rosidl_typesupport_introspection_cpp.so\n'}
[6.435163] (interface) StdoutLine: {'line': b'-- Set runtime path of "/home/haiboliu/project/vln/localization/src/fastlio2/install/interface/lib/libinterface__rosidl_typesupport_introspection_cpp.so" to ""\n'}
[6.435252] (interface) StdoutLine: {'line': b'-- Installing: /home/haiboliu/project/vln/localization/src/fastlio2/install/interface/lib/libinterface__rosidl_typesupport_cpp.so\n'}
[6.435601] (interface) StdoutLine: {'line': b'-- Set runtime path of "/home/haiboliu/project/vln/localization/src/fastlio2/install/interface/lib/libinterface__rosidl_typesupport_cpp.so" to ""\n'}
[6.435680] (interface) StdoutLine: {'line': b'-- Installing: /home/haiboliu/project/vln/localization/src/fastlio2/install/interface/share/interface/environment/pythonpath.sh\n'}
[6.435776] (interface) StdoutLine: {'line': b'-- Installing: /home/haiboliu/project/vln/localization/src/fastlio2/install/interface/share/interface/environment/pythonpath.dsv\n'}
[6.435911] (interface) StdoutLine: {'line': b'-- Installing: /home/haiboliu/project/vln/localization/src/fastlio2/install/interface/local/lib/python3.10/dist-packages/interface-0.0.0-py3.10.egg-info\n'}
[6.436171] (interface) StdoutLine: {'line': b'-- Installing: /home/haiboliu/project/vln/localization/src/fastlio2/install/interface/local/lib/python3.10/dist-packages/interface-0.0.0-py3.10.egg-info/dependency_links.txt\n'}
[6.436363] (interface) StdoutLine: {'line': b'-- Installing: /home/haiboliu/project/vln/localization/src/fastlio2/install/interface/local/lib/python3.10/dist-packages/interface-0.0.0-py3.10.egg-info/SOURCES.txt\n'}
[6.436489] (interface) StdoutLine: {'line': b'-- Installing: /home/haiboliu/project/vln/localization/src/fastlio2/install/interface/local/lib/python3.10/dist-packages/interface-0.0.0-py3.10.egg-info/top_level.txt\n'}
[6.436612] (interface) StdoutLine: {'line': b'-- Installing: /home/haiboliu/project/vln/localization/src/fastlio2/install/interface/local/lib/python3.10/dist-packages/interface-0.0.0-py3.10.egg-info/PKG-INFO\n'}
[6.436781] (interface) StdoutLine: {'line': b'-- Installing: /home/haiboliu/project/vln/localization/src/fastlio2/install/interface/local/lib/python3.10/dist-packages/interface\n'}
[6.436889] (interface) StdoutLine: {'line': b'-- Installing: /home/haiboliu/project/vln/localization/src/fastlio2/install/interface/local/lib/python3.10/dist-packages/interface/interface_s__rosidl_typesupport_introspection_c.cpython-310-x86_64-linux-gnu.so\n'}
[6.437067] (interface) StdoutLine: {'line': b'-- Installing: /home/haiboliu/project/vln/localization/src/fastlio2/install/interface/local/lib/python3.10/dist-packages/interface/__init__.py\n'}
[6.437136] (interface) StdoutLine: {'line': b'-- Installing: /home/haiboliu/project/vln/localization/src/fastlio2/install/interface/local/lib/python3.10/dist-packages/interface/srv\n'}
[6.437212] (interface) StdoutLine: {'line': b'-- Installing: /home/haiboliu/project/vln/localization/src/fastlio2/install/interface/local/lib/python3.10/dist-packages/interface/srv/_is_valid_s.c\n'}
[6.437345] (interface) StdoutLine: {'line': b'-- Installing: /home/haiboliu/project/vln/localization/src/fastlio2/install/interface/local/lib/python3.10/dist-packages/interface/srv/__init__.py\n'}
[6.437490] (interface) StdoutLine: {'line': b'-- Installing: /home/haiboliu/project/vln/localization/src/fastlio2/install/interface/local/lib/python3.10/dist-packages/interface/srv/_relocalize_s.c\n'}
[6.437621] (interface) StdoutLine: {'line': b'-- Installing: /home/haiboliu/project/vln/localization/src/fastlio2/install/interface/local/lib/python3.10/dist-packages/interface/srv/_refine_map.py\n'}
[6.437735] (interface) StdoutLine: {'line': b'-- Installing: /home/haiboliu/project/vln/localization/src/fastlio2/install/interface/local/lib/python3.10/dist-packages/interface/srv/_refine_map_s.c\n'}
[6.437862] (interface) StdoutLine: {'line': b'-- Installing: /home/haiboliu/project/vln/localization/src/fastlio2/install/interface/local/lib/python3.10/dist-packages/interface/srv/_save_poses_s.c\n'}
[6.437993] (interface) StdoutLine: {'line': b'-- Installing: /home/haiboliu/project/vln/localization/src/fastlio2/install/interface/local/lib/python3.10/dist-packages/interface/srv/_is_valid.py\n'}
[6.438129] (interface) StdoutLine: {'line': b'-- Installing: /home/haiboliu/project/vln/localization/src/fastlio2/install/interface/local/lib/python3.10/dist-packages/interface/srv/_relocalize.py\n'}
[6.438336] (interface) StdoutLine: {'line': b'-- Installing: /home/haiboliu/project/vln/localization/src/fastlio2/install/interface/local/lib/python3.10/dist-packages/interface/srv/_save_poses.py\n'}
[6.438473] (interface) StdoutLine: {'line': b'-- Installing: /home/haiboliu/project/vln/localization/src/fastlio2/install/interface/local/lib/python3.10/dist-packages/interface/srv/_save_maps.py\n'}
[6.438614] (interface) StdoutLine: {'line': b'-- Installing: /home/haiboliu/project/vln/localization/src/fastlio2/install/interface/local/lib/python3.10/dist-packages/interface/srv/_save_maps_s.c\n'}
[6.438757] (interface) StdoutLine: {'line': b'-- Installing: /home/haiboliu/project/vln/localization/src/fastlio2/install/interface/local/lib/python3.10/dist-packages/interface/_interface_s.ep.rosidl_typesupport_introspection_c.c\n'}
[6.438953] (interface) StdoutLine: {'line': b'-- Installing: /home/haiboliu/project/vln/localization/src/fastlio2/install/interface/local/lib/python3.10/dist-packages/interface/interface_s__rosidl_typesupport_c.cpython-310-x86_64-linux-gnu.so\n'}
[6.439129] (interface) StdoutLine: {'line': b'-- Installing: /home/haiboliu/project/vln/localization/src/fastlio2/install/interface/local/lib/python3.10/dist-packages/interface/_interface_s.ep.rosidl_typesupport_c.c\n'}
[6.439357] (interface) StdoutLine: {'line': b'-- Installing: /home/haiboliu/project/vln/localization/src/fastlio2/install/interface/local/lib/python3.10/dist-packages/interface/libinterface__rosidl_generator_py.so\n'}
[6.439544] (interface) StdoutLine: {'line': b'-- Installing: /home/haiboliu/project/vln/localization/src/fastlio2/install/interface/local/lib/python3.10/dist-packages/interface/interface_s__rosidl_typesupport_fastrtps_c.cpython-310-x86_64-linux-gnu.so\n'}
[6.439715] (interface) StdoutLine: {'line': b'-- Installing: /home/haiboliu/project/vln/localization/src/fastlio2/install/interface/local/lib/python3.10/dist-packages/interface/_interface_s.ep.rosidl_typesupport_fastrtps_c.c\n'}
[6.475534] (interface) StdoutLine: {'line': b"Listing '/home/haiboliu/project/vln/localization/src/fastlio2/install/interface/local/lib/python3.10/dist-packages/interface'...\n"}
[6.475774] (interface) StdoutLine: {'line': b"Compiling '/home/haiboliu/project/vln/localization/src/fastlio2/install/interface/local/lib/python3.10/dist-packages/interface/__init__.py'...\n"}
[6.475875] (interface) StdoutLine: {'line': b"Listing '/home/haiboliu/project/vln/localization/src/fastlio2/install/interface/local/lib/python3.10/dist-packages/interface/srv'...\n"}
[6.475963] (interface) StdoutLine: {'line': b"Compiling '/home/haiboliu/project/vln/localization/src/fastlio2/install/interface/local/lib/python3.10/dist-packages/interface/srv/__init__.py'...\n"}
[6.476049] (interface) StdoutLine: {'line': b"Compiling '/home/haiboliu/project/vln/localization/src/fastlio2/install/interface/local/lib/python3.10/dist-packages/interface/srv/_is_valid.py'...\n"}
[6.476134] (interface) StdoutLine: {'line': b"Compiling '/home/haiboliu/project/vln/localization/src/fastlio2/install/interface/local/lib/python3.10/dist-packages/interface/srv/_refine_map.py'...\n"}
[6.476253] (interface) StdoutLine: {'line': b"Compiling '/home/haiboliu/project/vln/localization/src/fastlio2/install/interface/local/lib/python3.10/dist-packages/interface/srv/_relocalize.py'...\n"}
[6.476347] (interface) StdoutLine: {'line': b"Compiling '/home/haiboliu/project/vln/localization/src/fastlio2/install/interface/local/lib/python3.10/dist-packages/interface/srv/_save_maps.py'...\n"}
[6.476435] (interface) StdoutLine: {'line': b"Compiling '/home/haiboliu/project/vln/localization/src/fastlio2/install/interface/local/lib/python3.10/dist-packages/interface/srv/_save_poses.py'...\n"}
[6.480278] (interface) StdoutLine: {'line': b'-- Installing: /home/haiboliu/project/vln/localization/src/fastlio2/install/interface/local/lib/python3.10/dist-packages/interface/interface_s__rosidl_typesupport_fastrtps_c.cpython-310-x86_64-linux-gnu.so\n'}
[6.480596] (interface) StdoutLine: {'line': b'-- Set runtime path of "/home/haiboliu/project/vln/localization/src/fastlio2/install/interface/local/lib/python3.10/dist-packages/interface/interface_s__rosidl_typesupport_fastrtps_c.cpython-310-x86_64-linux-gnu.so" to ""\n'}
[6.480931] (interface) StdoutLine: {'line': b'-- Installing: /home/haiboliu/project/vln/localization/src/fastlio2/install/interface/local/lib/python3.10/dist-packages/interface/interface_s__rosidl_typesupport_introspection_c.cpython-310-x86_64-linux-gnu.so\n'}
[6.481708] (interface) StdoutLine: {'line': b'-- Set runtime path of "/home/haiboliu/project/vln/localization/src/fastlio2/install/interface/local/lib/python3.10/dist-packages/interface/interface_s__rosidl_typesupport_introspection_c.cpython-310-x86_64-linux-gnu.so" to ""\n'}
[6.481909] (interface) StdoutLine: {'line': b'-- Installing: /home/haiboliu/project/vln/localization/src/fastlio2/install/interface/local/lib/python3.10/dist-packages/interface/interface_s__rosidl_typesupport_c.cpython-310-x86_64-linux-gnu.so\n'}
[6.482248] (interface) StdoutLine: {'line': b'-- Set runtime path of "/home/haiboliu/project/vln/localization/src/fastlio2/install/interface/local/lib/python3.10/dist-packages/interface/interface_s__rosidl_typesupport_c.cpython-310-x86_64-linux-gnu.so" to ""\n'}
[6.482419] (interface) StdoutLine: {'line': b'-- Installing: /home/haiboliu/project/vln/localization/src/fastlio2/install/interface/lib/libinterface__rosidl_generator_py.so\n'}
[6.482694] (interface) StdoutLine: {'line': b'-- Set runtime path of "/home/haiboliu/project/vln/localization/src/fastlio2/install/interface/lib/libinterface__rosidl_generator_py.so" to ""\n'}
[6.482831] (interface) StdoutLine: {'line': b'-- Installing: /home/haiboliu/project/vln/localization/src/fastlio2/install/interface/share/interface/srv/SaveMaps.idl\n'}
[6.482960] (interface) StdoutLine: {'line': b'-- Installing: /home/haiboliu/project/vln/localization/src/fastlio2/install/interface/share/interface/srv/Relocalize.idl\n'}
[6.483151] (interface) StdoutLine: {'line': b'-- Installing: /home/haiboliu/project/vln/localization/src/fastlio2/install/interface/share/interface/srv/IsValid.idl\n'}
[6.483325] (interface) StdoutLine: {'line': b'-- Installing: /home/haiboliu/project/vln/localization/src/fastlio2/install/interface/share/interface/srv/RefineMap.idl\n'}
[6.483475] (interface) StdoutLine: {'line': b'-- Installing: /home/haiboliu/project/vln/localization/src/fastlio2/install/interface/share/interface/srv/SavePoses.idl\n'}
[6.483628] (interface) StdoutLine: {'line': b'-- Installing: /home/haiboliu/project/vln/localization/src/fastlio2/install/interface/share/interface/srv/SaveMaps.srv\n'}
[6.483773] (interface) StdoutLine: {'line': b'-- Installing: /home/haiboliu/project/vln/localization/src/fastlio2/install/interface/share/interface/srv/SaveMaps_Request.msg\n'}
[6.483915] (interface) StdoutLine: {'line': b'-- Installing: /home/haiboliu/project/vln/localization/src/fastlio2/install/interface/share/interface/srv/SaveMaps_Response.msg\n'}
[6.484058] (interface) StdoutLine: {'line': b'-- Installing: /home/haiboliu/project/vln/localization/src/fastlio2/install/interface/share/interface/srv/Relocalize.srv\n'}
[6.484215] (interface) StdoutLine: {'line': b'-- Installing: /home/haiboliu/project/vln/localization/src/fastlio2/install/interface/share/interface/srv/Relocalize_Request.msg\n'}
[6.484378] (interface) StdoutLine: {'line': b'-- Installing: /home/haiboliu/project/vln/localization/src/fastlio2/install/interface/share/interface/srv/Relocalize_Response.msg\n'}
[6.484503] (interface) StdoutLine: {'line': b'-- Installing: /home/haiboliu/project/vln/localization/src/fastlio2/install/interface/share/interface/srv/IsValid.srv\n'}
[6.484642] (interface) StdoutLine: {'line': b'-- Installing: /home/haiboliu/project/vln/localization/src/fastlio2/install/interface/share/interface/srv/IsValid_Request.msg\n'}
[6.484784] (interface) StdoutLine: {'line': b'-- Installing: /home/haiboliu/project/vln/localization/src/fastlio2/install/interface/share/interface/srv/IsValid_Response.msg\n'}
[6.484925] (interface) StdoutLine: {'line': b'-- Installing: /home/haiboliu/project/vln/localization/src/fastlio2/install/interface/share/interface/srv/RefineMap.srv\n'}
[6.485067] (interface) StdoutLine: {'line': b'-- Installing: /home/haiboliu/project/vln/localization/src/fastlio2/install/interface/share/interface/srv/RefineMap_Request.msg\n'}
[6.485223] (interface) StdoutLine: {'line': b'-- Installing: /home/haiboliu/project/vln/localization/src/fastlio2/install/interface/share/interface/srv/RefineMap_Response.msg\n'}
[6.485385] (interface) StdoutLine: {'line': b'-- Installing: /home/haiboliu/project/vln/localization/src/fastlio2/install/interface/share/interface/srv/SavePoses.srv\n'}
[6.485502] (interface) StdoutLine: {'line': b'-- Installing: /home/haiboliu/project/vln/localization/src/fastlio2/install/interface/share/interface/srv/SavePoses_Request.msg\n'}
[6.485641] (interface) StdoutLine: {'line': b'-- Installing: /home/haiboliu/project/vln/localization/src/fastlio2/install/interface/share/interface/srv/SavePoses_Response.msg\n'}
[6.485774] (interface) StdoutLine: {'line': b'-- Installing: /home/haiboliu/project/vln/localization/src/fastlio2/install/interface/share/ament_index/resource_index/package_run_dependencies/interface\n'}
[6.485969] (interface) StdoutLine: {'line': b'-- Installing: /home/haiboliu/project/vln/localization/src/fastlio2/install/interface/share/ament_index/resource_index/parent_prefix_path/interface\n'}
[6.486116] (interface) StdoutLine: {'line': b'-- Installing: /home/haiboliu/project/vln/localization/src/fastlio2/install/interface/share/interface/environment/ament_prefix_path.sh\n'}
[6.486326] (interface) StdoutLine: {'line': b'-- Installing: /home/haiboliu/project/vln/localization/src/fastlio2/install/interface/share/interface/environment/ament_prefix_path.dsv\n'}
[6.486476] (interface) StdoutLine: {'line': b'-- Installing: /home/haiboliu/project/vln/localization/src/fastlio2/install/interface/share/interface/environment/path.sh\n'}
[6.486624] (interface) StdoutLine: {'line': b'-- Installing: /home/haiboliu/project/vln/localization/src/fastlio2/install/interface/share/interface/environment/path.dsv\n'}
[6.486766] (interface) StdoutLine: {'line': b'-- Installing: /home/haiboliu/project/vln/localization/src/fastlio2/install/interface/share/interface/local_setup.bash\n'}
[6.486905] (interface) StdoutLine: {'line': b'-- Installing: /home/haiboliu/project/vln/localization/src/fastlio2/install/interface/share/interface/local_setup.sh\n'}
[6.487042] (interface) StdoutLine: {'line': b'-- Installing: /home/haiboliu/project/vln/localization/src/fastlio2/install/interface/share/interface/local_setup.zsh\n'}
[6.487193] (interface) StdoutLine: {'line': b'-- Installing: /home/haiboliu/project/vln/localization/src/fastlio2/install/interface/share/interface/local_setup.dsv\n'}
[6.487335] (interface) StdoutLine: {'line': b'-- Installing: /home/haiboliu/project/vln/localization/src/fastlio2/install/interface/share/interface/package.dsv\n'}
[6.487535] (interface) StdoutLine: {'line': b'-- Installing: /home/haiboliu/project/vln/localization/src/fastlio2/install/interface/share/ament_index/resource_index/packages/interface\n'}
[6.487707] (interface) StdoutLine: {'line': b'-- Installing: /home/haiboliu/project/vln/localization/src/fastlio2/install/interface/share/interface/cmake/export_interface__rosidl_generator_cExport.cmake\n'}
[6.487847] (interface) StdoutLine: {'line': b'-- Installing: /home/haiboliu/project/vln/localization/src/fastlio2/install/interface/share/interface/cmake/export_interface__rosidl_generator_cExport-noconfig.cmake\n'}
[6.488002] (interface) StdoutLine: {'line': b'-- Installing: /home/haiboliu/project/vln/localization/src/fastlio2/install/interface/share/interface/cmake/export_interface__rosidl_typesupport_fastrtps_cExport.cmake\n'}
[6.488160] (interface) StdoutLine: {'line': b'-- Installing: /home/haiboliu/project/vln/localization/src/fastlio2/install/interface/share/interface/cmake/export_interface__rosidl_typesupport_fastrtps_cExport-noconfig.cmake\n'}
[6.488338] (interface) StdoutLine: {'line': b'-- Installing: /home/haiboliu/project/vln/localization/src/fastlio2/install/interface/share/interface/cmake/export_interface__rosidl_generator_cppExport.cmake\n'}
[6.488493] (interface) StdoutLine: {'line': b'-- Installing: /home/haiboliu/project/vln/localization/src/fastlio2/install/interface/share/interface/cmake/export_interface__rosidl_typesupport_fastrtps_cppExport.cmake\n'}
[6.488644] (interface) StdoutLine: {'line': b'-- Installing: /home/haiboliu/project/vln/localization/src/fastlio2/install/interface/share/interface/cmake/export_interface__rosidl_typesupport_fastrtps_cppExport-noconfig.cmake\n'}
[6.488805] (interface) StdoutLine: {'line': b'-- Installing: /home/haiboliu/project/vln/localization/src/fastlio2/install/interface/share/interface/cmake/interface__rosidl_typesupport_introspection_cExport.cmake\n'}
[6.488958] (interface) StdoutLine: {'line': b'-- Installing: /home/haiboliu/project/vln/localization/src/fastlio2/install/interface/share/interface/cmake/interface__rosidl_typesupport_introspection_cExport-noconfig.cmake\n'}
[6.489113] (interface) StdoutLine: {'line': b'-- Installing: /home/haiboliu/project/vln/localization/src/fastlio2/install/interface/share/interface/cmake/interface__rosidl_typesupport_cExport.cmake\n'}
[6.489278] (interface) StdoutLine: {'line': b'-- Installing: /home/haiboliu/project/vln/localization/src/fastlio2/install/interface/share/interface/cmake/interface__rosidl_typesupport_cExport-noconfig.cmake\n'}
[6.489443] (interface) StdoutLine: {'line': b'-- Installing: /home/haiboliu/project/vln/localization/src/fastlio2/install/interface/share/interface/cmake/interface__rosidl_typesupport_introspection_cppExport.cmake\n'}
[6.489600] (interface) StdoutLine: {'line': b'-- Installing: /home/haiboliu/project/vln/localization/src/fastlio2/install/interface/share/interface/cmake/interface__rosidl_typesupport_introspection_cppExport-noconfig.cmake\n'}
[6.489765] (interface) StdoutLine: {'line': b'-- Installing: /home/haiboliu/project/vln/localization/src/fastlio2/install/interface/share/interface/cmake/interface__rosidl_typesupport_cppExport.cmake\n'}
[6.489924] (interface) StdoutLine: {'line': b'-- Installing: /home/haiboliu/project/vln/localization/src/fastlio2/install/interface/share/interface/cmake/interface__rosidl_typesupport_cppExport-noconfig.cmake\n'}
[6.490076] (interface) StdoutLine: {'line': b'-- Installing: /home/haiboliu/project/vln/localization/src/fastlio2/install/interface/share/interface/cmake/export_interface__rosidl_generator_pyExport.cmake\n'}
[6.490244] (interface) StdoutLine: {'line': b'-- Installing: /home/haiboliu/project/vln/localization/src/fastlio2/install/interface/share/interface/cmake/export_interface__rosidl_generator_pyExport-noconfig.cmake\n'}
[6.490425] (interface) StdoutLine: {'line': b'-- Installing: /home/haiboliu/project/vln/localization/src/fastlio2/install/interface/share/interface/cmake/rosidl_cmake-extras.cmake\n'}
[6.490554] (interface) StdoutLine: {'line': b'-- Installing: /home/haiboliu/project/vln/localization/src/fastlio2/install/interface/share/interface/cmake/ament_cmake_export_dependencies-extras.cmake\n'}
[6.490682] (interface) StdoutLine: {'line': b'-- Installing: /home/haiboliu/project/vln/localization/src/fastlio2/install/interface/share/interface/cmake/ament_cmake_export_include_directories-extras.cmake\n'}
[6.490855] (interface) StdoutLine: {'line': b'-- Installing: /home/haiboliu/project/vln/localization/src/fastlio2/install/interface/share/interface/cmake/ament_cmake_export_libraries-extras.cmake\n'}
[6.491041] (interface) StdoutLine: {'line': b'-- Installing: /home/haiboliu/project/vln/localization/src/fastlio2/install/interface/share/interface/cmake/ament_cmake_export_targets-extras.cmake\n'}
[6.491243] (interface) StdoutLine: {'line': b'-- Installing: /home/haiboliu/project/vln/localization/src/fastlio2/install/interface/share/interface/cmake/rosidl_cmake_export_typesupport_targets-extras.cmake\n'}
[6.491474] (interface) StdoutLine: {'line': b'-- Installing: /home/haiboliu/project/vln/localization/src/fastlio2/install/interface/share/interface/cmake/rosidl_cmake_export_typesupport_libraries-extras.cmake\n'}
[6.491629] (interface) StdoutLine: {'line': b'-- Installing: /home/haiboliu/project/vln/localization/src/fastlio2/install/interface/share/interface/cmake/interfaceConfig.cmake\n'}
[6.491781] (interface) StdoutLine: {'line': b'-- Installing: /home/haiboliu/project/vln/localization/src/fastlio2/install/interface/share/interface/cmake/interfaceConfig-version.cmake\n'}
[6.491902] (interface) StdoutLine: {'line': b'-- Installing: /home/haiboliu/project/vln/localization/src/fastlio2/install/interface/share/interface/package.xml\n'}
[6.494853] (interface) CommandEnded: {'returncode': 0}
[6.516035] (fastlio2) StdoutLine: {'line': b'-- Found Python3: /usr/bin/python3 (found version "3.10.12") found components: Interpreter \n'}
[6.521336] (-) TimerEvent: {}
[6.522572] (interface) JobEnded: {'identifier': 'interface', 'rc': 0}
[6.523455] (hba) JobStarted: {'identifier': 'hba'}
[6.528281] (localizer) JobStarted: {'identifier': 'localizer'}
[6.535259] (pgo) JobStarted: {'identifier': 'pgo'}
[6.544424] (hba) JobProgress: {'identifier': 'hba', 'progress': 'cmake'}
[6.545464] (hba) Command: {'cmd': ['/usr/bin/cmake', '/home/haiboliu/project/vln/localization/src/fastlio2/hba', '-DCMAKE_INSTALL_PREFIX=/home/haiboliu/project/vln/localization/src/fastlio2/install/hba'], 'cwd': '/home/haiboliu/project/vln/localization/src/fastlio2/build/hba', 'env': OrderedDict([('LESSOPEN', '| /usr/bin/lesspipe %s'), ('USER', 'haiboliu'), ('LC_TIME', 'zh_CN.UTF-8'), ('XDG_SESSION_TYPE', 'wayland'), ('SHLVL', '1'), ('LD_LIBRARY_PATH', '/home/haiboliu/project/vln/localization/src/fastlio2/install/interface/lib:/opt/ros/humble/opt/rviz_ogre_vendor/lib:/opt/ros/humble/lib/x86_64-linux-gnu:/opt/ros/humble/lib'), ('HOME', '/home/haiboliu'), ('OLDPWD', '/home/haiboliu/project/vln/localization/src'), ('DESKTOP_SESSION', 'ubuntu'), ('ROS_PYTHON_VERSION', '3'), ('GNOME_SHELL_SESSION_MODE', 'ubuntu'), ('GTK_MODULES', 'gail:atk-bridge'), ('LC_MONETARY', 'zh_CN.UTF-8'), ('SYSTEMD_EXEC_PID', '1818'), ('DBUS_SESSION_BUS_ADDRESS', 'unix:path=/run/user/1001/bus'), ('COLORTERM', 'truecolor'), ('IM_CONFIG_PHASE', '1'), ('WAYLAND_DISPLAY', 'wayland-0'), ('ROS_DISTRO', 'humble'), ('LOGNAME', 'haiboliu'), ('_', '/usr/bin/colcon'), ('ROS_VERSION', '2'), ('XDG_SESSION_CLASS', 'user'), ('USERNAME', 'haiboliu'), ('TERM', 'xterm-256color'), ('GNOME_DESKTOP_SESSION_ID', 'this-is-deprecated'), ('ROS_LOCALHOST_ONLY', '0'), ('PATH', '/opt/ros/humble/bin:/usr/local/sbin:/usr/local/bin:/usr/sbin:/usr/bin:/sbin:/bin:/usr/games:/usr/local/games:/snap/bin:/snap/bin'), ('SESSION_MANAGER', 'local/CNBEDZPL210029:@/tmp/.ICE-unix/1790,unix/CNBEDZPL210029:/tmp/.ICE-unix/1790'), ('XDG_MENU_PREFIX', 'gnome-'), ('LC_ADDRESS', 'zh_CN.UTF-8'), ('GNOME_TERMINAL_SCREEN', '/org/gnome/Terminal/screen/f317baec_4654_4e46_9450_13a654dfa23f'), ('GNOME_SETUP_DISPLAY', ':1'), ('XDG_RUNTIME_DIR', '/run/user/1001'), ('DISPLAY', ':0'), ('LANG', 'en_US.UTF-8'), ('XDG_CURRENT_DESKTOP', 'ubuntu:GNOME'), ('LC_TELEPHONE', 'zh_CN.UTF-8'), ('XMODIFIERS', '@im=ibus'), ('XDG_SESSION_DESKTOP', 'ubuntu'), ('XAUTHORITY', '/run/user/1001/.mutter-Xwaylandauth.SZOGC3'), ('LS_COLORS', 'rs=0:di=01;34:ln=01;36:mh=00:pi=40;33:so=01;35:do=01;35:bd=40;33;01:cd=40;33;01:or=40;31;01:mi=00:su=37;41:sg=30;43:ca=30;41:tw=30;42:ow=34;42:st=37;44:ex=01;32:*.tar=01;31:*.tgz=01;31:*.arc=01;31:*.arj=01;31:*.taz=01;31:*.lha=01;31:*.lz4=01;31:*.lzh=01;31:*.lzma=01;31:*.tlz=01;31:*.txz=01;31:*.tzo=01;31:*.t7z=01;31:*.zip=01;31:*.z=01;31:*.dz=01;31:*.gz=01;31:*.lrz=01;31:*.lz=01;31:*.lzo=01;31:*.xz=01;31:*.zst=01;31:*.tzst=01;31:*.bz2=01;31:*.bz=01;31:*.tbz=01;31:*.tbz2=01;31:*.tz=01;31:*.deb=01;31:*.rpm=01;31:*.jar=01;31:*.war=01;31:*.ear=01;31:*.sar=01;31:*.rar=01;31:*.alz=01;31:*.ace=01;31:*.zoo=01;31:*.cpio=01;31:*.7z=01;31:*.rz=01;31:*.cab=01;31:*.wim=01;31:*.swm=01;31:*.dwm=01;31:*.esd=01;31:*.jpg=01;35:*.jpeg=01;35:*.mjpg=01;35:*.mjpeg=01;35:*.gif=01;35:*.bmp=01;35:*.pbm=01;35:*.pgm=01;35:*.ppm=01;35:*.tga=01;35:*.xbm=01;35:*.xpm=01;35:*.tif=01;35:*.tiff=01;35:*.png=01;35:*.svg=01;35:*.svgz=01;35:*.mng=01;35:*.pcx=01;35:*.mov=01;35:*.mpg=01;35:*.mpeg=01;35:*.m2v=01;35:*.mkv=01;35:*.webm=01;35:*.webp=01;35:*.ogm=01;35:*.mp4=01;35:*.m4v=01;35:*.mp4v=01;35:*.vob=01;35:*.qt=01;35:*.nuv=01;35:*.wmv=01;35:*.asf=01;35:*.rm=01;35:*.rmvb=01;35:*.flc=01;35:*.avi=01;35:*.fli=01;35:*.flv=01;35:*.gl=01;35:*.dl=01;35:*.xcf=01;35:*.xwd=01;35:*.yuv=01;35:*.cgm=01;35:*.emf=01;35:*.ogv=01;35:*.ogx=01;35:*.aac=00;36:*.au=00;36:*.flac=00;36:*.m4a=00;36:*.mid=00;36:*.midi=00;36:*.mka=00;36:*.mp3=00;36:*.mpc=00;36:*.ogg=00;36:*.ra=00;36:*.wav=00;36:*.oga=00;36:*.opus=00;36:*.spx=00;36:*.xspf=00;36:'), ('GNOME_TERMINAL_SERVICE', ':1.283'), ('SSH_AGENT_LAUNCHER', 'gnome-keyring'), ('SSH_AUTH_SOCK', '/run/user/1001/keyring/ssh'), ('AMENT_PREFIX_PATH', '/home/haiboliu/project/vln/localization/src/fastlio2/install/interface:/opt/ros/humble'), ('SHELL', '/bin/bash'), ('LC_NAME', 'zh_CN.UTF-8'), ('QT_ACCESSIBILITY', '1'), ('GDMSESSION', 'ubuntu'), ('LESSCLOSE', '/usr/bin/lesspipe %s %s'), ('LC_MEASUREMENT', 'zh_CN.UTF-8'), ('LC_IDENTIFICATION', 'zh_CN.UTF-8'), ('QT_IM_MODULE', 'ibus'), ('PWD', '/home/haiboliu/project/vln/localization/src/fastlio2/build/hba'), ('XDG_CONFIG_DIRS', '/etc/xdg/xdg-ubuntu:/etc/xdg'), ('XDG_DATA_DIRS', '/usr/share/ubuntu:/usr/local/share/:/usr/share/:/var/lib/snapd/desktop'), ('PYTHONPATH', '/home/haiboliu/project/vln/localization/src/fastlio2/install/interface/local/lib/python3.10/dist-packages:/opt/ros/humble/lib/python3.10/site-packages:/opt/ros/humble/local/lib/python3.10/dist-packages'), ('LC_NUMERIC', 'zh_CN.UTF-8'), ('LC_PAPER', 'zh_CN.UTF-8'), ('COLCON', '1'), ('VTE_VERSION', '6800'), ('CMAKE_PREFIX_PATH', '/home/haiboliu/project/vln/localization/src/fastlio2/install/interface:/opt/ros/humble')]), 'shell': False}
[6.547117] (localizer) JobProgress: {'identifier': 'localizer', 'progress': 'cmake'}
[6.547925] (localizer) Command: {'cmd': ['/usr/bin/cmake', '/home/haiboliu/project/vln/localization/src/fastlio2/localizer', '-DCMAKE_INSTALL_PREFIX=/home/haiboliu/project/vln/localization/src/fastlio2/install/localizer'], 'cwd': '/home/haiboliu/project/vln/localization/src/fastlio2/build/localizer', 'env': OrderedDict([('LESSOPEN', '| /usr/bin/lesspipe %s'), ('USER', 'haiboliu'), ('LC_TIME', 'zh_CN.UTF-8'), ('XDG_SESSION_TYPE', 'wayland'), ('SHLVL', '1'), ('LD_LIBRARY_PATH', '/home/haiboliu/project/vln/localization/src/fastlio2/install/interface/lib:/opt/ros/humble/opt/rviz_ogre_vendor/lib:/opt/ros/humble/lib/x86_64-linux-gnu:/opt/ros/humble/lib'), ('HOME', '/home/haiboliu'), ('OLDPWD', '/home/haiboliu/project/vln/localization/src'), ('DESKTOP_SESSION', 'ubuntu'), ('ROS_PYTHON_VERSION', '3'), ('GNOME_SHELL_SESSION_MODE', 'ubuntu'), ('GTK_MODULES', 'gail:atk-bridge'), ('LC_MONETARY', 'zh_CN.UTF-8'), ('SYSTEMD_EXEC_PID', '1818'), ('DBUS_SESSION_BUS_ADDRESS', 'unix:path=/run/user/1001/bus'), ('COLORTERM', 'truecolor'), ('IM_CONFIG_PHASE', '1'), ('WAYLAND_DISPLAY', 'wayland-0'), ('ROS_DISTRO', 'humble'), ('LOGNAME', 'haiboliu'), ('_', '/usr/bin/colcon'), ('ROS_VERSION', '2'), ('XDG_SESSION_CLASS', 'user'), ('USERNAME', 'haiboliu'), ('TERM', 'xterm-256color'), ('GNOME_DESKTOP_SESSION_ID', 'this-is-deprecated'), ('ROS_LOCALHOST_ONLY', '0'), ('PATH', '/opt/ros/humble/bin:/usr/local/sbin:/usr/local/bin:/usr/sbin:/usr/bin:/sbin:/bin:/usr/games:/usr/local/games:/snap/bin:/snap/bin'), ('SESSION_MANAGER', 'local/CNBEDZPL210029:@/tmp/.ICE-unix/1790,unix/CNBEDZPL210029:/tmp/.ICE-unix/1790'), ('XDG_MENU_PREFIX', 'gnome-'), ('LC_ADDRESS', 'zh_CN.UTF-8'), ('GNOME_TERMINAL_SCREEN', '/org/gnome/Terminal/screen/f317baec_4654_4e46_9450_13a654dfa23f'), ('GNOME_SETUP_DISPLAY', ':1'), ('XDG_RUNTIME_DIR', '/run/user/1001'), ('DISPLAY', ':0'), ('LANG', 'en_US.UTF-8'), ('XDG_CURRENT_DESKTOP', 'ubuntu:GNOME'), ('LC_TELEPHONE', 'zh_CN.UTF-8'), ('XMODIFIERS', '@im=ibus'), ('XDG_SESSION_DESKTOP', 'ubuntu'), ('XAUTHORITY', '/run/user/1001/.mutter-Xwaylandauth.SZOGC3'), ('LS_COLORS', 'rs=0:di=01;34:ln=01;36:mh=00:pi=40;33:so=01;35:do=01;35:bd=40;33;01:cd=40;33;01:or=40;31;01:mi=00:su=37;41:sg=30;43:ca=30;41:tw=30;42:ow=34;42:st=37;44:ex=01;32:*.tar=01;31:*.tgz=01;31:*.arc=01;31:*.arj=01;31:*.taz=01;31:*.lha=01;31:*.lz4=01;31:*.lzh=01;31:*.lzma=01;31:*.tlz=01;31:*.txz=01;31:*.tzo=01;31:*.t7z=01;31:*.zip=01;31:*.z=01;31:*.dz=01;31:*.gz=01;31:*.lrz=01;31:*.lz=01;31:*.lzo=01;31:*.xz=01;31:*.zst=01;31:*.tzst=01;31:*.bz2=01;31:*.bz=01;31:*.tbz=01;31:*.tbz2=01;31:*.tz=01;31:*.deb=01;31:*.rpm=01;31:*.jar=01;31:*.war=01;31:*.ear=01;31:*.sar=01;31:*.rar=01;31:*.alz=01;31:*.ace=01;31:*.zoo=01;31:*.cpio=01;31:*.7z=01;31:*.rz=01;31:*.cab=01;31:*.wim=01;31:*.swm=01;31:*.dwm=01;31:*.esd=01;31:*.jpg=01;35:*.jpeg=01;35:*.mjpg=01;35:*.mjpeg=01;35:*.gif=01;35:*.bmp=01;35:*.pbm=01;35:*.pgm=01;35:*.ppm=01;35:*.tga=01;35:*.xbm=01;35:*.xpm=01;35:*.tif=01;35:*.tiff=01;35:*.png=01;35:*.svg=01;35:*.svgz=01;35:*.mng=01;35:*.pcx=01;35:*.mov=01;35:*.mpg=01;35:*.mpeg=01;35:*.m2v=01;35:*.mkv=01;35:*.webm=01;35:*.webp=01;35:*.ogm=01;35:*.mp4=01;35:*.m4v=01;35:*.mp4v=01;35:*.vob=01;35:*.qt=01;35:*.nuv=01;35:*.wmv=01;35:*.asf=01;35:*.rm=01;35:*.rmvb=01;35:*.flc=01;35:*.avi=01;35:*.fli=01;35:*.flv=01;35:*.gl=01;35:*.dl=01;35:*.xcf=01;35:*.xwd=01;35:*.yuv=01;35:*.cgm=01;35:*.emf=01;35:*.ogv=01;35:*.ogx=01;35:*.aac=00;36:*.au=00;36:*.flac=00;36:*.m4a=00;36:*.mid=00;36:*.midi=00;36:*.mka=00;36:*.mp3=00;36:*.mpc=00;36:*.ogg=00;36:*.ra=00;36:*.wav=00;36:*.oga=00;36:*.opus=00;36:*.spx=00;36:*.xspf=00;36:'), ('GNOME_TERMINAL_SERVICE', ':1.283'), ('SSH_AGENT_LAUNCHER', 'gnome-keyring'), ('SSH_AUTH_SOCK', '/run/user/1001/keyring/ssh'), ('AMENT_PREFIX_PATH', '/home/haiboliu/project/vln/localization/src/fastlio2/install/interface:/opt/ros/humble'), ('SHELL', '/bin/bash'), ('LC_NAME', 'zh_CN.UTF-8'), ('QT_ACCESSIBILITY', '1'), ('GDMSESSION', 'ubuntu'), ('LESSCLOSE', '/usr/bin/lesspipe %s %s'), ('LC_MEASUREMENT', 'zh_CN.UTF-8'), ('LC_IDENTIFICATION', 'zh_CN.UTF-8'), ('QT_IM_MODULE', 'ibus'), ('PWD', '/home/haiboliu/project/vln/localization/src/fastlio2/build/localizer'), ('XDG_CONFIG_DIRS', '/etc/xdg/xdg-ubuntu:/etc/xdg'), ('XDG_DATA_DIRS', '/usr/share/ubuntu:/usr/local/share/:/usr/share/:/var/lib/snapd/desktop'), ('PYTHONPATH', '/home/haiboliu/project/vln/localization/src/fastlio2/install/interface/local/lib/python3.10/dist-packages:/opt/ros/humble/lib/python3.10/site-packages:/opt/ros/humble/local/lib/python3.10/dist-packages'), ('LC_NUMERIC', 'zh_CN.UTF-8'), ('LC_PAPER', 'zh_CN.UTF-8'), ('COLCON', '1'), ('VTE_VERSION', '6800'), ('CMAKE_PREFIX_PATH', '/home/haiboliu/project/vln/localization/src/fastlio2/install/interface:/opt/ros/humble')]), 'shell': False}
[6.552923] (pgo) JobProgress: {'identifier': 'pgo', 'progress': 'cmake'}
[6.553888] (pgo) Command: {'cmd': ['/usr/bin/cmake', '/home/haiboliu/project/vln/localization/src/fastlio2/pgo', '-DCMAKE_INSTALL_PREFIX=/home/haiboliu/project/vln/localization/src/fastlio2/install/pgo'], 'cwd': '/home/haiboliu/project/vln/localization/src/fastlio2/build/pgo', 'env': OrderedDict([('LESSOPEN', '| /usr/bin/lesspipe %s'), ('USER', 'haiboliu'), ('LC_TIME', 'zh_CN.UTF-8'), ('XDG_SESSION_TYPE', 'wayland'), ('SHLVL', '1'), ('LD_LIBRARY_PATH', '/home/haiboliu/project/vln/localization/src/fastlio2/install/interface/lib:/opt/ros/humble/opt/rviz_ogre_vendor/lib:/opt/ros/humble/lib/x86_64-linux-gnu:/opt/ros/humble/lib'), ('HOME', '/home/haiboliu'), ('OLDPWD', '/home/haiboliu/project/vln/localization/src'), ('DESKTOP_SESSION', 'ubuntu'), ('ROS_PYTHON_VERSION', '3'), ('GNOME_SHELL_SESSION_MODE', 'ubuntu'), ('GTK_MODULES', 'gail:atk-bridge'), ('LC_MONETARY', 'zh_CN.UTF-8'), ('SYSTEMD_EXEC_PID', '1818'), ('DBUS_SESSION_BUS_ADDRESS', 'unix:path=/run/user/1001/bus'), ('COLORTERM', 'truecolor'), ('IM_CONFIG_PHASE', '1'), ('WAYLAND_DISPLAY', 'wayland-0'), ('ROS_DISTRO', 'humble'), ('LOGNAME', 'haiboliu'), ('_', '/usr/bin/colcon'), ('ROS_VERSION', '2'), ('XDG_SESSION_CLASS', 'user'), ('USERNAME', 'haiboliu'), ('TERM', 'xterm-256color'), ('GNOME_DESKTOP_SESSION_ID', 'this-is-deprecated'), ('ROS_LOCALHOST_ONLY', '0'), ('PATH', '/opt/ros/humble/bin:/usr/local/sbin:/usr/local/bin:/usr/sbin:/usr/bin:/sbin:/bin:/usr/games:/usr/local/games:/snap/bin:/snap/bin'), ('SESSION_MANAGER', 'local/CNBEDZPL210029:@/tmp/.ICE-unix/1790,unix/CNBEDZPL210029:/tmp/.ICE-unix/1790'), ('XDG_MENU_PREFIX', 'gnome-'), ('LC_ADDRESS', 'zh_CN.UTF-8'), ('GNOME_TERMINAL_SCREEN', '/org/gnome/Terminal/screen/f317baec_4654_4e46_9450_13a654dfa23f'), ('GNOME_SETUP_DISPLAY', ':1'), ('XDG_RUNTIME_DIR', '/run/user/1001'), ('DISPLAY', ':0'), ('LANG', 'en_US.UTF-8'), ('XDG_CURRENT_DESKTOP', 'ubuntu:GNOME'), ('LC_TELEPHONE', 'zh_CN.UTF-8'), ('XMODIFIERS', '@im=ibus'), ('XDG_SESSION_DESKTOP', 'ubuntu'), ('XAUTHORITY', '/run/user/1001/.mutter-Xwaylandauth.SZOGC3'), ('LS_COLORS', 'rs=0:di=01;34:ln=01;36:mh=00:pi=40;33:so=01;35:do=01;35:bd=40;33;01:cd=40;33;01:or=40;31;01:mi=00:su=37;41:sg=30;43:ca=30;41:tw=30;42:ow=34;42:st=37;44:ex=01;32:*.tar=01;31:*.tgz=01;31:*.arc=01;31:*.arj=01;31:*.taz=01;31:*.lha=01;31:*.lz4=01;31:*.lzh=01;31:*.lzma=01;31:*.tlz=01;31:*.txz=01;31:*.tzo=01;31:*.t7z=01;31:*.zip=01;31:*.z=01;31:*.dz=01;31:*.gz=01;31:*.lrz=01;31:*.lz=01;31:*.lzo=01;31:*.xz=01;31:*.zst=01;31:*.tzst=01;31:*.bz2=01;31:*.bz=01;31:*.tbz=01;31:*.tbz2=01;31:*.tz=01;31:*.deb=01;31:*.rpm=01;31:*.jar=01;31:*.war=01;31:*.ear=01;31:*.sar=01;31:*.rar=01;31:*.alz=01;31:*.ace=01;31:*.zoo=01;31:*.cpio=01;31:*.7z=01;31:*.rz=01;31:*.cab=01;31:*.wim=01;31:*.swm=01;31:*.dwm=01;31:*.esd=01;31:*.jpg=01;35:*.jpeg=01;35:*.mjpg=01;35:*.mjpeg=01;35:*.gif=01;35:*.bmp=01;35:*.pbm=01;35:*.pgm=01;35:*.ppm=01;35:*.tga=01;35:*.xbm=01;35:*.xpm=01;35:*.tif=01;35:*.tiff=01;35:*.png=01;35:*.svg=01;35:*.svgz=01;35:*.mng=01;35:*.pcx=01;35:*.mov=01;35:*.mpg=01;35:*.mpeg=01;35:*.m2v=01;35:*.mkv=01;35:*.webm=01;35:*.webp=01;35:*.ogm=01;35:*.mp4=01;35:*.m4v=01;35:*.mp4v=01;35:*.vob=01;35:*.qt=01;35:*.nuv=01;35:*.wmv=01;35:*.asf=01;35:*.rm=01;35:*.rmvb=01;35:*.flc=01;35:*.avi=01;35:*.fli=01;35:*.flv=01;35:*.gl=01;35:*.dl=01;35:*.xcf=01;35:*.xwd=01;35:*.yuv=01;35:*.cgm=01;35:*.emf=01;35:*.ogv=01;35:*.ogx=01;35:*.aac=00;36:*.au=00;36:*.flac=00;36:*.m4a=00;36:*.mid=00;36:*.midi=00;36:*.mka=00;36:*.mp3=00;36:*.mpc=00;36:*.ogg=00;36:*.ra=00;36:*.wav=00;36:*.oga=00;36:*.opus=00;36:*.spx=00;36:*.xspf=00;36:'), ('GNOME_TERMINAL_SERVICE', ':1.283'), ('SSH_AGENT_LAUNCHER', 'gnome-keyring'), ('SSH_AUTH_SOCK', '/run/user/1001/keyring/ssh'), ('AMENT_PREFIX_PATH', '/home/haiboliu/project/vln/localization/src/fastlio2/install/interface:/opt/ros/humble'), ('SHELL', '/bin/bash'), ('LC_NAME', 'zh_CN.UTF-8'), ('QT_ACCESSIBILITY', '1'), ('GDMSESSION', 'ubuntu'), ('LESSCLOSE', '/usr/bin/lesspipe %s %s'), ('LC_MEASUREMENT', 'zh_CN.UTF-8'), ('LC_IDENTIFICATION', 'zh_CN.UTF-8'), ('QT_IM_MODULE', 'ibus'), ('PWD', '/home/haiboliu/project/vln/localization/src/fastlio2/build/pgo'), ('XDG_CONFIG_DIRS', '/etc/xdg/xdg-ubuntu:/etc/xdg'), ('XDG_DATA_DIRS', '/usr/share/ubuntu:/usr/local/share/:/usr/share/:/var/lib/snapd/desktop'), ('PYTHONPATH', '/home/haiboliu/project/vln/localization/src/fastlio2/install/interface/local/lib/python3.10/dist-packages:/opt/ros/humble/lib/python3.10/site-packages:/opt/ros/humble/local/lib/python3.10/dist-packages'), ('LC_NUMERIC', 'zh_CN.UTF-8'), ('LC_PAPER', 'zh_CN.UTF-8'), ('COLCON', '1'), ('VTE_VERSION', '6800'), ('CMAKE_PREFIX_PATH', '/home/haiboliu/project/vln/localization/src/fastlio2/install/interface:/opt/ros/humble')]), 'shell': False}
[6.609818] (localizer) StdoutLine: {'line': b'-- The C compiler identification is GNU 11.4.0\n'}
[6.611161] (hba) StdoutLine: {'line': b'-- The C compiler identification is GNU 11.4.0\n'}
[6.613793] (fastlio2) StdoutLine: {'line': b'-- Found rclcpp: 16.0.14 (/opt/ros/humble/share/rclcpp/cmake)\n'}
[6.621455] (-) TimerEvent: {}
[6.623824] (pgo) StdoutLine: {'line': b'-- The C compiler identification is GNU 11.4.0\n'}
[6.654484] (fastlio2) StdoutLine: {'line': b'-- Found rosidl_generator_c: 3.1.7 (/opt/ros/humble/share/rosidl_generator_c/cmake)\n'}
[6.659247] (fastlio2) StdoutLine: {'line': b'-- Found rosidl_adapter: 3.1.7 (/opt/ros/humble/share/rosidl_adapter/cmake)\n'}
[6.667262] (fastlio2) StdoutLine: {'line': b'-- Found rosidl_generator_cpp: 3.1.7 (/opt/ros/humble/share/rosidl_generator_cpp/cmake)\n'}
[6.675543] (hba) StdoutLine: {'line': b'-- The CXX compiler identification is GNU 11.4.0\n'}
[6.678811] (fastlio2) StdoutLine: {'line': b'-- Using all available rosidl_typesupport_c: rosidl_typesupport_fastrtps_c;rosidl_typesupport_introspection_c\n'}
[6.683717] (localizer) StdoutLine: {'line': b'-- The CXX compiler identification is GNU 11.4.0\n'}
[6.684398] (pgo) StdoutLine: {'line': b'-- The CXX compiler identification is GNU 11.4.0\n'}
[6.685127] (hba) StdoutLine: {'line': b'-- Detecting C compiler ABI info\n'}
[6.692446] (localizer) StdoutLine: {'line': b'-- Detecting C compiler ABI info\n'}
[6.693651] (fastlio2) StdoutLine: {'line': b'-- Using all available rosidl_typesupport_cpp: rosidl_typesupport_fastrtps_cpp;rosidl_typesupport_introspection_cpp\n'}
[6.694886] (pgo) StdoutLine: {'line': b'-- Detecting C compiler ABI info\n'}
[6.721595] (-) TimerEvent: {}
[6.743786] (fastlio2) StdoutLine: {'line': b'-- Found rmw_implementation_cmake: 6.1.2 (/opt/ros/humble/share/rmw_implementation_cmake/cmake)\n'}
[6.747011] (fastlio2) StdoutLine: {'line': b'-- Found rmw_fastrtps_cpp: 6.2.8 (/opt/ros/humble/share/rmw_fastrtps_cpp/cmake)\n'}
[6.769340] (hba) StdoutLine: {'line': b'-- Detecting C compiler ABI info - done\n'}
[6.769811] (localizer) StdoutLine: {'line': b'-- Detecting C compiler ABI info - done\n'}
[6.776994] (pgo) StdoutLine: {'line': b'-- Detecting C compiler ABI info - done\n'}
[6.779148] (hba) StdoutLine: {'line': b'-- Check for working C compiler: /usr/bin/cc - skipped\n'}
[6.779434] (hba) StdoutLine: {'line': b'-- Detecting C compile features\n'}
[6.779800] (hba) StdoutLine: {'line': b'-- Detecting C compile features - done\n'}
[6.783581] (hba) StdoutLine: {'line': b'-- Detecting CXX compiler ABI info\n'}
[6.783863] (pgo) StdoutLine: {'line': b'-- Check for working C compiler: /usr/bin/cc - skipped\n'}
[6.784055] (pgo) StdoutLine: {'line': b'-- Detecting C compile features\n'}
[6.784328] (pgo) StdoutLine: {'line': b'-- Detecting C compile features - done\n'}
[6.785040] (localizer) StdoutLine: {'line': b'-- Check for working C compiler: /usr/bin/cc - skipped\n'}
[6.785536] (localizer) StdoutLine: {'line': b'-- Detecting C compile features\n'}
[6.786234] (localizer) StdoutLine: {'line': b'-- Detecting C compile features - done\n'}
[6.787145] (pgo) StdoutLine: {'line': b'-- Detecting CXX compiler ABI info\n'}
[6.792333] (localizer) StdoutLine: {'line': b'-- Detecting CXX compiler ABI info\n'}
[6.821711] (-) TimerEvent: {}
[6.858040] (fastlio2) StdoutLine: {'line': b'-- Found OpenSSL: /usr/lib/x86_64-linux-gnu/libcrypto.so (found version "3.0.2")  \n'}
[6.877047] (pgo) StdoutLine: {'line': b'-- Detecting CXX compiler ABI info - done\n'}
[6.885202] (pgo) StdoutLine: {'line': b'-- Check for working CXX compiler: /usr/bin/c++ - skipped\n'}
[6.885472] (pgo) StdoutLine: {'line': b'-- Detecting CXX compile features\n'}
[6.885831] (pgo) StdoutLine: {'line': b'-- Detecting CXX compile features - done\n'}
[6.886032] (localizer) StdoutLine: {'line': b'-- Detecting CXX compiler ABI info - done\n'}
[6.886194] (hba) StdoutLine: {'line': b'-- Detecting CXX compiler ABI info - done\n'}
[6.888721] (pgo) StdoutLine: {'line': b'-- Found ament_cmake: 1.3.12 (/opt/ros/humble/share/ament_cmake/cmake)\n'}
[6.889054] (fastlio2) StdoutLine: {'line': b'-- Found FastRTPS: /opt/ros/humble/include  \n'}
[6.894034] (localizer) StdoutLine: {'line': b'-- Check for working CXX compiler: /usr/bin/c++ - skipped\n'}
[6.894370] (hba) StdoutLine: {'line': b'-- Check for working CXX compiler: /usr/bin/c++ - skipped\n'}
[6.894566] (localizer) StdoutLine: {'line': b'-- Detecting CXX compile features\n'}
[6.894742] (hba) StdoutLine: {'line': b'-- Detecting CXX compile features\n'}
[6.894923] (hba) StdoutLine: {'line': b'-- Detecting CXX compile features - done\n'}
[6.895073] (localizer) StdoutLine: {'line': b'-- Detecting CXX compile features - done\n'}
[6.897580] (hba) StdoutLine: {'line': b'-- Found ament_cmake: 1.3.12 (/opt/ros/humble/share/ament_cmake/cmake)\n'}
[6.898277] (localizer) StdoutLine: {'line': b'-- Found ament_cmake: 1.3.12 (/opt/ros/humble/share/ament_cmake/cmake)\n'}
[6.921842] (-) TimerEvent: {}
[6.936760] (fastlio2) StdoutLine: {'line': b"-- Using RMW implementation 'rmw_fastrtps_cpp' as default\n"}
[6.946820] (fastlio2) StdoutLine: {'line': b'-- Looking for pthread.h\n'}
[7.021998] (-) TimerEvent: {}
[7.038323] (fastlio2) StdoutLine: {'line': b'-- Looking for pthread.h - found\n'}
[7.038796] (fastlio2) StdoutLine: {'line': b'-- Performing Test CMAKE_HAVE_LIBC_PTHREAD\n'}
[7.047108] (pgo) StdoutLine: {'line': b'-- Found Python3: /usr/bin/python3 (found version "3.10.12") found components: Interpreter \n'}
[7.059450] (localizer) StdoutLine: {'line': b'-- Found Python3: /usr/bin/python3 (found version "3.10.12") found components: Interpreter \n'}
[7.066827] (hba) StdoutLine: {'line': b'-- Found Python3: /usr/bin/python3 (found version "3.10.12") found components: Interpreter \n'}
[7.122152] (-) TimerEvent: {}
[7.129694] (fastlio2) StdoutLine: {'line': b'-- Performing Test CMAKE_HAVE_LIBC_PTHREAD - Success\n'}
[7.130643] (fastlio2) StdoutLine: {'line': b'-- Found Threads: TRUE  \n'}
[7.142481] (pgo) StdoutLine: {'line': b'-- Found std_msgs: 4.9.0 (/opt/ros/humble/share/std_msgs/cmake)\n'}
[7.173759] (pgo) StdoutLine: {'line': b'-- Found rosidl_generator_c: 3.1.7 (/opt/ros/humble/share/rosidl_generator_c/cmake)\n'}
[7.178533] (pgo) StdoutLine: {'line': b'-- Found rosidl_adapter: 3.1.7 (/opt/ros/humble/share/rosidl_adapter/cmake)\n'}
[7.184263] (localizer) StdoutLine: {'line': b'-- Found std_msgs: 4.9.0 (/opt/ros/humble/share/std_msgs/cmake)\n'}
[7.185961] (pgo) StdoutLine: {'line': b'-- Found rosidl_generator_cpp: 3.1.7 (/opt/ros/humble/share/rosidl_generator_cpp/cmake)\n'}
[7.187642] (fastlio2) StdoutLine: {'line': b'-- Found tf2: 0.25.16 (/opt/ros/humble/share/tf2/cmake)\n'}
[7.191417] (hba) StdoutLine: {'line': b'-- Found rclcpp: 16.0.14 (/opt/ros/humble/share/rclcpp/cmake)\n'}
[7.196968] (pgo) StdoutLine: {'line': b'-- Using all available rosidl_typesupport_c: rosidl_typesupport_fastrtps_c;rosidl_typesupport_introspection_c\n'}
[7.211828] (pgo) StdoutLine: {'line': b'-- Using all available rosidl_typesupport_cpp: rosidl_typesupport_fastrtps_cpp;rosidl_typesupport_introspection_cpp\n'}
[7.212157] (fastlio2) StdoutLine: {'line': b'-- Found tf2_ros: 0.25.16 (/opt/ros/humble/share/tf2_ros/cmake)\n'}
[7.215625] (localizer) StdoutLine: {'line': b'-- Found rosidl_generator_c: 3.1.7 (/opt/ros/humble/share/rosidl_generator_c/cmake)\n'}
[7.220567] (localizer) StdoutLine: {'line': b'-- Found rosidl_adapter: 3.1.7 (/opt/ros/humble/share/rosidl_adapter/cmake)\n'}
[7.222212] (-) TimerEvent: {}
[7.228409] (localizer) StdoutLine: {'line': b'-- Found rosidl_generator_cpp: 3.1.7 (/opt/ros/humble/share/rosidl_generator_cpp/cmake)\n'}
[7.229841] (hba) StdoutLine: {'line': b'-- Found rosidl_generator_c: 3.1.7 (/opt/ros/humble/share/rosidl_generator_c/cmake)\n'}
[7.234770] (hba) StdoutLine: {'line': b'-- Found rosidl_adapter: 3.1.7 (/opt/ros/humble/share/rosidl_adapter/cmake)\n'}
[7.236757] (pgo) StdoutLine: {'line': b'-- Found rclcpp: 16.0.14 (/opt/ros/humble/share/rclcpp/cmake)\n'}
[7.240085] (localizer) StdoutLine: {'line': b'-- Using all available rosidl_typesupport_c: rosidl_typesupport_fastrtps_c;rosidl_typesupport_introspection_c\n'}
[7.242779] (hba) StdoutLine: {'line': b'-- Found rosidl_generator_cpp: 3.1.7 (/opt/ros/humble/share/rosidl_generator_cpp/cmake)\n'}
[7.255153] (hba) StdoutLine: {'line': b'-- Using all available rosidl_typesupport_c: rosidl_typesupport_fastrtps_c;rosidl_typesupport_introspection_c\n'}
[7.256655] (localizer) StdoutLine: {'line': b'-- Using all available rosidl_typesupport_cpp: rosidl_typesupport_fastrtps_cpp;rosidl_typesupport_introspection_cpp\n'}
[7.270972] (hba) StdoutLine: {'line': b'-- Using all available rosidl_typesupport_cpp: rosidl_typesupport_fastrtps_cpp;rosidl_typesupport_introspection_cpp\n'}
[7.272636] (pgo) StdoutLine: {'line': b'-- Found rmw_implementation_cmake: 6.1.2 (/opt/ros/humble/share/rmw_implementation_cmake/cmake)\n'}
[7.275170] (pgo) StdoutLine: {'line': b'-- Found rmw_fastrtps_cpp: 6.2.8 (/opt/ros/humble/share/rmw_fastrtps_cpp/cmake)\n'}
[7.282586] (localizer) StdoutLine: {'line': b'-- Found sensor_msgs: 4.9.0 (/opt/ros/humble/share/sensor_msgs/cmake)\n'}
[7.313657] (hba) StdoutLine: {'line': b'-- Found rmw_implementation_cmake: 6.1.2 (/opt/ros/humble/share/rmw_implementation_cmake/cmake)\n'}
[7.316312] (hba) StdoutLine: {'line': b'-- Found rmw_fastrtps_cpp: 6.2.8 (/opt/ros/humble/share/rmw_fastrtps_cpp/cmake)\n'}
[7.316729] (localizer) StdoutLine: {'line': b'-- Found nav_msgs: 4.9.0 (/opt/ros/humble/share/nav_msgs/cmake)\n'}
[7.316884] (fastlio2) StdoutLine: {'line': b'-- Found nav_msgs: 4.9.0 (/opt/ros/humble/share/nav_msgs/cmake)\n'}
[7.322375] (-) TimerEvent: {}
[7.336495] (fastlio2) StdoutLine: {'line': b'-- Found sensor_msgs: 4.9.0 (/opt/ros/humble/share/sensor_msgs/cmake)\n'}
[7.336749] (localizer) StdoutLine: {'line': b'-- Found message_filters: 4.3.8 (/opt/ros/humble/share/message_filters/cmake)\n'}
[7.352690] (fastlio2) StdoutLine: {'line': b'-- Found livox_ros_driver2: 1.0.0 (/home/haiboliu/project/vln/localization/src/fastlio2/install/livox_ros_driver2/share/livox_ros_driver2/cmake)\n'}
[7.365939] (fastlio2) StdoutLine: {'line': b'-- Found pcl_conversions: 2.4.5 (/opt/ros/humble/share/pcl_conversions/cmake)\n'}
[7.376877] (localizer) StdoutLine: {'line': b'-- Found rmw_implementation_cmake: 6.1.2 (/opt/ros/humble/share/rmw_implementation_cmake/cmake)\n'}
[7.379335] (localizer) StdoutLine: {'line': b'-- Found rmw_fastrtps_cpp: 6.2.8 (/opt/ros/humble/share/rmw_fastrtps_cpp/cmake)\n'}
[7.401386] (pgo) StdoutLine: {'line': b'-- Found OpenSSL: /usr/lib/x86_64-linux-gnu/libcrypto.so (found version "3.0.2")  \n'}
[7.407467] (fastlio2) StdoutLine: {'line': b"-- Checking for module 'eigen3'\n"}
[7.422510] (-) TimerEvent: {}
[7.427104] (fastlio2) StdoutLine: {'line': b'--   Found eigen3, version 3.4.0\n'}
[7.428448] (pgo) StdoutLine: {'line': b'-- Found FastRTPS: /opt/ros/humble/include  \n'}
[7.432853] (hba) StdoutLine: {'line': b'-- Found OpenSSL: /usr/lib/x86_64-linux-gnu/libcrypto.so (found version "3.0.2")  \n'}
[7.461805] (hba) StdoutLine: {'line': b'-- Found FastRTPS: /opt/ros/humble/include  \n'}
[7.472052] (pgo) StdoutLine: {'line': b"-- Using RMW implementation 'rmw_fastrtps_cpp' as default\n"}
[7.480078] (pgo) StdoutLine: {'line': b'-- Looking for pthread.h\n'}
[7.480862] (fastlio2) StdoutLine: {'line': b'-- Found Eigen: /usr/include/eigen3 (Required is at least version "3.1") \n'}
[7.480970] (fastlio2) StdoutLine: {'line': b'-- Eigen found (include: /usr/include/eigen3, version: 3.4.0)\n'}
[7.488017] (localizer) StdoutLine: {'line': b'-- Found OpenSSL: /usr/lib/x86_64-linux-gnu/libcrypto.so (found version "3.0.2")  \n'}
[7.509754] (hba) StdoutLine: {'line': b"-- Using RMW implementation 'rmw_fastrtps_cpp' as default\n"}
[7.516974] (localizer) StdoutLine: {'line': b'-- Found FastRTPS: /opt/ros/humble/include  \n'}
[7.517611] (hba) StdoutLine: {'line': b'-- Looking for pthread.h\n'}
[7.522621] (-) TimerEvent: {}
[7.532334] (fastlio2) StdoutLine: {'line': b"-- Checking for module 'flann'\n"}
[7.559450] (fastlio2) StdoutLine: {'line': b'--   Found flann, version 1.9.1\n'}
[7.564764] (localizer) StdoutLine: {'line': b"-- Using RMW implementation 'rmw_fastrtps_cpp' as default\n"}
[7.565439] (pgo) StdoutLine: {'line': b'-- Looking for pthread.h - found\n'}
[7.565759] (pgo) StdoutLine: {'line': b'-- Performing Test CMAKE_HAVE_LIBC_PTHREAD\n'}
[7.572887] (localizer) StdoutLine: {'line': b'-- Looking for pthread.h\n'}
[7.606721] (hba) StdoutLine: {'line': b'-- Looking for pthread.h - found\n'}
[7.607127] (hba) StdoutLine: {'line': b'-- Performing Test CMAKE_HAVE_LIBC_PTHREAD\n'}
[7.619165] (fastlio2) StdoutLine: {'line': b'-- Found FLANN: /usr/lib/x86_64-linux-gnu/libflann_cpp.so  \n'}
[7.619423] (fastlio2) StdoutLine: {'line': b'-- FLANN found (include: /usr/include, lib: /usr/lib/x86_64-linux-gnu/libflann_cpp.so)\n'}
[7.622730] (-) TimerEvent: {}
[7.654734] (pgo) StdoutLine: {'line': b'-- Performing Test CMAKE_HAVE_LIBC_PTHREAD - Success\n'}
[7.655966] (pgo) StdoutLine: {'line': b'-- Found Threads: TRUE  \n'}
[7.663530] (localizer) StdoutLine: {'line': b'-- Looking for pthread.h - found\n'}
[7.663897] (localizer) StdoutLine: {'line': b'-- Performing Test CMAKE_HAVE_LIBC_PTHREAD\n'}
[7.695588] (pgo) StdoutLine: {'line': b'-- Found nav_msgs: 4.9.0 (/opt/ros/humble/share/nav_msgs/cmake)\n'}
[7.697897] (hba) StdoutLine: {'line': b'-- Performing Test CMAKE_HAVE_LIBC_PTHREAD - Success\n'}
[7.699022] (hba) StdoutLine: {'line': b'-- Found Threads: TRUE  \n'}
[7.722859] (-) TimerEvent: {}
[7.726983] (pgo) StdoutLine: {'line': b'-- Found tf2_ros: 0.25.16 (/opt/ros/humble/share/tf2_ros/cmake)\n'}
[7.750925] (hba) StdoutLine: {'line': b'-- Found sensor_msgs: 4.9.0 (/opt/ros/humble/share/sensor_msgs/cmake)\n'}
[7.754510] (localizer) StdoutLine: {'line': b'-- Performing Test CMAKE_HAVE_LIBC_PTHREAD - Success\n'}
[7.755613] (localizer) StdoutLine: {'line': b'-- Found Threads: TRUE  \n'}
[7.781672] (hba) StdoutLine: {'line': b'-- Found interface: 0.0.0 (/home/haiboliu/project/vln/localization/src/fastlio2/install/interface/share/interface/cmake)\n'}
[7.795119] (hba) StdoutLine: {'line': b'-- Found pcl_conversions: 2.4.5 (/opt/ros/humble/share/pcl_conversions/cmake)\n'}
[7.796621] (localizer) StdoutLine: {'line': b'-- Found tf2_ros: 0.25.16 (/opt/ros/humble/share/tf2_ros/cmake)\n'}
[7.822980] (-) TimerEvent: {}
[7.829877] (pgo) StdoutLine: {'line': b'-- Found pcl_conversions: 2.4.5 (/opt/ros/humble/share/pcl_conversions/cmake)\n'}
[7.837813] (hba) StdoutLine: {'line': b"-- Checking for module 'eigen3'\n"}
[7.859747] (hba) StdoutLine: {'line': b'--   Found eigen3, version 3.4.0\n'}
[7.886350] (pgo) StdoutLine: {'line': b"-- Checking for module 'eigen3'\n"}
[7.894207] (localizer) StdoutLine: {'line': b'-- Found interface: 0.0.0 (/home/haiboliu/project/vln/localization/src/fastlio2/install/interface/share/interface/cmake)\n'}
[7.901491] (pgo) StdoutLine: {'line': b'--   Found eigen3, version 3.4.0\n'}
[7.905955] (hba) StdoutLine: {'line': b'-- Found Eigen: /usr/include/eigen3 (Required is at least version "3.1") \n'}
[7.906207] (hba) StdoutLine: {'line': b'-- Eigen found (include: /usr/include/eigen3, version: 3.4.0)\n'}
[7.906682] (localizer) StdoutLine: {'line': b'-- Found pcl_conversions: 2.4.5 (/opt/ros/humble/share/pcl_conversions/cmake)\n'}
[7.923088] (-) TimerEvent: {}
[7.942572] (localizer) StdoutLine: {'line': b"-- Checking for module 'eigen3'\n"}
[7.942832] (hba) StdoutLine: {'line': b"-- Checking for module 'flann'\n"}
[7.957687] (pgo) StdoutLine: {'line': b'-- Found Eigen: /usr/include/eigen3 (Required is at least version "3.1") \n'}
[7.958151] (pgo) StdoutLine: {'line': b'-- Eigen found (include: /usr/include/eigen3, version: 3.4.0)\n'}
[7.960769] (localizer) StdoutLine: {'line': b'--   Found eigen3, version 3.4.0\n'}
[7.962569] (hba) StdoutLine: {'line': b'--   Found flann, version 1.9.1\n'}
[7.994287] (pgo) StdoutLine: {'line': b"-- Checking for module 'flann'\n"}
[8.002764] (localizer) StdoutLine: {'line': b'-- Found Eigen: /usr/include/eigen3 (Required is at least version "3.1") \n'}
[8.003010] (localizer) StdoutLine: {'line': b'-- Eigen found (include: /usr/include/eigen3, version: 3.4.0)\n'}
[8.010954] (pgo) StdoutLine: {'line': b'--   Found flann, version 1.9.1\n'}
[8.015571] (hba) StdoutLine: {'line': b'-- Found FLANN: /usr/lib/x86_64-linux-gnu/libflann_cpp.so  \n'}
[8.015782] (hba) StdoutLine: {'line': b'-- FLANN found (include: /usr/include, lib: /usr/lib/x86_64-linux-gnu/libflann_cpp.so)\n'}
[8.023230] (-) TimerEvent: {}
[8.039401] (localizer) StdoutLine: {'line': b"-- Checking for module 'flann'\n"}
[8.058205] (localizer) StdoutLine: {'line': b'--   Found flann, version 1.9.1\n'}
[8.069661] (pgo) StdoutLine: {'line': b'-- Found FLANN: /usr/lib/x86_64-linux-gnu/libflann_cpp.so  \n'}
[8.069889] (pgo) StdoutLine: {'line': b'-- FLANN found (include: /usr/include, lib: /usr/lib/x86_64-linux-gnu/libflann_cpp.so)\n'}
[8.112466] (localizer) StdoutLine: {'line': b'-- Found FLANN: /usr/lib/x86_64-linux-gnu/libflann_cpp.so  \n'}
[8.112658] (localizer) StdoutLine: {'line': b'-- FLANN found (include: /usr/include, lib: /usr/lib/x86_64-linux-gnu/libflann_cpp.so)\n'}
[8.123374] (-) TimerEvent: {}
[8.223828] (-) TimerEvent: {}
[8.324295] (-) TimerEvent: {}
[8.424669] (-) TimerEvent: {}
[8.525110] (-) TimerEvent: {}
[8.625607] (-) TimerEvent: {}
[8.726040] (-) TimerEvent: {}
[8.826403] (-) TimerEvent: {}
[8.863301] (fastlio2) StdoutLine: {'line': b"-- Checking for module 'libusb-1.0'\n"}
[8.883987] (fastlio2) StdoutLine: {'line': b'--   Found libusb-1.0, version 1.0.25\n'}
[8.926546] (-) TimerEvent: {}
[8.940506] (fastlio2) StdoutLine: {'line': b'-- Found libusb: /usr/lib/x86_64-linux-gnu/libusb-1.0.so  \n'}
[8.941820] (fastlio2) StdoutLine: {'line': b'-- OpenNI found (version: 1.5.4.0, include: /usr/include/ni, lib: /usr/lib/libOpenNI.so;libusb::libusb)\n'}
[9.024512] (fastlio2) StdoutLine: {'line': b'-- OpenNI2 found (version: 2.2.0.33, include: /usr/include/openni2, lib: /usr/lib/x86_64-linux-gnu/libOpenNI2.so;libusb::libusb)\n'}
[9.026624] (-) TimerEvent: {}
[9.127035] (-) TimerEvent: {}
[9.186233] (hba) StdoutLine: {'line': b"-- Checking for module 'libusb-1.0'\n"}
[9.195400] (fastlio2) StdoutLine: {'line': b'-- Eigen found (include: /usr/include/eigen3, version: 3.4.0)\n'}
[9.203002] (fastlio2) StdoutLine: {'line': b'-- OpenNI found (version: 1.5.4.0, include: /usr/include/ni, lib: /usr/lib/libOpenNI.so;libusb::libusb)\n'}
[9.204619] (hba) StdoutLine: {'line': b'--   Found libusb-1.0, version 1.0.25\n'}
[9.210542] (fastlio2) StdoutLine: {'line': b'-- OpenNI2 found (version: 2.2.0.33, include: /usr/include/openni2, lib: /usr/lib/x86_64-linux-gnu/libOpenNI2.so;libusb::libusb)\n'}
[9.227141] (-) TimerEvent: {}
[9.227651] (pgo) StdoutLine: {'line': b"-- Checking for module 'libusb-1.0'\n"}
[9.245766] (pgo) StdoutLine: {'line': b'--   Found libusb-1.0, version 1.0.25\n'}
[9.252476] (hba) StdoutLine: {'line': b'-- Found libusb: /usr/lib/x86_64-linux-gnu/libusb-1.0.so  \n'}
[9.253554] (hba) StdoutLine: {'line': b'-- OpenNI found (version: 1.5.4.0, include: /usr/include/ni, lib: /usr/lib/libOpenNI.so;libusb::libusb)\n'}
[9.280076] (localizer) StdoutLine: {'line': b"-- Checking for module 'libusb-1.0'\n"}
[9.298402] (pgo) StdoutLine: {'line': b'-- Found libusb: /usr/lib/x86_64-linux-gnu/libusb-1.0.so  \n'}
[9.299418] (pgo) StdoutLine: {'line': b'-- OpenNI found (version: 1.5.4.0, include: /usr/include/ni, lib: /usr/lib/libOpenNI.so;libusb::libusb)\n'}
[9.300603] (localizer) StdoutLine: {'line': b'--   Found libusb-1.0, version 1.0.25\n'}
[9.327270] (-) TimerEvent: {}
[9.330290] (hba) StdoutLine: {'line': b'-- OpenNI2 found (version: 2.2.0.33, include: /usr/include/openni2, lib: /usr/lib/x86_64-linux-gnu/libOpenNI2.so;libusb::libusb)\n'}
[9.352315] (localizer) StdoutLine: {'line': b'-- Found libusb: /usr/lib/x86_64-linux-gnu/libusb-1.0.so  \n'}
[9.353165] (localizer) StdoutLine: {'line': b'-- OpenNI found (version: 1.5.4.0, include: /usr/include/ni, lib: /usr/lib/libOpenNI.so;libusb::libusb)\n'}
[9.372070] (fastlio2) StdoutLine: {'line': b'-- Found Qhull version 8.0.2\n'}
[9.392819] (pgo) StdoutLine: {'line': b'-- OpenNI2 found (version: 2.2.0.33, include: /usr/include/openni2, lib: /usr/lib/x86_64-linux-gnu/libOpenNI2.so;libusb::libusb)\n'}
[9.427425] (-) TimerEvent: {}
[9.434872] (localizer) StdoutLine: {'line': b'-- OpenNI2 found (version: 2.2.0.33, include: /usr/include/openni2, lib: /usr/lib/x86_64-linux-gnu/libOpenNI2.so;libusb::libusb)\n'}
[9.494730] (hba) StdoutLine: {'line': b'-- Eigen found (include: /usr/include/eigen3, version: 3.4.0)\n'}
[9.504134] (hba) StdoutLine: {'line': b'-- OpenNI found (version: 1.5.4.0, include: /usr/include/ni, lib: /usr/lib/libOpenNI.so;libusb::libusb)\n'}
[9.512081] (hba) StdoutLine: {'line': b'-- OpenNI2 found (version: 2.2.0.33, include: /usr/include/openni2, lib: /usr/lib/x86_64-linux-gnu/libOpenNI2.so;libusb::libusb)\n'}
[9.527582] (-) TimerEvent: {}
[9.535400] (fastlio2) StdoutLine: {'line': b'-- OpenNI found (version: 1.5.4.0, include: /usr/include/ni, lib: /usr/lib/libOpenNI.so;libusb::libusb)\n'}
[9.556122] (pgo) StdoutLine: {'line': b'-- Eigen found (include: /usr/include/eigen3, version: 3.4.0)\n'}
[9.565225] (pgo) StdoutLine: {'line': b'-- OpenNI found (version: 1.5.4.0, include: /usr/include/ni, lib: /usr/lib/libOpenNI.so;libusb::libusb)\n'}
[9.573653] (pgo) StdoutLine: {'line': b'-- OpenNI2 found (version: 2.2.0.33, include: /usr/include/openni2, lib: /usr/lib/x86_64-linux-gnu/libOpenNI2.so;libusb::libusb)\n'}
[9.598510] (localizer) StdoutLine: {'line': b'-- Eigen found (include: /usr/include/eigen3, version: 3.4.0)\n'}
[9.608445] (localizer) StdoutLine: {'line': b'-- OpenNI found (version: 1.5.4.0, include: /usr/include/ni, lib: /usr/lib/libOpenNI.so;libusb::libusb)\n'}
[9.616917] (localizer) StdoutLine: {'line': b'-- OpenNI2 found (version: 2.2.0.33, include: /usr/include/openni2, lib: /usr/lib/x86_64-linux-gnu/libOpenNI2.so;libusb::libusb)\n'}
[9.627710] (-) TimerEvent: {}
[9.665869] (hba) StdoutLine: {'line': b'-- Found Qhull version 8.0.2\n'}
[9.690225] (fastlio2) StdoutLine: {'line': b'-- Found PCL_COMMON: /usr/lib/x86_64-linux-gnu/libpcl_common.so  \n'}
[9.699918] (fastlio2) StdoutLine: {'line': b'-- Found PCL_KDTREE: /usr/lib/x86_64-linux-gnu/libpcl_kdtree.so  \n'}
[9.700903] (fastlio2) StdoutLine: {'line': b'-- Found PCL_OCTREE: /usr/lib/x86_64-linux-gnu/libpcl_octree.so  \n'}
[9.701796] (fastlio2) StdoutLine: {'line': b'-- Found PCL_SEARCH: /usr/lib/x86_64-linux-gnu/libpcl_search.so  \n'}
[9.702600] (fastlio2) StdoutLine: {'line': b'-- Found PCL_SAMPLE_CONSENSUS: /usr/lib/x86_64-linux-gnu/libpcl_sample_consensus.so  \n'}
[9.703384] (fastlio2) StdoutLine: {'line': b'-- Found PCL_FILTERS: /usr/lib/x86_64-linux-gnu/libpcl_filters.so  \n'}
[9.704313] (fastlio2) StdoutLine: {'line': b'-- Found PCL_2D: /usr/include/pcl-1.12  \n'}
[9.704687] (fastlio2) StdoutLine: {'line': b'-- Found PCL_GEOMETRY: /usr/include/pcl-1.12  \n'}
[9.706043] (fastlio2) StdoutLine: {'line': b'-- Found PCL_IO: /usr/lib/x86_64-linux-gnu/libpcl_io.so  \n'}
[9.707600] (fastlio2) StdoutLine: {'line': b'-- Found PCL_FEATURES: /usr/lib/x86_64-linux-gnu/libpcl_features.so  \n'}
[9.708535] (fastlio2) StdoutLine: {'line': b'-- Found PCL_ML: /usr/lib/x86_64-linux-gnu/libpcl_ml.so  \n'}
[9.709394] (fastlio2) StdoutLine: {'line': b'-- Found PCL_SEGMENTATION: /usr/lib/x86_64-linux-gnu/libpcl_segmentation.so  \n'}
[9.710467] (fastlio2) StdoutLine: {'line': b'-- Found PCL_VISUALIZATION: /usr/lib/x86_64-linux-gnu/libpcl_visualization.so  \n'}
[9.711529] (fastlio2) StdoutLine: {'line': b'-- Found PCL_SURFACE: /usr/lib/x86_64-linux-gnu/libpcl_surface.so  \n'}
[9.712533] (fastlio2) StdoutLine: {'line': b'-- Found PCL_REGISTRATION: /usr/lib/x86_64-linux-gnu/libpcl_registration.so  \n'}
[9.713473] (fastlio2) StdoutLine: {'line': b'-- Found PCL_KEYPOINTS: /usr/lib/x86_64-linux-gnu/libpcl_keypoints.so  \n'}
[9.714339] (fastlio2) StdoutLine: {'line': b'-- Found PCL_TRACKING: /usr/lib/x86_64-linux-gnu/libpcl_tracking.so  \n'}
[9.715231] (fastlio2) StdoutLine: {'line': b'-- Found PCL_RECOGNITION: /usr/lib/x86_64-linux-gnu/libpcl_recognition.so  \n'}
[9.716260] (fastlio2) StdoutLine: {'line': b'-- Found PCL_STEREO: /usr/lib/x86_64-linux-gnu/libpcl_stereo.so  \n'}
[9.717231] (fastlio2) StdoutLine: {'line': b'-- Found PCL_APPS: /usr/lib/x86_64-linux-gnu/libpcl_apps.so  \n'}
[9.718144] (fastlio2) StdoutLine: {'line': b'-- Found PCL_IN_HAND_SCANNER: /usr/include/pcl-1.12  \n'}
[9.718579] (fastlio2) StdoutLine: {'line': b'-- Found PCL_MODELER: /usr/include/pcl-1.12  \n'}
[9.719201] (fastlio2) StdoutLine: {'line': b'-- Found PCL_POINT_CLOUD_EDITOR: /usr/include/pcl-1.12  \n'}
[9.720233] (fastlio2) StdoutLine: {'line': b'-- Found PCL_OUTOFCORE: /usr/lib/x86_64-linux-gnu/libpcl_outofcore.so  \n'}
[9.721296] (fastlio2) StdoutLine: {'line': b'-- Found PCL_PEOPLE: /usr/lib/x86_64-linux-gnu/libpcl_people.so  \n'}
[9.727805] (-) TimerEvent: {}
[9.733977] (pgo) StdoutLine: {'line': b'-- Found Qhull version 8.0.2\n'}
[9.775785] (localizer) StdoutLine: {'line': b'-- Found Qhull version 8.0.2\n'}
[9.827971] (-) TimerEvent: {}
[9.835794] (hba) StdoutLine: {'line': b'-- OpenNI found (version: 1.5.4.0, include: /usr/include/ni, lib: /usr/lib/libOpenNI.so;libusb::libusb)\n'}
[9.905815] (pgo) StdoutLine: {'line': b'-- OpenNI found (version: 1.5.4.0, include: /usr/include/ni, lib: /usr/lib/libOpenNI.so;libusb::libusb)\n'}
[9.928107] (-) TimerEvent: {}
[9.944680] (localizer) StdoutLine: {'line': b'-- OpenNI found (version: 1.5.4.0, include: /usr/include/ni, lib: /usr/lib/libOpenNI.so;libusb::libusb)\n'}
[9.993607] (hba) StdoutLine: {'line': b'-- Found PCL_COMMON: /usr/lib/x86_64-linux-gnu/libpcl_common.so  \n'}
[9.994798] (hba) StdoutLine: {'line': b'-- Found PCL_KDTREE: /usr/lib/x86_64-linux-gnu/libpcl_kdtree.so  \n'}
[9.995655] (hba) StdoutLine: {'line': b'-- Found PCL_OCTREE: /usr/lib/x86_64-linux-gnu/libpcl_octree.so  \n'}
[9.996509] (hba) StdoutLine: {'line': b'-- Found PCL_SEARCH: /usr/lib/x86_64-linux-gnu/libpcl_search.so  \n'}
[9.997341] (hba) StdoutLine: {'line': b'-- Found PCL_SAMPLE_CONSENSUS: /usr/lib/x86_64-linux-gnu/libpcl_sample_consensus.so  \n'}
[9.998146] (hba) StdoutLine: {'line': b'-- Found PCL_FILTERS: /usr/lib/x86_64-linux-gnu/libpcl_filters.so  \n'}
[9.998560] (hba) StdoutLine: {'line': b'-- Found PCL_2D: /usr/include/pcl-1.12  \n'}
[9.998880] (hba) StdoutLine: {'line': b'-- Found PCL_GEOMETRY: /usr/include/pcl-1.12  \n'}
[9.999637] (hba) StdoutLine: {'line': b'-- Found PCL_IO: /usr/lib/x86_64-linux-gnu/libpcl_io.so  \n'}
[10.000529] (hba) StdoutLine: {'line': b'-- Found PCL_FEATURES: /usr/lib/x86_64-linux-gnu/libpcl_features.so  \n'}
[10.001449] (hba) StdoutLine: {'line': b'-- Found PCL_ML: /usr/lib/x86_64-linux-gnu/libpcl_ml.so  \n'}
[10.002342] (hba) StdoutLine: {'line': b'-- Found PCL_SEGMENTATION: /usr/lib/x86_64-linux-gnu/libpcl_segmentation.so  \n'}
[10.003334] (hba) StdoutLine: {'line': b'-- Found PCL_VISUALIZATION: /usr/lib/x86_64-linux-gnu/libpcl_visualization.so  \n'}
[10.004227] (hba) StdoutLine: {'line': b'-- Found PCL_SURFACE: /usr/lib/x86_64-linux-gnu/libpcl_surface.so  \n'}
[10.005212] (hba) StdoutLine: {'line': b'-- Found PCL_REGISTRATION: /usr/lib/x86_64-linux-gnu/libpcl_registration.so  \n'}
[10.006145] (hba) StdoutLine: {'line': b'-- Found PCL_KEYPOINTS: /usr/lib/x86_64-linux-gnu/libpcl_keypoints.so  \n'}
[10.007067] (hba) StdoutLine: {'line': b'-- Found PCL_TRACKING: /usr/lib/x86_64-linux-gnu/libpcl_tracking.so  \n'}
[10.007871] (hba) StdoutLine: {'line': b'-- Found PCL_RECOGNITION: /usr/lib/x86_64-linux-gnu/libpcl_recognition.so  \n'}
[10.008919] (hba) StdoutLine: {'line': b'-- Found PCL_STEREO: /usr/lib/x86_64-linux-gnu/libpcl_stereo.so  \n'}
[10.009788] (hba) StdoutLine: {'line': b'-- Found PCL_APPS: /usr/lib/x86_64-linux-gnu/libpcl_apps.so  \n'}
[10.010725] (hba) StdoutLine: {'line': b'-- Found PCL_IN_HAND_SCANNER: /usr/include/pcl-1.12  \n'}
[10.010973] (hba) StdoutLine: {'line': b'-- Found PCL_MODELER: /usr/include/pcl-1.12  \n'}
[10.011374] (hba) StdoutLine: {'line': b'-- Found PCL_POINT_CLOUD_EDITOR: /usr/include/pcl-1.12  \n'}
[10.012344] (hba) StdoutLine: {'line': b'-- Found PCL_OUTOFCORE: /usr/lib/x86_64-linux-gnu/libpcl_outofcore.so  \n'}
[10.013252] (hba) StdoutLine: {'line': b'-- Found PCL_PEOPLE: /usr/lib/x86_64-linux-gnu/libpcl_people.so  \n'}
[10.028264] (-) TimerEvent: {}
[10.042895] (hba) StdoutLine: {'line': b'-- Found Boost: /usr/lib/x86_64-linux-gnu/cmake/Boost-1.74.0/BoostConfig.cmake (found suitable version "1.74.0", minimum required is "1.65") found components: serialization system filesystem thread program_options date_time timer chrono regex \n'}
[10.054648] (hba) StdoutLine: {'line': b'-- GTSAM include directory:  /usr/local/lib/cmake/GTSAM/../../../include\n'}
[10.055482] (hba) StderrLine: {'line': b'\x1b[33mCMake Warning (dev) at CMakeLists.txt:30 (find_package):\n'}
[10.055854] (hba) StderrLine: {'line': b'  Policy CMP0074 is not set: find_package uses <PackageName>_ROOT variables.\n'}
[10.055911] (hba) StderrLine: {'line': b'  Run "cmake --help-policy CMP0074" for policy details.  Use the cmake_policy\n'}
[10.055956] (hba) StderrLine: {'line': b'  command to set the policy and suppress this warning.\n'}
[10.055999] (hba) StderrLine: {'line': b'\n'}
[10.056043] (hba) StderrLine: {'line': b'  CMake variable PCL_ROOT is set to:\n'}
[10.056087] (hba) StderrLine: {'line': b'\n'}
[10.056129] (hba) StderrLine: {'line': b'    /usr\n'}
[10.056172] (hba) StderrLine: {'line': b'\n'}
[10.056269] (hba) StderrLine: {'line': b'  For compatibility, CMake is ignoring the variable.\n'}
[10.056317] (hba) StderrLine: {'line': b'This warning is for project developers.  Use -Wno-dev to suppress it.\n'}
[10.056367] (hba) StderrLine: {'line': b'\x1b[0m\n'}
[10.063589] (pgo) StdoutLine: {'line': b'-- Found PCL_COMMON: /usr/lib/x86_64-linux-gnu/libpcl_common.so  \n'}
[10.064369] (pgo) StdoutLine: {'line': b'-- Found PCL_KDTREE: /usr/lib/x86_64-linux-gnu/libpcl_kdtree.so  \n'}
[10.065171] (pgo) StdoutLine: {'line': b'-- Found PCL_OCTREE: /usr/lib/x86_64-linux-gnu/libpcl_octree.so  \n'}
[10.065948] (pgo) StdoutLine: {'line': b'-- Found PCL_SEARCH: /usr/lib/x86_64-linux-gnu/libpcl_search.so  \n'}
[10.066744] (pgo) StdoutLine: {'line': b'-- Found PCL_SAMPLE_CONSENSUS: /usr/lib/x86_64-linux-gnu/libpcl_sample_consensus.so  \n'}
[10.067537] (pgo) StdoutLine: {'line': b'-- Found PCL_FILTERS: /usr/lib/x86_64-linux-gnu/libpcl_filters.so  \n'}
[10.067893] (pgo) StdoutLine: {'line': b'-- Found PCL_2D: /usr/include/pcl-1.12  \n'}
[10.068243] (pgo) StdoutLine: {'line': b'-- Found PCL_GEOMETRY: /usr/include/pcl-1.12  \n'}
[10.069022] (pgo) StdoutLine: {'line': b'-- Found PCL_IO: /usr/lib/x86_64-linux-gnu/libpcl_io.so  \n'}
[10.069961] (pgo) StdoutLine: {'line': b'-- Found PCL_FEATURES: /usr/lib/x86_64-linux-gnu/libpcl_features.so  \n'}
[10.070849] (pgo) StdoutLine: {'line': b'-- Found PCL_ML: /usr/lib/x86_64-linux-gnu/libpcl_ml.so  \n'}
[10.071642] (pgo) StdoutLine: {'line': b'-- Found PCL_SEGMENTATION: /usr/lib/x86_64-linux-gnu/libpcl_segmentation.so  \n'}
[10.072644] (pgo) StdoutLine: {'line': b'-- Found PCL_VISUALIZATION: /usr/lib/x86_64-linux-gnu/libpcl_visualization.so  \n'}
[10.074109] (pgo) StdoutLine: {'line': b'-- Found PCL_SURFACE: /usr/lib/x86_64-linux-gnu/libpcl_surface.so  \n'}
[10.075711] (pgo) StdoutLine: {'line': b'-- Found PCL_REGISTRATION: /usr/lib/x86_64-linux-gnu/libpcl_registration.so  \n'}
[10.077128] (pgo) StdoutLine: {'line': b'-- Found PCL_KEYPOINTS: /usr/lib/x86_64-linux-gnu/libpcl_keypoints.so  \n'}
[10.078710] (pgo) StdoutLine: {'line': b'-- Found PCL_TRACKING: /usr/lib/x86_64-linux-gnu/libpcl_tracking.so  \n'}
[10.079737] (pgo) StdoutLine: {'line': b'-- Found PCL_RECOGNITION: /usr/lib/x86_64-linux-gnu/libpcl_recognition.so  \n'}
[10.080957] (pgo) StdoutLine: {'line': b'-- Found PCL_STEREO: /usr/lib/x86_64-linux-gnu/libpcl_stereo.so  \n'}
[10.081918] (pgo) StdoutLine: {'line': b'-- Found PCL_APPS: /usr/lib/x86_64-linux-gnu/libpcl_apps.so  \n'}
[10.082860] (pgo) StdoutLine: {'line': b'-- Found PCL_IN_HAND_SCANNER: /usr/include/pcl-1.12  \n'}
[10.083202] (pgo) StdoutLine: {'line': b'-- Found PCL_MODELER: /usr/include/pcl-1.12  \n'}
[10.083564] (pgo) StdoutLine: {'line': b'-- Found PCL_POINT_CLOUD_EDITOR: /usr/include/pcl-1.12  \n'}
[10.084540] (pgo) StdoutLine: {'line': b'-- Found PCL_OUTOFCORE: /usr/lib/x86_64-linux-gnu/libpcl_outofcore.so  \n'}
[10.085485] (pgo) StdoutLine: {'line': b'-- Found PCL_PEOPLE: /usr/lib/x86_64-linux-gnu/libpcl_people.so  \n'}
[10.090193] (pgo) StdoutLine: {'line': b'-- Found visualization_msgs: 4.9.0 (/opt/ros/humble/share/visualization_msgs/cmake)\n'}
[10.116501] (localizer) StdoutLine: {'line': b'-- Found PCL_COMMON: /usr/lib/x86_64-linux-gnu/libpcl_common.so  \n'}
[10.117357] (localizer) StdoutLine: {'line': b'-- Found PCL_KDTREE: /usr/lib/x86_64-linux-gnu/libpcl_kdtree.so  \n'}
[10.118259] (localizer) StdoutLine: {'line': b'-- Found PCL_OCTREE: /usr/lib/x86_64-linux-gnu/libpcl_octree.so  \n'}
[10.119162] (localizer) StdoutLine: {'line': b'-- Found PCL_SEARCH: /usr/lib/x86_64-linux-gnu/libpcl_search.so  \n'}
[10.120093] (localizer) StdoutLine: {'line': b'-- Found PCL_SAMPLE_CONSENSUS: /usr/lib/x86_64-linux-gnu/libpcl_sample_consensus.so  \n'}
[10.120996] (localizer) StdoutLine: {'line': b'-- Found PCL_FILTERS: /usr/lib/x86_64-linux-gnu/libpcl_filters.so  \n'}
[10.121399] (localizer) StdoutLine: {'line': b'-- Found PCL_2D: /usr/include/pcl-1.12  \n'}
[10.121729] (localizer) StdoutLine: {'line': b'-- Found PCL_GEOMETRY: /usr/include/pcl-1.12  \n'}
[10.122605] (localizer) StdoutLine: {'line': b'-- Found PCL_IO: /usr/lib/x86_64-linux-gnu/libpcl_io.so  \n'}
[10.123564] (localizer) StdoutLine: {'line': b'-- Found PCL_FEATURES: /usr/lib/x86_64-linux-gnu/libpcl_features.so  \n'}
[10.124561] (localizer) StdoutLine: {'line': b'-- Found PCL_ML: /usr/lib/x86_64-linux-gnu/libpcl_ml.so  \n'}
[10.125417] (localizer) StdoutLine: {'line': b'-- Found PCL_SEGMENTATION: /usr/lib/x86_64-linux-gnu/libpcl_segmentation.so  \n'}
[10.126389] (localizer) StdoutLine: {'line': b'-- Found PCL_VISUALIZATION: /usr/lib/x86_64-linux-gnu/libpcl_visualization.so  \n'}
[10.127459] (localizer) StdoutLine: {'line': b'-- Found PCL_SURFACE: /usr/lib/x86_64-linux-gnu/libpcl_surface.so  \n'}
[10.128338] (-) TimerEvent: {}
[10.128553] (localizer) StdoutLine: {'line': b'-- Found PCL_REGISTRATION: /usr/lib/x86_64-linux-gnu/libpcl_registration.so  \n'}
[10.129613] (localizer) StdoutLine: {'line': b'-- Found PCL_KEYPOINTS: /usr/lib/x86_64-linux-gnu/libpcl_keypoints.so  \n'}
[10.130572] (localizer) StdoutLine: {'line': b'-- Found PCL_TRACKING: /usr/lib/x86_64-linux-gnu/libpcl_tracking.so  \n'}
[10.131465] (localizer) StdoutLine: {'line': b'-- Found PCL_RECOGNITION: /usr/lib/x86_64-linux-gnu/libpcl_recognition.so  \n'}
[10.132538] (localizer) StdoutLine: {'line': b'-- Found PCL_STEREO: /usr/lib/x86_64-linux-gnu/libpcl_stereo.so  \n'}
[10.133456] (localizer) StdoutLine: {'line': b'-- Found PCL_APPS: /usr/lib/x86_64-linux-gnu/libpcl_apps.so  \n'}
[10.134369] (localizer) StdoutLine: {'line': b'-- Found PCL_IN_HAND_SCANNER: /usr/include/pcl-1.12  \n'}
[10.134695] (localizer) StdoutLine: {'line': b'-- Found PCL_MODELER: /usr/include/pcl-1.12  \n'}
[10.135058] (localizer) StdoutLine: {'line': b'-- Found PCL_POINT_CLOUD_EDITOR: /usr/include/pcl-1.12  \n'}
[10.135751] (pgo) StdoutLine: {'line': b'-- Found Boost: /usr/lib/x86_64-linux-gnu/cmake/Boost-1.74.0/BoostConfig.cmake (found suitable version "1.74.0", minimum required is "1.65") found components: serialization system filesystem thread program_options date_time timer chrono regex \n'}
[10.136116] (localizer) StdoutLine: {'line': b'-- Found PCL_OUTOFCORE: /usr/lib/x86_64-linux-gnu/libpcl_outofcore.so  \n'}
[10.137231] (localizer) StdoutLine: {'line': b'-- Found PCL_PEOPLE: /usr/lib/x86_64-linux-gnu/libpcl_people.so  \n'}
[10.144928] (pgo) StdoutLine: {'line': b'-- GTSAM include directory:  /usr/local/lib/cmake/GTSAM/../../../include\n'}
[10.145427] (pgo) StderrLine: {'line': b'\x1b[33mCMake Warning (dev) at CMakeLists.txt:30 (find_package):\n'}
[10.145661] (pgo) StderrLine: {'line': b'  Policy CMP0074 is not set: find_package uses <PackageName>_ROOT variables.\n'}
[10.145776] (pgo) StderrLine: {'line': b'  Run "cmake --help-policy CMP0074" for policy details.  Use the cmake_policy\n'}
[10.145875] (pgo) StderrLine: {'line': b'  command to set the policy and suppress this warning.\n'}
[10.145971] (pgo) StderrLine: {'line': b'\n'}
[10.146076] (pgo) StderrLine: {'line': b'  CMake variable PCL_ROOT is set to:\n'}
[10.146195] (pgo) StderrLine: {'line': b'\n'}
[10.146391] (pgo) StderrLine: {'line': b'    /usr\n'}
[10.146488] (pgo) StderrLine: {'line': b'\n'}
[10.146582] (pgo) StderrLine: {'line': b'  For compatibility, CMake is ignoring the variable.\n'}
[10.146676] (pgo) StderrLine: {'line': b'This warning is for project developers.  Use -Wno-dev to suppress it.\n'}
[10.146771] (pgo) StderrLine: {'line': b'\x1b[0m\n'}
[10.146865] (localizer) StderrLine: {'line': b'\x1b[33mCMake Warning (dev) at CMakeLists.txt:28 (find_package):\n'}
[10.147011] (localizer) StderrLine: {'line': b'  Policy CMP0074 is not set: find_package uses <PackageName>_ROOT variables.\n'}
[10.147110] (localizer) StderrLine: {'line': b'  Run "cmake --help-policy CMP0074" for policy details.  Use the cmake_policy\n'}
[10.147227] (localizer) StderrLine: {'line': b'  command to set the policy and suppress this warning.\n'}
[10.147333] (localizer) StderrLine: {'line': b'\n'}
[10.147429] (localizer) StderrLine: {'line': b'  CMake variable PCL_ROOT is set to:\n'}
[10.147523] (localizer) StderrLine: {'line': b'\n'}
[10.147606] (localizer) StderrLine: {'line': b'    /usr\n'}
[10.147651] (localizer) StderrLine: {'line': b'\n'}
[10.147694] (localizer) StderrLine: {'line': b'  For compatibility, CMake is ignoring the variable.\n'}
[10.147736] (localizer) StderrLine: {'line': b'This warning is for project developers.  Use -Wno-dev to suppress it.\n'}
[10.147779] (localizer) StderrLine: {'line': b'\x1b[0m\n'}
[10.158477] (pgo) StdoutLine: {'line': b'-- Found interface: 0.0.0 (/home/haiboliu/project/vln/localization/src/fastlio2/install/interface/share/interface/cmake)\n'}
[10.171239] (localizer) StdoutLine: {'line': b'-- Found ament_lint_auto: 0.12.14 (/opt/ros/humble/share/ament_lint_auto/cmake)\n'}
[10.192697] (pgo) StdoutLine: {'line': b'-- Found ament_lint_auto: 0.12.14 (/opt/ros/humble/share/ament_lint_auto/cmake)\n'}
[10.213338] (fastlio2) StderrLine: {'line': b'\x1b[33mCMake Warning (dev) at CMakeLists.txt:37 (find_package):\n'}
[10.213645] (fastlio2) StderrLine: {'line': b'  Policy CMP0074 is not set: find_package uses <PackageName>_ROOT variables.\n'}
[10.213762] (fastlio2) StderrLine: {'line': b'  Run "cmake --help-policy CMP0074" for policy details.  Use the cmake_policy\n'}
[10.213811] (fastlio2) StderrLine: {'line': b'  command to set the policy and suppress this warning.\n'}
[10.213855] (fastlio2) StderrLine: {'line': b'\n'}
[10.213899] (fastlio2) StderrLine: {'line': b'  CMake variable PCL_ROOT is set to:\n'}
[10.213942] (fastlio2) StderrLine: {'line': b'\n'}
[10.213985] (fastlio2) StderrLine: {'line': b'    /usr\n'}
[10.214028] (fastlio2) StderrLine: {'line': b'\n'}
[10.214071] (fastlio2) StderrLine: {'line': b'  For compatibility, CMake is ignoring the variable.\n'}
[10.214116] (fastlio2) StderrLine: {'line': b'This warning is for project developers.  Use -Wno-dev to suppress it.\n'}
[10.214162] (fastlio2) StderrLine: {'line': b'\x1b[0m\n'}
[10.228505] (-) TimerEvent: {}
[10.251982] (fastlio2) StdoutLine: {'line': b'-- vln_msgs package not found\n'}
[10.257411] (localizer) StdoutLine: {'line': b"-- Added test 'cppcheck' to perform static code analysis on C / C++ code\n"}
[10.257729] (localizer) StdoutLine: {'line': b'-- Configured cppcheck include dirs: \n'}
[10.257844] (localizer) StdoutLine: {'line': b'-- Configured cppcheck exclude dirs and/or files: \n'}
[10.258329] (localizer) StdoutLine: {'line': b"-- Added test 'flake8' to check Python code syntax and style conventions\n"}
[10.259071] (localizer) StdoutLine: {'line': b"-- Added test 'lint_cmake' to check CMake code style\n"}
[10.259701] (localizer) StdoutLine: {'line': b"-- Added test 'pep257' to check Python code against some of the docstring style conventions in PEP 257\n"}
[10.261285] (localizer) StdoutLine: {'line': b"-- Added test 'uncrustify' to check C / C++ code style\n"}
[10.261482] (localizer) StdoutLine: {'line': b'-- Configured uncrustify additional arguments: \n'}
[10.261867] (localizer) StdoutLine: {'line': b"-- Added test 'xmllint' to check XML markup files\n"}
[10.263321] (fastlio2) StdoutLine: {'line': b'-- Found ament_lint_auto: 0.12.14 (/opt/ros/humble/share/ament_lint_auto/cmake)\n'}
[10.263694] (localizer) StdoutLine: {'line': b'-- Configuring done\n'}
[10.289039] (pgo) StdoutLine: {'line': b"-- Added test 'cppcheck' to perform static code analysis on C / C++ code\n"}
[10.289428] (pgo) StdoutLine: {'line': b'-- Configured cppcheck include dirs: /home/haiboliu/project/vln/localization/src/fastlio2/pgo/src\n'}
[10.289560] (pgo) StdoutLine: {'line': b'-- Configured cppcheck exclude dirs and/or files: \n'}
[10.290416] (pgo) StdoutLine: {'line': b"-- Added test 'flake8' to check Python code syntax and style conventions\n"}
[10.291099] (pgo) StdoutLine: {'line': b"-- Added test 'lint_cmake' to check CMake code style\n"}
[10.291774] (pgo) StdoutLine: {'line': b"-- Added test 'pep257' to check Python code against some of the docstring style conventions in PEP 257\n"}
[10.294333] (pgo) StdoutLine: {'line': b"-- Added test 'uncrustify' to check C / C++ code style\n"}
[10.294583] (pgo) StdoutLine: {'line': b'-- Configured uncrustify additional arguments: \n'}
[10.294915] (pgo) StdoutLine: {'line': b"-- Added test 'xmllint' to check XML markup files\n"}
[10.296338] (pgo) StdoutLine: {'line': b'-- Configuring done\n'}
[10.328682] (-) TimerEvent: {}
[10.335943] (localizer) StdoutLine: {'line': b'-- Generating done\n'}
[10.349801] (localizer) StdoutLine: {'line': b'-- Build files have been written to: /home/haiboliu/project/vln/localization/src/fastlio2/build/localizer\n'}
[10.359327] (fastlio2) StdoutLine: {'line': b"-- Added test 'cppcheck' to perform static code analysis on C / C++ code\n"}
[10.359719] (fastlio2) StdoutLine: {'line': b'-- Configured cppcheck include dirs: \n'}
[10.359830] (fastlio2) StdoutLine: {'line': b'-- Configured cppcheck exclude dirs and/or files: \n'}
[10.360526] (fastlio2) StdoutLine: {'line': b"-- Added test 'flake8' to check Python code syntax and style conventions\n"}
[10.361792] (fastlio2) StdoutLine: {'line': b"-- Added test 'lint_cmake' to check CMake code style\n"}
[10.362612] (fastlio2) StdoutLine: {'line': b"-- Added test 'pep257' to check Python code against some of the docstring style conventions in PEP 257\n"}
[10.365677] (fastlio2) StdoutLine: {'line': b"-- Added test 'uncrustify' to check C / C++ code style\n"}
[10.365829] (fastlio2) StdoutLine: {'line': b'-- Configured uncrustify additional arguments: \n'}
[10.366647] (fastlio2) StdoutLine: {'line': b"-- Added test 'xmllint' to check XML markup files\n"}
[10.368218] (fastlio2) StdoutLine: {'line': b'-- Configuring done\n'}
[10.375905] (localizer) CommandEnded: {'returncode': 0}
[10.377067] (localizer) JobProgress: {'identifier': 'localizer', 'progress': 'build'}
[10.377750] (localizer) Command: {'cmd': ['/usr/bin/cmake', '--build', '/home/haiboliu/project/vln/localization/src/fastlio2/build/localizer', '--', '-j16', '-l16'], 'cwd': '/home/haiboliu/project/vln/localization/src/fastlio2/build/localizer', 'env': OrderedDict([('LESSOPEN', '| /usr/bin/lesspipe %s'), ('USER', 'haiboliu'), ('LC_TIME', 'zh_CN.UTF-8'), ('XDG_SESSION_TYPE', 'wayland'), ('SHLVL', '1'), ('LD_LIBRARY_PATH', '/home/haiboliu/project/vln/localization/src/fastlio2/install/interface/lib:/opt/ros/humble/opt/rviz_ogre_vendor/lib:/opt/ros/humble/lib/x86_64-linux-gnu:/opt/ros/humble/lib'), ('HOME', '/home/haiboliu'), ('OLDPWD', '/home/haiboliu/project/vln/localization/src'), ('DESKTOP_SESSION', 'ubuntu'), ('ROS_PYTHON_VERSION', '3'), ('GNOME_SHELL_SESSION_MODE', 'ubuntu'), ('GTK_MODULES', 'gail:atk-bridge'), ('LC_MONETARY', 'zh_CN.UTF-8'), ('SYSTEMD_EXEC_PID', '1818'), ('DBUS_SESSION_BUS_ADDRESS', 'unix:path=/run/user/1001/bus'), ('COLORTERM', 'truecolor'), ('IM_CONFIG_PHASE', '1'), ('WAYLAND_DISPLAY', 'wayland-0'), ('ROS_DISTRO', 'humble'), ('LOGNAME', 'haiboliu'), ('_', '/usr/bin/colcon'), ('ROS_VERSION', '2'), ('XDG_SESSION_CLASS', 'user'), ('USERNAME', 'haiboliu'), ('TERM', 'xterm-256color'), ('GNOME_DESKTOP_SESSION_ID', 'this-is-deprecated'), ('ROS_LOCALHOST_ONLY', '0'), ('PATH', '/opt/ros/humble/bin:/usr/local/sbin:/usr/local/bin:/usr/sbin:/usr/bin:/sbin:/bin:/usr/games:/usr/local/games:/snap/bin:/snap/bin'), ('SESSION_MANAGER', 'local/CNBEDZPL210029:@/tmp/.ICE-unix/1790,unix/CNBEDZPL210029:/tmp/.ICE-unix/1790'), ('XDG_MENU_PREFIX', 'gnome-'), ('LC_ADDRESS', 'zh_CN.UTF-8'), ('GNOME_TERMINAL_SCREEN', '/org/gnome/Terminal/screen/f317baec_4654_4e46_9450_13a654dfa23f'), ('GNOME_SETUP_DISPLAY', ':1'), ('XDG_RUNTIME_DIR', '/run/user/1001'), ('DISPLAY', ':0'), ('LANG', 'en_US.UTF-8'), ('XDG_CURRENT_DESKTOP', 'ubuntu:GNOME'), ('LC_TELEPHONE', 'zh_CN.UTF-8'), ('XMODIFIERS', '@im=ibus'), ('XDG_SESSION_DESKTOP', 'ubuntu'), ('XAUTHORITY', '/run/user/1001/.mutter-Xwaylandauth.SZOGC3'), ('LS_COLORS', 'rs=0:di=01;34:ln=01;36:mh=00:pi=40;33:so=01;35:do=01;35:bd=40;33;01:cd=40;33;01:or=40;31;01:mi=00:su=37;41:sg=30;43:ca=30;41:tw=30;42:ow=34;42:st=37;44:ex=01;32:*.tar=01;31:*.tgz=01;31:*.arc=01;31:*.arj=01;31:*.taz=01;31:*.lha=01;31:*.lz4=01;31:*.lzh=01;31:*.lzma=01;31:*.tlz=01;31:*.txz=01;31:*.tzo=01;31:*.t7z=01;31:*.zip=01;31:*.z=01;31:*.dz=01;31:*.gz=01;31:*.lrz=01;31:*.lz=01;31:*.lzo=01;31:*.xz=01;31:*.zst=01;31:*.tzst=01;31:*.bz2=01;31:*.bz=01;31:*.tbz=01;31:*.tbz2=01;31:*.tz=01;31:*.deb=01;31:*.rpm=01;31:*.jar=01;31:*.war=01;31:*.ear=01;31:*.sar=01;31:*.rar=01;31:*.alz=01;31:*.ace=01;31:*.zoo=01;31:*.cpio=01;31:*.7z=01;31:*.rz=01;31:*.cab=01;31:*.wim=01;31:*.swm=01;31:*.dwm=01;31:*.esd=01;31:*.jpg=01;35:*.jpeg=01;35:*.mjpg=01;35:*.mjpeg=01;35:*.gif=01;35:*.bmp=01;35:*.pbm=01;35:*.pgm=01;35:*.ppm=01;35:*.tga=01;35:*.xbm=01;35:*.xpm=01;35:*.tif=01;35:*.tiff=01;35:*.png=01;35:*.svg=01;35:*.svgz=01;35:*.mng=01;35:*.pcx=01;35:*.mov=01;35:*.mpg=01;35:*.mpeg=01;35:*.m2v=01;35:*.mkv=01;35:*.webm=01;35:*.webp=01;35:*.ogm=01;35:*.mp4=01;35:*.m4v=01;35:*.mp4v=01;35:*.vob=01;35:*.qt=01;35:*.nuv=01;35:*.wmv=01;35:*.asf=01;35:*.rm=01;35:*.rmvb=01;35:*.flc=01;35:*.avi=01;35:*.fli=01;35:*.flv=01;35:*.gl=01;35:*.dl=01;35:*.xcf=01;35:*.xwd=01;35:*.yuv=01;35:*.cgm=01;35:*.emf=01;35:*.ogv=01;35:*.ogx=01;35:*.aac=00;36:*.au=00;36:*.flac=00;36:*.m4a=00;36:*.mid=00;36:*.midi=00;36:*.mka=00;36:*.mp3=00;36:*.mpc=00;36:*.ogg=00;36:*.ra=00;36:*.wav=00;36:*.oga=00;36:*.opus=00;36:*.spx=00;36:*.xspf=00;36:'), ('GNOME_TERMINAL_SERVICE', ':1.283'), ('SSH_AGENT_LAUNCHER', 'gnome-keyring'), ('SSH_AUTH_SOCK', '/run/user/1001/keyring/ssh'), ('AMENT_PREFIX_PATH', '/home/haiboliu/project/vln/localization/src/fastlio2/install/interface:/opt/ros/humble'), ('SHELL', '/bin/bash'), ('LC_NAME', 'zh_CN.UTF-8'), ('QT_ACCESSIBILITY', '1'), ('GDMSESSION', 'ubuntu'), ('LESSCLOSE', '/usr/bin/lesspipe %s %s'), ('LC_MEASUREMENT', 'zh_CN.UTF-8'), ('LC_IDENTIFICATION', 'zh_CN.UTF-8'), ('QT_IM_MODULE', 'ibus'), ('PWD', '/home/haiboliu/project/vln/localization/src/fastlio2/build/localizer'), ('XDG_CONFIG_DIRS', '/etc/xdg/xdg-ubuntu:/etc/xdg'), ('XDG_DATA_DIRS', '/usr/share/ubuntu:/usr/local/share/:/usr/share/:/var/lib/snapd/desktop'), ('PYTHONPATH', '/home/haiboliu/project/vln/localization/src/fastlio2/install/interface/local/lib/python3.10/dist-packages:/opt/ros/humble/lib/python3.10/site-packages:/opt/ros/humble/local/lib/python3.10/dist-packages'), ('LC_NUMERIC', 'zh_CN.UTF-8'), ('LC_PAPER', 'zh_CN.UTF-8'), ('COLCON', '1'), ('VTE_VERSION', '6800'), ('CMAKE_PREFIX_PATH', '/home/haiboliu/project/vln/localization/src/fastlio2/install/interface:/opt/ros/humble')]), 'shell': False}
[10.379748] (pgo) StdoutLine: {'line': b'-- Generating done\n'}
[10.403672] (pgo) StdoutLine: {'line': b'-- Build files have been written to: /home/haiboliu/project/vln/localization/src/fastlio2/build/pgo\n'}
[10.428873] (-) TimerEvent: {}
[10.429746] (pgo) CommandEnded: {'returncode': 0}
[10.430910] (pgo) JobProgress: {'identifier': 'pgo', 'progress': 'build'}
[10.432006] (pgo) Command: {'cmd': ['/usr/bin/cmake', '--build', '/home/haiboliu/project/vln/localization/src/fastlio2/build/pgo', '--', '-j16', '-l16'], 'cwd': '/home/haiboliu/project/vln/localization/src/fastlio2/build/pgo', 'env': OrderedDict([('LESSOPEN', '| /usr/bin/lesspipe %s'), ('USER', 'haiboliu'), ('LC_TIME', 'zh_CN.UTF-8'), ('XDG_SESSION_TYPE', 'wayland'), ('SHLVL', '1'), ('LD_LIBRARY_PATH', '/home/haiboliu/project/vln/localization/src/fastlio2/install/interface/lib:/opt/ros/humble/opt/rviz_ogre_vendor/lib:/opt/ros/humble/lib/x86_64-linux-gnu:/opt/ros/humble/lib'), ('HOME', '/home/haiboliu'), ('OLDPWD', '/home/haiboliu/project/vln/localization/src'), ('DESKTOP_SESSION', 'ubuntu'), ('ROS_PYTHON_VERSION', '3'), ('GNOME_SHELL_SESSION_MODE', 'ubuntu'), ('GTK_MODULES', 'gail:atk-bridge'), ('LC_MONETARY', 'zh_CN.UTF-8'), ('SYSTEMD_EXEC_PID', '1818'), ('DBUS_SESSION_BUS_ADDRESS', 'unix:path=/run/user/1001/bus'), ('COLORTERM', 'truecolor'), ('IM_CONFIG_PHASE', '1'), ('WAYLAND_DISPLAY', 'wayland-0'), ('ROS_DISTRO', 'humble'), ('LOGNAME', 'haiboliu'), ('_', '/usr/bin/colcon'), ('ROS_VERSION', '2'), ('XDG_SESSION_CLASS', 'user'), ('USERNAME', 'haiboliu'), ('TERM', 'xterm-256color'), ('GNOME_DESKTOP_SESSION_ID', 'this-is-deprecated'), ('ROS_LOCALHOST_ONLY', '0'), ('PATH', '/opt/ros/humble/bin:/usr/local/sbin:/usr/local/bin:/usr/sbin:/usr/bin:/sbin:/bin:/usr/games:/usr/local/games:/snap/bin:/snap/bin'), ('SESSION_MANAGER', 'local/CNBEDZPL210029:@/tmp/.ICE-unix/1790,unix/CNBEDZPL210029:/tmp/.ICE-unix/1790'), ('XDG_MENU_PREFIX', 'gnome-'), ('LC_ADDRESS', 'zh_CN.UTF-8'), ('GNOME_TERMINAL_SCREEN', '/org/gnome/Terminal/screen/f317baec_4654_4e46_9450_13a654dfa23f'), ('GNOME_SETUP_DISPLAY', ':1'), ('XDG_RUNTIME_DIR', '/run/user/1001'), ('DISPLAY', ':0'), ('LANG', 'en_US.UTF-8'), ('XDG_CURRENT_DESKTOP', 'ubuntu:GNOME'), ('LC_TELEPHONE', 'zh_CN.UTF-8'), ('XMODIFIERS', '@im=ibus'), ('XDG_SESSION_DESKTOP', 'ubuntu'), ('XAUTHORITY', '/run/user/1001/.mutter-Xwaylandauth.SZOGC3'), ('LS_COLORS', 'rs=0:di=01;34:ln=01;36:mh=00:pi=40;33:so=01;35:do=01;35:bd=40;33;01:cd=40;33;01:or=40;31;01:mi=00:su=37;41:sg=30;43:ca=30;41:tw=30;42:ow=34;42:st=37;44:ex=01;32:*.tar=01;31:*.tgz=01;31:*.arc=01;31:*.arj=01;31:*.taz=01;31:*.lha=01;31:*.lz4=01;31:*.lzh=01;31:*.lzma=01;31:*.tlz=01;31:*.txz=01;31:*.tzo=01;31:*.t7z=01;31:*.zip=01;31:*.z=01;31:*.dz=01;31:*.gz=01;31:*.lrz=01;31:*.lz=01;31:*.lzo=01;31:*.xz=01;31:*.zst=01;31:*.tzst=01;31:*.bz2=01;31:*.bz=01;31:*.tbz=01;31:*.tbz2=01;31:*.tz=01;31:*.deb=01;31:*.rpm=01;31:*.jar=01;31:*.war=01;31:*.ear=01;31:*.sar=01;31:*.rar=01;31:*.alz=01;31:*.ace=01;31:*.zoo=01;31:*.cpio=01;31:*.7z=01;31:*.rz=01;31:*.cab=01;31:*.wim=01;31:*.swm=01;31:*.dwm=01;31:*.esd=01;31:*.jpg=01;35:*.jpeg=01;35:*.mjpg=01;35:*.mjpeg=01;35:*.gif=01;35:*.bmp=01;35:*.pbm=01;35:*.pgm=01;35:*.ppm=01;35:*.tga=01;35:*.xbm=01;35:*.xpm=01;35:*.tif=01;35:*.tiff=01;35:*.png=01;35:*.svg=01;35:*.svgz=01;35:*.mng=01;35:*.pcx=01;35:*.mov=01;35:*.mpg=01;35:*.mpeg=01;35:*.m2v=01;35:*.mkv=01;35:*.webm=01;35:*.webp=01;35:*.ogm=01;35:*.mp4=01;35:*.m4v=01;35:*.mp4v=01;35:*.vob=01;35:*.qt=01;35:*.nuv=01;35:*.wmv=01;35:*.asf=01;35:*.rm=01;35:*.rmvb=01;35:*.flc=01;35:*.avi=01;35:*.fli=01;35:*.flv=01;35:*.gl=01;35:*.dl=01;35:*.xcf=01;35:*.xwd=01;35:*.yuv=01;35:*.cgm=01;35:*.emf=01;35:*.ogv=01;35:*.ogx=01;35:*.aac=00;36:*.au=00;36:*.flac=00;36:*.m4a=00;36:*.mid=00;36:*.midi=00;36:*.mka=00;36:*.mp3=00;36:*.mpc=00;36:*.ogg=00;36:*.ra=00;36:*.wav=00;36:*.oga=00;36:*.opus=00;36:*.spx=00;36:*.xspf=00;36:'), ('GNOME_TERMINAL_SERVICE', ':1.283'), ('SSH_AGENT_LAUNCHER', 'gnome-keyring'), ('SSH_AUTH_SOCK', '/run/user/1001/keyring/ssh'), ('AMENT_PREFIX_PATH', '/home/haiboliu/project/vln/localization/src/fastlio2/install/interface:/opt/ros/humble'), ('SHELL', '/bin/bash'), ('LC_NAME', 'zh_CN.UTF-8'), ('QT_ACCESSIBILITY', '1'), ('GDMSESSION', 'ubuntu'), ('LESSCLOSE', '/usr/bin/lesspipe %s %s'), ('LC_MEASUREMENT', 'zh_CN.UTF-8'), ('LC_IDENTIFICATION', 'zh_CN.UTF-8'), ('QT_IM_MODULE', 'ibus'), ('PWD', '/home/haiboliu/project/vln/localization/src/fastlio2/build/pgo'), ('XDG_CONFIG_DIRS', '/etc/xdg/xdg-ubuntu:/etc/xdg'), ('XDG_DATA_DIRS', '/usr/share/ubuntu:/usr/local/share/:/usr/share/:/var/lib/snapd/desktop'), ('PYTHONPATH', '/home/haiboliu/project/vln/localization/src/fastlio2/install/interface/local/lib/python3.10/dist-packages:/opt/ros/humble/lib/python3.10/site-packages:/opt/ros/humble/local/lib/python3.10/dist-packages'), ('LC_NUMERIC', 'zh_CN.UTF-8'), ('LC_PAPER', 'zh_CN.UTF-8'), ('COLCON', '1'), ('VTE_VERSION', '6800'), ('CMAKE_PREFIX_PATH', '/home/haiboliu/project/vln/localization/src/fastlio2/install/interface:/opt/ros/humble')]), 'shell': False}
[10.453101] (localizer) StdoutLine: {'line': b'[ 50%] \x1b[32mBuilding CXX object CMakeFiles/localizer_node.dir/src/localizer_node.cpp.o\x1b[0m\n'}
[10.453369] (localizer) StdoutLine: {'line': b'[ 50%] \x1b[32mBuilding CXX object CMakeFiles/localizer_node.dir/src/localizers/commons.cpp.o\x1b[0m\n'}
[10.454231] (localizer) StdoutLine: {'line': b'[ 75%] \x1b[32mBuilding CXX object CMakeFiles/localizer_node.dir/src/localizers/icp_localizer.cpp.o\x1b[0m\n'}
[10.511420] (fastlio2) StdoutLine: {'line': b'-- Generating done\n'}
[10.511804] (pgo) StdoutLine: {'line': b'[ 40%] \x1b[32mBuilding CXX object CMakeFiles/tools_3d_to_2d_gridmap.dir/src/utils/file_writer.cpp.o\x1b[0m\n'}
[10.511944] (pgo) StdoutLine: {'line': b'[ 40%] \x1b[32mBuilding CXX object CMakeFiles/pgo_node.dir/src/utils/file_writer.cpp.o\x1b[0m\n'}
[10.512030] (pgo) StdoutLine: {'line': b'[ 40%] \x1b[32mBuilding CXX object CMakeFiles/pgo_node.dir/src/pgo_node.cpp.o\x1b[0m\n'}
[10.512111] (pgo) StdoutLine: {'line': b'[ 40%] \x1b[32mBuilding CXX object CMakeFiles/tools_3d_to_2d_gridmap.dir/src/utils/point_cloud_3d_to_2d_grid.cpp.o\x1b[0m\n'}
[10.512222] (pgo) StdoutLine: {'line': b'[ 40%] \x1b[32mBuilding CXX object CMakeFiles/tools_3d_to_2d_gridmap.dir/src/tools_3d_to_2d.cpp.o\x1b[0m\n'}
[10.512323] (pgo) StdoutLine: {'line': b'[ 46%] \x1b[32mBuilding CXX object CMakeFiles/pgo_node.dir/src/pgos/commons.cpp.o\x1b[0m\n'}
[10.514021] (pgo) StdoutLine: {'line': b'[ 40%] \x1b[32mBuilding CXX object CMakeFiles/tools_3d_to_2d_gridmap.dir/src/utils/occupancy_map.cpp.o\x1b[0m\n'}
[10.514375] (pgo) StdoutLine: {'line': b'[ 60%] \x1b[32mBuilding CXX object CMakeFiles/pgo_node.dir/src/pgos/simple_pgo.cpp.o\x1b[0m\n'}
[10.514479] (pgo) StdoutLine: {'line': b'[ 60%] \x1b[32mBuilding CXX object CMakeFiles/occupancy_map_saver.dir/src/utils/file_writer.cpp.o\x1b[0m\n'}
[10.514566] (pgo) StdoutLine: {'line': b'[ 73%] \x1b[32mBuilding CXX object CMakeFiles/occupancy_map_saver.dir/src/occupancy_map_saver.cpp.o\x1b[0m\n'}
[10.514780] (pgo) StdoutLine: {'line': b'[ 80%] \x1b[32mBuilding CXX object CMakeFiles/pgo_node.dir/src/utils/occupancy_map.cpp.o\x1b[0m\n'}
[10.514880] (pgo) StdoutLine: {'line': b'[ 80%] \x1b[32mBuilding CXX object CMakeFiles/pgo_node.dir/src/utils/point_cloud_3d_to_2d_grid.cpp.o\x1b[0m\n'}
[10.529358] (-) TimerEvent: {}
[10.554123] (fastlio2) StdoutLine: {'line': b'-- Build files have been written to: /home/haiboliu/project/vln/localization/src/fastlio2/build/fastlio2\n'}
[10.577861] (hba) StdoutLine: {'line': b'-- Found ament_lint_auto: 0.12.14 (/opt/ros/humble/share/ament_lint_auto/cmake)\n'}
[10.605548] (fastlio2) CommandEnded: {'returncode': 0}
[10.606270] (fastlio2) JobProgress: {'identifier': 'fastlio2', 'progress': 'build'}
[10.606318] (fastlio2) Command: {'cmd': ['/usr/bin/cmake', '--build', '/home/haiboliu/project/vln/localization/src/fastlio2/build/fastlio2', '--', '-j16', '-l16'], 'cwd': '/home/haiboliu/project/vln/localization/src/fastlio2/build/fastlio2', 'env': OrderedDict([('LESSOPEN', '| /usr/bin/lesspipe %s'), ('USER', 'haiboliu'), ('LC_TIME', 'zh_CN.UTF-8'), ('XDG_SESSION_TYPE', 'wayland'), ('SHLVL', '1'), ('LD_LIBRARY_PATH', '/home/haiboliu/project/vln/localization/src/fastlio2/install/livox_ros_driver2/lib:/opt/ros/humble/opt/rviz_ogre_vendor/lib:/opt/ros/humble/lib/x86_64-linux-gnu:/opt/ros/humble/lib'), ('HOME', '/home/haiboliu'), ('OLDPWD', '/home/haiboliu/project/vln/localization/src'), ('DESKTOP_SESSION', 'ubuntu'), ('ROS_PYTHON_VERSION', '3'), ('GNOME_SHELL_SESSION_MODE', 'ubuntu'), ('GTK_MODULES', 'gail:atk-bridge'), ('LC_MONETARY', 'zh_CN.UTF-8'), ('SYSTEMD_EXEC_PID', '1818'), ('DBUS_SESSION_BUS_ADDRESS', 'unix:path=/run/user/1001/bus'), ('COLORTERM', 'truecolor'), ('IM_CONFIG_PHASE', '1'), ('WAYLAND_DISPLAY', 'wayland-0'), ('ROS_DISTRO', 'humble'), ('LOGNAME', 'haiboliu'), ('_', '/usr/bin/colcon'), ('ROS_VERSION', '2'), ('XDG_SESSION_CLASS', 'user'), ('USERNAME', 'haiboliu'), ('TERM', 'xterm-256color'), ('GNOME_DESKTOP_SESSION_ID', 'this-is-deprecated'), ('ROS_LOCALHOST_ONLY', '0'), ('PATH', '/opt/ros/humble/bin:/usr/local/sbin:/usr/local/bin:/usr/sbin:/usr/bin:/sbin:/bin:/usr/games:/usr/local/games:/snap/bin:/snap/bin'), ('SESSION_MANAGER', 'local/CNBEDZPL210029:@/tmp/.ICE-unix/1790,unix/CNBEDZPL210029:/tmp/.ICE-unix/1790'), ('XDG_MENU_PREFIX', 'gnome-'), ('LC_ADDRESS', 'zh_CN.UTF-8'), ('GNOME_TERMINAL_SCREEN', '/org/gnome/Terminal/screen/f317baec_4654_4e46_9450_13a654dfa23f'), ('GNOME_SETUP_DISPLAY', ':1'), ('XDG_RUNTIME_DIR', '/run/user/1001'), ('DISPLAY', ':0'), ('LANG', 'en_US.UTF-8'), ('XDG_CURRENT_DESKTOP', 'ubuntu:GNOME'), ('LC_TELEPHONE', 'zh_CN.UTF-8'), ('XMODIFIERS', '@im=ibus'), ('XDG_SESSION_DESKTOP', 'ubuntu'), ('XAUTHORITY', '/run/user/1001/.mutter-Xwaylandauth.SZOGC3'), ('LS_COLORS', 'rs=0:di=01;34:ln=01;36:mh=00:pi=40;33:so=01;35:do=01;35:bd=40;33;01:cd=40;33;01:or=40;31;01:mi=00:su=37;41:sg=30;43:ca=30;41:tw=30;42:ow=34;42:st=37;44:ex=01;32:*.tar=01;31:*.tgz=01;31:*.arc=01;31:*.arj=01;31:*.taz=01;31:*.lha=01;31:*.lz4=01;31:*.lzh=01;31:*.lzma=01;31:*.tlz=01;31:*.txz=01;31:*.tzo=01;31:*.t7z=01;31:*.zip=01;31:*.z=01;31:*.dz=01;31:*.gz=01;31:*.lrz=01;31:*.lz=01;31:*.lzo=01;31:*.xz=01;31:*.zst=01;31:*.tzst=01;31:*.bz2=01;31:*.bz=01;31:*.tbz=01;31:*.tbz2=01;31:*.tz=01;31:*.deb=01;31:*.rpm=01;31:*.jar=01;31:*.war=01;31:*.ear=01;31:*.sar=01;31:*.rar=01;31:*.alz=01;31:*.ace=01;31:*.zoo=01;31:*.cpio=01;31:*.7z=01;31:*.rz=01;31:*.cab=01;31:*.wim=01;31:*.swm=01;31:*.dwm=01;31:*.esd=01;31:*.jpg=01;35:*.jpeg=01;35:*.mjpg=01;35:*.mjpeg=01;35:*.gif=01;35:*.bmp=01;35:*.pbm=01;35:*.pgm=01;35:*.ppm=01;35:*.tga=01;35:*.xbm=01;35:*.xpm=01;35:*.tif=01;35:*.tiff=01;35:*.png=01;35:*.svg=01;35:*.svgz=01;35:*.mng=01;35:*.pcx=01;35:*.mov=01;35:*.mpg=01;35:*.mpeg=01;35:*.m2v=01;35:*.mkv=01;35:*.webm=01;35:*.webp=01;35:*.ogm=01;35:*.mp4=01;35:*.m4v=01;35:*.mp4v=01;35:*.vob=01;35:*.qt=01;35:*.nuv=01;35:*.wmv=01;35:*.asf=01;35:*.rm=01;35:*.rmvb=01;35:*.flc=01;35:*.avi=01;35:*.fli=01;35:*.flv=01;35:*.gl=01;35:*.dl=01;35:*.xcf=01;35:*.xwd=01;35:*.yuv=01;35:*.cgm=01;35:*.emf=01;35:*.ogv=01;35:*.ogx=01;35:*.aac=00;36:*.au=00;36:*.flac=00;36:*.m4a=00;36:*.mid=00;36:*.midi=00;36:*.mka=00;36:*.mp3=00;36:*.mpc=00;36:*.ogg=00;36:*.ra=00;36:*.wav=00;36:*.oga=00;36:*.opus=00;36:*.spx=00;36:*.xspf=00;36:'), ('GNOME_TERMINAL_SERVICE', ':1.283'), ('SSH_AGENT_LAUNCHER', 'gnome-keyring'), ('SSH_AUTH_SOCK', '/run/user/1001/keyring/ssh'), ('AMENT_PREFIX_PATH', '/home/haiboliu/project/vln/localization/src/fastlio2/install/livox_ros_driver2:/opt/ros/humble'), ('SHELL', '/bin/bash'), ('LC_NAME', 'zh_CN.UTF-8'), ('QT_ACCESSIBILITY', '1'), ('GDMSESSION', 'ubuntu'), ('LESSCLOSE', '/usr/bin/lesspipe %s %s'), ('LC_MEASUREMENT', 'zh_CN.UTF-8'), ('LC_IDENTIFICATION', 'zh_CN.UTF-8'), ('QT_IM_MODULE', 'ibus'), ('PWD', '/home/haiboliu/project/vln/localization/src/fastlio2/build/fastlio2'), ('XDG_CONFIG_DIRS', '/etc/xdg/xdg-ubuntu:/etc/xdg'), ('XDG_DATA_DIRS', '/usr/share/ubuntu:/usr/local/share/:/usr/share/:/var/lib/snapd/desktop'), ('PYTHONPATH', '/home/haiboliu/project/vln/localization/src/fastlio2/install/livox_ros_driver2/local/lib/python3.10/dist-packages:/opt/ros/humble/lib/python3.10/site-packages:/opt/ros/humble/local/lib/python3.10/dist-packages'), ('LC_NUMERIC', 'zh_CN.UTF-8'), ('LC_PAPER', 'zh_CN.UTF-8'), ('COLCON', '1'), ('VTE_VERSION', '6800'), ('CMAKE_PREFIX_PATH', '/home/haiboliu/project/vln/localization/src/fastlio2/install/livox_ros_driver2:/opt/ros/humble')]), 'shell': False}
[10.630275] (-) TimerEvent: {}
[10.732380] (-) TimerEvent: {}
[10.738461] (fastlio2) StdoutLine: {'line': b'[  5%] \x1b[32mBuilding CXX object CMakeFiles/map_builder.dir/src/map_builder/commons.cpp.o\x1b[0m\n'}
[10.739079] (fastlio2) StdoutLine: {'line': b'[ 15%] \x1b[32mBuilding CXX object CMakeFiles/map_builder.dir/src/map_builder/ikd_Tree.cpp.o\x1b[0m\n'}
[10.739329] (fastlio2) StdoutLine: {'line': b'[ 15%] \x1b[32mBuilding CXX object CMakeFiles/map_builder.dir/src/map_builder/imu_processor.cpp.o\x1b[0m\n'}
[10.740966] (fastlio2) StdoutLine: {'line': b'[ 20%] \x1b[32mBuilding CXX object CMakeFiles/map_builder.dir/src/map_builder/ieskf.cpp.o\x1b[0m\n'}
[10.751493] (fastlio2) StdoutLine: {'line': b'[ 25%] \x1b[32mBuilding CXX object CMakeFiles/map_builder.dir/src/map_builder/map_builder.cpp.o\x1b[0m\n'}
[10.751779] (fastlio2) StdoutLine: {'line': b'[ 35%] \x1b[32mBuilding CXX object CMakeFiles/map_builder.dir/src/map_builder/lidar_processor.cpp.o\x1b[0m\n'}
[10.754502] (fastlio2) StdoutLine: {'line': b'[ 35%] \x1b[32mBuilding CXX object CMakeFiles/map_builder.dir/src/map_builder/imu_pose_predictor.cpp.o\x1b[0m\n'}
[10.763670] (fastlio2) StdoutLine: {'line': b'[ 40%] \x1b[32mBuilding CXX object CMakeFiles/map_builder.dir/src/lio_node.cpp.o\x1b[0m\n'}
[10.771384] (fastlio2) StdoutLine: {'line': b'[ 45%] \x1b[32mBuilding CXX object CMakeFiles/map_builder.dir/src/utils.cpp.o\x1b[0m\n'}
[10.772340] (fastlio2) StdoutLine: {'line': b'[ 55%] \x1b[32mBuilding CXX object CMakeFiles/map_builder.dir/src/lio_localization_node.cpp.o\x1b[0m\n'}
[10.773870] (fastlio2) StdoutLine: {'line': b'[ 55%] \x1b[32mBuilding CXX object CMakeFiles/map_builder.dir/src/icp_localizer.cpp.o\x1b[0m\n'}
[10.775785] (hba) StdoutLine: {'line': b"-- Added test 'cppcheck' to perform static code analysis on C / C++ code\n"}
[10.776062] (hba) StdoutLine: {'line': b'-- Configured cppcheck include dirs: \n'}
[10.776158] (hba) StdoutLine: {'line': b'-- Configured cppcheck exclude dirs and/or files: \n'}
[10.776272] (hba) StdoutLine: {'line': b"-- Added test 'flake8' to check Python code syntax and style conventions\n"}
[10.781736] (fastlio2) StdoutLine: {'line': b'[ 60%] \x1b[32mBuilding CXX object CMakeFiles/map_builder.dir/src/pose_transform_node.cpp.o\x1b[0m\n'}
[10.782356] (hba) StdoutLine: {'line': b"-- Added test 'lint_cmake' to check CMake code style\n"}
[10.782508] (hba) StdoutLine: {'line': b"-- Added test 'pep257' to check Python code against some of the docstring style conventions in PEP 257\n"}
[10.782604] (fastlio2) StdoutLine: {'line': b'[ 65%] \x1b[32mBuilding CXX object CMakeFiles/map_builder.dir/src/accumulate_lidar_cloud_for_calib.cpp.o\x1b[0m\n'}
[10.782710] (hba) StdoutLine: {'line': b"-- Added test 'uncrustify' to check C / C++ code style\n"}
[10.782802] (hba) StdoutLine: {'line': b'-- Configured uncrustify additional arguments: \n'}
[10.783130] (hba) StdoutLine: {'line': b"-- Added test 'xmllint' to check XML markup files\n"}
[10.786313] (hba) StdoutLine: {'line': b'-- Configuring done\n'}
[10.834282] (-) TimerEvent: {}
[10.934703] (-) TimerEvent: {}
[11.008985] (hba) StdoutLine: {'line': b'-- Generating done\n'}
[11.034851] (-) TimerEvent: {}
[11.061676] (hba) StdoutLine: {'line': b'-- Build files have been written to: /home/haiboliu/project/vln/localization/src/fastlio2/build/hba\n'}
[11.135054] (-) TimerEvent: {}
[11.173309] (hba) CommandEnded: {'returncode': 0}
[11.174004] (hba) JobProgress: {'identifier': 'hba', 'progress': 'build'}
[11.174041] (hba) Command: {'cmd': ['/usr/bin/cmake', '--build', '/home/haiboliu/project/vln/localization/src/fastlio2/build/hba', '--', '-j16', '-l16'], 'cwd': '/home/haiboliu/project/vln/localization/src/fastlio2/build/hba', 'env': OrderedDict([('LESSOPEN', '| /usr/bin/lesspipe %s'), ('USER', 'haiboliu'), ('LC_TIME', 'zh_CN.UTF-8'), ('XDG_SESSION_TYPE', 'wayland'), ('SHLVL', '1'), ('LD_LIBRARY_PATH', '/home/haiboliu/project/vln/localization/src/fastlio2/install/interface/lib:/opt/ros/humble/opt/rviz_ogre_vendor/lib:/opt/ros/humble/lib/x86_64-linux-gnu:/opt/ros/humble/lib'), ('HOME', '/home/haiboliu'), ('OLDPWD', '/home/haiboliu/project/vln/localization/src'), ('DESKTOP_SESSION', 'ubuntu'), ('ROS_PYTHON_VERSION', '3'), ('GNOME_SHELL_SESSION_MODE', 'ubuntu'), ('GTK_MODULES', 'gail:atk-bridge'), ('LC_MONETARY', 'zh_CN.UTF-8'), ('SYSTEMD_EXEC_PID', '1818'), ('DBUS_SESSION_BUS_ADDRESS', 'unix:path=/run/user/1001/bus'), ('COLORTERM', 'truecolor'), ('IM_CONFIG_PHASE', '1'), ('WAYLAND_DISPLAY', 'wayland-0'), ('ROS_DISTRO', 'humble'), ('LOGNAME', 'haiboliu'), ('_', '/usr/bin/colcon'), ('ROS_VERSION', '2'), ('XDG_SESSION_CLASS', 'user'), ('USERNAME', 'haiboliu'), ('TERM', 'xterm-256color'), ('GNOME_DESKTOP_SESSION_ID', 'this-is-deprecated'), ('ROS_LOCALHOST_ONLY', '0'), ('PATH', '/opt/ros/humble/bin:/usr/local/sbin:/usr/local/bin:/usr/sbin:/usr/bin:/sbin:/bin:/usr/games:/usr/local/games:/snap/bin:/snap/bin'), ('SESSION_MANAGER', 'local/CNBEDZPL210029:@/tmp/.ICE-unix/1790,unix/CNBEDZPL210029:/tmp/.ICE-unix/1790'), ('XDG_MENU_PREFIX', 'gnome-'), ('LC_ADDRESS', 'zh_CN.UTF-8'), ('GNOME_TERMINAL_SCREEN', '/org/gnome/Terminal/screen/f317baec_4654_4e46_9450_13a654dfa23f'), ('GNOME_SETUP_DISPLAY', ':1'), ('XDG_RUNTIME_DIR', '/run/user/1001'), ('DISPLAY', ':0'), ('LANG', 'en_US.UTF-8'), ('XDG_CURRENT_DESKTOP', 'ubuntu:GNOME'), ('LC_TELEPHONE', 'zh_CN.UTF-8'), ('XMODIFIERS', '@im=ibus'), ('XDG_SESSION_DESKTOP', 'ubuntu'), ('XAUTHORITY', '/run/user/1001/.mutter-Xwaylandauth.SZOGC3'), ('LS_COLORS', 'rs=0:di=01;34:ln=01;36:mh=00:pi=40;33:so=01;35:do=01;35:bd=40;33;01:cd=40;33;01:or=40;31;01:mi=00:su=37;41:sg=30;43:ca=30;41:tw=30;42:ow=34;42:st=37;44:ex=01;32:*.tar=01;31:*.tgz=01;31:*.arc=01;31:*.arj=01;31:*.taz=01;31:*.lha=01;31:*.lz4=01;31:*.lzh=01;31:*.lzma=01;31:*.tlz=01;31:*.txz=01;31:*.tzo=01;31:*.t7z=01;31:*.zip=01;31:*.z=01;31:*.dz=01;31:*.gz=01;31:*.lrz=01;31:*.lz=01;31:*.lzo=01;31:*.xz=01;31:*.zst=01;31:*.tzst=01;31:*.bz2=01;31:*.bz=01;31:*.tbz=01;31:*.tbz2=01;31:*.tz=01;31:*.deb=01;31:*.rpm=01;31:*.jar=01;31:*.war=01;31:*.ear=01;31:*.sar=01;31:*.rar=01;31:*.alz=01;31:*.ace=01;31:*.zoo=01;31:*.cpio=01;31:*.7z=01;31:*.rz=01;31:*.cab=01;31:*.wim=01;31:*.swm=01;31:*.dwm=01;31:*.esd=01;31:*.jpg=01;35:*.jpeg=01;35:*.mjpg=01;35:*.mjpeg=01;35:*.gif=01;35:*.bmp=01;35:*.pbm=01;35:*.pgm=01;35:*.ppm=01;35:*.tga=01;35:*.xbm=01;35:*.xpm=01;35:*.tif=01;35:*.tiff=01;35:*.png=01;35:*.svg=01;35:*.svgz=01;35:*.mng=01;35:*.pcx=01;35:*.mov=01;35:*.mpg=01;35:*.mpeg=01;35:*.m2v=01;35:*.mkv=01;35:*.webm=01;35:*.webp=01;35:*.ogm=01;35:*.mp4=01;35:*.m4v=01;35:*.mp4v=01;35:*.vob=01;35:*.qt=01;35:*.nuv=01;35:*.wmv=01;35:*.asf=01;35:*.rm=01;35:*.rmvb=01;35:*.flc=01;35:*.avi=01;35:*.fli=01;35:*.flv=01;35:*.gl=01;35:*.dl=01;35:*.xcf=01;35:*.xwd=01;35:*.yuv=01;35:*.cgm=01;35:*.emf=01;35:*.ogv=01;35:*.ogx=01;35:*.aac=00;36:*.au=00;36:*.flac=00;36:*.m4a=00;36:*.mid=00;36:*.midi=00;36:*.mka=00;36:*.mp3=00;36:*.mpc=00;36:*.ogg=00;36:*.ra=00;36:*.wav=00;36:*.oga=00;36:*.opus=00;36:*.spx=00;36:*.xspf=00;36:'), ('GNOME_TERMINAL_SERVICE', ':1.283'), ('SSH_AGENT_LAUNCHER', 'gnome-keyring'), ('SSH_AUTH_SOCK', '/run/user/1001/keyring/ssh'), ('AMENT_PREFIX_PATH', '/home/haiboliu/project/vln/localization/src/fastlio2/install/interface:/opt/ros/humble'), ('SHELL', '/bin/bash'), ('LC_NAME', 'zh_CN.UTF-8'), ('QT_ACCESSIBILITY', '1'), ('GDMSESSION', 'ubuntu'), ('LESSCLOSE', '/usr/bin/lesspipe %s %s'), ('LC_MEASUREMENT', 'zh_CN.UTF-8'), ('LC_IDENTIFICATION', 'zh_CN.UTF-8'), ('QT_IM_MODULE', 'ibus'), ('PWD', '/home/haiboliu/project/vln/localization/src/fastlio2/build/hba'), ('XDG_CONFIG_DIRS', '/etc/xdg/xdg-ubuntu:/etc/xdg'), ('XDG_DATA_DIRS', '/usr/share/ubuntu:/usr/local/share/:/usr/share/:/var/lib/snapd/desktop'), ('PYTHONPATH', '/home/haiboliu/project/vln/localization/src/fastlio2/install/interface/local/lib/python3.10/dist-packages:/opt/ros/humble/lib/python3.10/site-packages:/opt/ros/humble/local/lib/python3.10/dist-packages'), ('LC_NUMERIC', 'zh_CN.UTF-8'), ('LC_PAPER', 'zh_CN.UTF-8'), ('COLCON', '1'), ('VTE_VERSION', '6800'), ('CMAKE_PREFIX_PATH', '/home/haiboliu/project/vln/localization/src/fastlio2/install/interface:/opt/ros/humble')]), 'shell': False}
[11.235234] (-) TimerEvent: {}
[11.335730] (-) TimerEvent: {}
[11.410093] (hba) StdoutLine: {'line': b'[ 20%] \x1b[32mBuilding CXX object CMakeFiles/hba_node.dir/src/hba/commons.cpp.o\x1b[0m\n'}
[11.418158] (hba) StdoutLine: {'line': b'[ 60%] \x1b[32mBuilding CXX object CMakeFiles/hba_node.dir/src/hba/hba.cpp.o\x1b[0m\n'}
[11.419256] (hba) StdoutLine: {'line': b'[ 80%] \x1b[32mBuilding CXX object CMakeFiles/hba_node.dir/src/hba/blam.cpp.o\x1b[0m\n'}
[11.423349] (hba) StdoutLine: {'line': b'[ 80%] \x1b[32mBuilding CXX object CMakeFiles/hba_node.dir/src/hba_node.cpp.o\x1b[0m\n'}
[11.435880] (-) TimerEvent: {}
[11.537325] (-) TimerEvent: {}
[11.554865] (fastlio2) StderrLine: {'line': b'In file included from \x1b[01m\x1b[K/home/haiboliu/project/vln/localization/src/fastlio2/fastlio2/src/map_builder/imu_processor.h:2\x1b[m\x1b[K,\n'}
[11.555116] (fastlio2) StderrLine: {'line': b'                 from \x1b[01m\x1b[K/home/haiboliu/project/vln/localization/src/fastlio2/fastlio2/src/map_builder/imu_processor.cpp:1\x1b[m\x1b[K:\n'}
[11.555244] (fastlio2) StderrLine: {'line': b'\x1b[01m\x1b[K/home/haiboliu/project/vln/localization/src/fastlio2/fastlio2/src/map_builder/ieskf.h:3:10:\x1b[m\x1b[K \x1b[01;31m\x1b[Kfatal error: \x1b[m\x1b[Ksophus/so3.hpp: No such file or directory\n'}
[11.555340] (fastlio2) StderrLine: {'line': b'    3 | #include \x1b[01;31m\x1b[K<sophus/so3.hpp>\x1b[m\x1b[K\n'}
[11.555424] (fastlio2) StderrLine: {'line': b'      |          \x1b[01;31m\x1b[K^~~~~~~~~~~~~~~~\x1b[m\x1b[K\n'}
[11.555506] (fastlio2) StderrLine: {'line': b'compilation terminated.\n'}
[11.587374] (fastlio2) StderrLine: {'line': b'gmake[2]: *** [CMakeFiles/map_builder.dir/build.make:104: CMakeFiles/map_builder.dir/src/map_builder/imu_processor.cpp.o] Error 1\n'}
[11.587879] (fastlio2) StderrLine: {'line': b'gmake[2]: *** Waiting for unfinished jobs....\n'}
[11.641304] (-) TimerEvent: {}
[11.741816] (-) TimerEvent: {}
[11.842310] (-) TimerEvent: {}
[11.889783] (fastlio2) StderrLine: {'line': b'In file included from \x1b[01m\x1b[K/home/haiboliu/project/vln/localization/src/fastlio2/fastlio2/src/map_builder/ieskf.cpp:1\x1b[m\x1b[K:\n'}
[11.890518] (fastlio2) StderrLine: {'line': b'\x1b[01m\x1b[K/home/haiboliu/project/vln/localization/src/fastlio2/fastlio2/src/map_builder/ieskf.h:3:10:\x1b[m\x1b[K \x1b[01;31m\x1b[Kfatal error: \x1b[m\x1b[Ksophus/so3.hpp: No such file or directory\n'}
[11.890643] (fastlio2) StderrLine: {'line': b'    3 | #include \x1b[01;31m\x1b[K<sophus/so3.hpp>\x1b[m\x1b[K\n'}
[11.890733] (fastlio2) StderrLine: {'line': b'      |          \x1b[01;31m\x1b[K^~~~~~~~~~~~~~~~\x1b[m\x1b[K\n'}
[11.890820] (fastlio2) StderrLine: {'line': b'compilation terminated.\n'}
[11.900977] (fastlio2) StderrLine: {'line': b'In file included from \x1b[01m\x1b[K/home/haiboliu/project/vln/localization/src/fastlio2/fastlio2/src/map_builder/imu_processor.h:2\x1b[m\x1b[K,\n'}
[11.901246] (fastlio2) StderrLine: {'line': b'                 from \x1b[01m\x1b[K/home/haiboliu/project/vln/localization/src/fastlio2/fastlio2/src/map_builder/map_builder.h:2\x1b[m\x1b[K,\n'}
[11.901362] (fastlio2) StderrLine: {'line': b'                 from \x1b[01m\x1b[K/home/haiboliu/project/vln/localization/src/fastlio2/fastlio2/src/map_builder/map_builder.cpp:1\x1b[m\x1b[K:\n'}
[11.901447] (fastlio2) StderrLine: {'line': b'\x1b[01m\x1b[K/home/haiboliu/project/vln/localization/src/fastlio2/fastlio2/src/map_builder/ieskf.h:3:10:\x1b[m\x1b[K \x1b[01;31m\x1b[Kfatal error: \x1b[m\x1b[Ksophus/so3.hpp: No such file or directory\n'}
[11.901532] (fastlio2) StderrLine: {'line': b'    3 | #include \x1b[01;31m\x1b[K<sophus/so3.hpp>\x1b[m\x1b[K\n'}
[11.901614] (fastlio2) StderrLine: {'line': b'      |          \x1b[01;31m\x1b[K^~~~~~~~~~~~~~~~\x1b[m\x1b[K\n'}
[11.901700] (fastlio2) StderrLine: {'line': b'compilation terminated.\n'}
[11.914491] (fastlio2) StderrLine: {'line': b'gmake[2]: *** [CMakeFiles/map_builder.dir/build.make:90: CMakeFiles/map_builder.dir/src/map_builder/ieskf.cpp.o] Error 1\n'}
[11.938416] (fastlio2) StderrLine: {'line': b'gmake[2]: *** [CMakeFiles/map_builder.dir/build.make:146: CMakeFiles/map_builder.dir/src/map_builder/map_builder.cpp.o] Error 1\n'}
[11.945333] (-) TimerEvent: {}
[12.045879] (-) TimerEvent: {}
[12.146414] (-) TimerEvent: {}
[12.246967] (-) TimerEvent: {}
[12.347595] (-) TimerEvent: {}
[12.450306] (-) TimerEvent: {}
[12.554312] (-) TimerEvent: {}
[12.654847] (-) TimerEvent: {}
[12.736506] (hba) StderrLine: {'line': b'In file included from \x1b[01m\x1b[K/home/haiboliu/project/vln/localization/src/fastlio2/hba/src/hba/blam.cpp:1\x1b[m\x1b[K:\n'}
[12.736978] (hba) StderrLine: {'line': b'\x1b[01m\x1b[K/home/haiboliu/project/vln/localization/src/fastlio2/hba/src/hba/blam.h:5:10:\x1b[m\x1b[K \x1b[01;31m\x1b[Kfatal error: \x1b[m\x1b[Ksophus/so3.hpp: No such file or directory\n'}
[12.737217] (hba) StderrLine: {'line': b'    5 | #include \x1b[01;31m\x1b[K<sophus/so3.hpp>\x1b[m\x1b[K\n'}
[12.741499] (hba) StderrLine: {'line': b'      |          \x1b[01;31m\x1b[K^~~~~~~~~~~~~~~~\x1b[m\x1b[K\n'}
[12.741858] (hba) StderrLine: {'line': b'compilation terminated.\n'}
[12.754127] (hba) StderrLine: {'line': b'gmake[2]: *** [CMakeFiles/hba_node.dir/build.make:104: CMakeFiles/hba_node.dir/src/hba/blam.cpp.o] Error 1\n'}
[12.754545] (hba) StderrLine: {'line': b'gmake[2]: *** Waiting for unfinished jobs....\n'}
[12.754906] (-) TimerEvent: {}
[12.855421] (-) TimerEvent: {}
[12.956009] (-) TimerEvent: {}
[13.056596] (-) TimerEvent: {}
[13.160366] (-) TimerEvent: {}
[13.264360] (-) TimerEvent: {}
[13.365013] (-) TimerEvent: {}
[13.465683] (-) TimerEvent: {}
[13.566341] (-) TimerEvent: {}
[13.666875] (-) TimerEvent: {}
[13.767615] (-) TimerEvent: {}
[13.870344] (-) TimerEvent: {}
[13.970894] (-) TimerEvent: {}
[14.071618] (-) TimerEvent: {}
[14.178402] (-) TimerEvent: {}
[14.279088] (-) TimerEvent: {}
[14.381346] (-) TimerEvent: {}
[14.482005] (-) TimerEvent: {}
[14.582682] (-) TimerEvent: {}
[14.687399] (-) TimerEvent: {}
[14.788008] (-) TimerEvent: {}
[14.872326] (fastlio2) StderrLine: {'line': b'In file included from \x1b[01m\x1b[K/home/haiboliu/project/vln/localization/src/fastlio2/fastlio2/src/map_builder/imu_pose_predictor.h:9\x1b[m\x1b[K,\n'}
[14.872792] (fastlio2) StderrLine: {'line': b'                 from \x1b[01m\x1b[K/home/haiboliu/project/vln/localization/src/fastlio2/fastlio2/src/map_builder/imu_pose_predictor.cpp:1\x1b[m\x1b[K:\n'}
[14.873036] (fastlio2) StderrLine: {'line': b'\x1b[01m\x1b[K/home/haiboliu/project/vln/localization/src/fastlio2/fastlio2/src/map_builder/ieskf.h:3:10:\x1b[m\x1b[K \x1b[01;31m\x1b[Kfatal error: \x1b[m\x1b[Ksophus/so3.hpp: No such file or directory\n'}
[14.873399] (fastlio2) StderrLine: {'line': b'    3 | #include \x1b[01;31m\x1b[K<sophus/so3.hpp>\x1b[m\x1b[K\n'}
[14.873598] (fastlio2) StderrLine: {'line': b'      |          \x1b[01;31m\x1b[K^~~~~~~~~~~~~~~~\x1b[m\x1b[K\n'}
[14.873780] (fastlio2) StderrLine: {'line': b'compilation terminated.\n'}
[14.888297] (-) TimerEvent: {}
[14.930166] (fastlio2) StderrLine: {'line': b'gmake[2]: *** [CMakeFiles/map_builder.dir/build.make:160: CMakeFiles/map_builder.dir/src/map_builder/imu_pose_predictor.cpp.o] Error 1\n'}
[14.939110] (fastlio2) StderrLine: {'line': b'In file included from \x1b[01m\x1b[K/home/haiboliu/project/vln/localization/src/fastlio2/fastlio2/src/map_builder/lidar_processor.h:3\x1b[m\x1b[K,\n'}
[14.939550] (fastlio2) StderrLine: {'line': b'                 from \x1b[01m\x1b[K/home/haiboliu/project/vln/localization/src/fastlio2/fastlio2/src/map_builder/lidar_processor.cpp:1\x1b[m\x1b[K:\n'}
[14.941476] (fastlio2) StderrLine: {'line': b'\x1b[01m\x1b[K/home/haiboliu/project/vln/localization/src/fastlio2/fastlio2/src/map_builder/ieskf.h:3:10:\x1b[m\x1b[K \x1b[01;31m\x1b[Kfatal error: \x1b[m\x1b[Ksophus/so3.hpp: No such file or directory\n'}
[14.941816] (fastlio2) StderrLine: {'line': b'    3 | #include \x1b[01;31m\x1b[K<sophus/so3.hpp>\x1b[m\x1b[K\n'}
[14.941909] (fastlio2) StderrLine: {'line': b'      |          \x1b[01;31m\x1b[K^~~~~~~~~~~~~~~~\x1b[m\x1b[K\n'}
[14.941991] (fastlio2) StderrLine: {'line': b'compilation terminated.\n'}
[14.986650] (fastlio2) StderrLine: {'line': b'gmake[2]: *** [CMakeFiles/map_builder.dir/build.make:132: CMakeFiles/map_builder.dir/src/map_builder/lidar_processor.cpp.o] Error 1\n'}
[14.989322] (-) TimerEvent: {}
[15.089965] (-) TimerEvent: {}
[15.133248] (hba) StderrLine: {'line': b'In file included from \x1b[01m\x1b[K/home/haiboliu/project/vln/localization/src/fastlio2/hba/src/hba/hba.h:3\x1b[m\x1b[K,\n'}
[15.133627] (hba) StderrLine: {'line': b'                 from \x1b[01m\x1b[K/home/haiboliu/project/vln/localization/src/fastlio2/hba/src/hba/hba.cpp:1\x1b[m\x1b[K:\n'}
[15.133740] (hba) StderrLine: {'line': b'\x1b[01m\x1b[K/home/haiboliu/project/vln/localization/src/fastlio2/hba/src/hba/blam.h:5:10:\x1b[m\x1b[K \x1b[01;31m\x1b[Kfatal error: \x1b[m\x1b[Ksophus/so3.hpp: No such file or directory\n'}
[15.133837] (hba) StderrLine: {'line': b'    5 | #include \x1b[01;31m\x1b[K<sophus/so3.hpp>\x1b[m\x1b[K\n'}
[15.133930] (hba) StderrLine: {'line': b'      |          \x1b[01;31m\x1b[K^~~~~~~~~~~~~~~~\x1b[m\x1b[K\n'}
[15.134020] (hba) StderrLine: {'line': b'compilation terminated.\n'}
[15.186310] (hba) StderrLine: {'line': b'gmake[2]: *** [CMakeFiles/hba_node.dir/build.make:118: CMakeFiles/hba_node.dir/src/hba/hba.cpp.o] Error 1\n'}
[15.190112] (-) TimerEvent: {}
[15.292355] (-) TimerEvent: {}
[15.393023] (-) TimerEvent: {}
[15.440399] (hba) StderrLine: {'line': b'In file included from \x1b[01m\x1b[K/home/haiboliu/project/vln/localization/src/fastlio2/hba/src/hba/hba.h:3\x1b[m\x1b[K,\n'}
[15.440977] (hba) StderrLine: {'line': b'                 from \x1b[01m\x1b[K/home/haiboliu/project/vln/localization/src/fastlio2/hba/src/hba_node.cpp:4\x1b[m\x1b[K:\n'}
[15.441084] (hba) StderrLine: {'line': b'\x1b[01m\x1b[K/home/haiboliu/project/vln/localization/src/fastlio2/hba/src/hba/blam.h:5:10:\x1b[m\x1b[K \x1b[01;31m\x1b[Kfatal error: \x1b[m\x1b[Ksophus/so3.hpp: No such file or directory\n'}
[15.441224] (hba) StderrLine: {'line': b'    5 | #include \x1b[01;31m\x1b[K<sophus/so3.hpp>\x1b[m\x1b[K\n'}
[15.441322] (hba) StderrLine: {'line': b'      |          \x1b[01;31m\x1b[K^~~~~~~~~~~~~~~~\x1b[m\x1b[K\n'}
[15.441405] (hba) StderrLine: {'line': b'compilation terminated.\n'}
[15.489066] (hba) StderrLine: {'line': b'gmake[2]: *** [CMakeFiles/hba_node.dir/build.make:76: CMakeFiles/hba_node.dir/src/hba_node.cpp.o] Error 1\n'}
[15.493165] (-) TimerEvent: {}
[15.593731] (-) TimerEvent: {}
[15.694315] (-) TimerEvent: {}
[15.796326] (-) TimerEvent: {}
[15.896876] (-) TimerEvent: {}
[15.978489] (fastlio2) StderrLine: {'line': b'In file included from \x1b[01m\x1b[K/home/haiboliu/project/vln/localization/src/fastlio2/fastlio2/src/map_builder/imu_pose_predictor.h:9\x1b[m\x1b[K,\n'}
[15.978809] (fastlio2) StderrLine: {'line': b'                 from \x1b[01m\x1b[K/home/haiboliu/project/vln/localization/src/fastlio2/fastlio2/src/lio_node.h:21\x1b[m\x1b[K,\n'}
[15.978913] (fastlio2) StderrLine: {'line': b'                 from \x1b[01m\x1b[K/home/haiboliu/project/vln/localization/src/fastlio2/fastlio2/src/lio_node.cpp:1\x1b[m\x1b[K:\n'}
[15.979004] (fastlio2) StderrLine: {'line': b'\x1b[01m\x1b[K/home/haiboliu/project/vln/localization/src/fastlio2/fastlio2/src/map_builder/ieskf.h:3:10:\x1b[m\x1b[K \x1b[01;31m\x1b[Kfatal error: \x1b[m\x1b[Ksophus/so3.hpp: No such file or directory\n'}
[15.979096] (fastlio2) StderrLine: {'line': b'    3 | #include \x1b[01;31m\x1b[K<sophus/so3.hpp>\x1b[m\x1b[K\n'}
[15.979204] (fastlio2) StderrLine: {'line': b'      |          \x1b[01;31m\x1b[K^~~~~~~~~~~~~~~~\x1b[m\x1b[K\n'}
[15.979303] (fastlio2) StderrLine: {'line': b'compilation terminated.\n'}
[16.002323] (-) TimerEvent: {}
[16.052782] (fastlio2) StderrLine: {'line': b'gmake[2]: *** [CMakeFiles/map_builder.dir/build.make:188: CMakeFiles/map_builder.dir/src/lio_node.cpp.o] Error 1\n'}
[16.102509] (-) TimerEvent: {}
[16.210312] (-) TimerEvent: {}
[16.319305] (-) TimerEvent: {}
[16.419843] (-) TimerEvent: {}
[16.520472] (-) TimerEvent: {}
[16.621155] (-) TimerEvent: {}
[16.722510] (-) TimerEvent: {}
[16.824555] (-) TimerEvent: {}
[16.925109] (-) TimerEvent: {}
[17.025731] (-) TimerEvent: {}
[17.127561] (-) TimerEvent: {}
[17.228158] (-) TimerEvent: {}
[17.333303] (-) TimerEvent: {}
[17.433842] (-) TimerEvent: {}
[17.534446] (-) TimerEvent: {}
[17.635037] (-) TimerEvent: {}
[17.735641] (-) TimerEvent: {}
[17.836223] (-) TimerEvent: {}
[17.936768] (-) TimerEvent: {}
[17.985436] (fastlio2) StderrLine: {'line': b'In file included from \x1b[01m\x1b[K/home/haiboliu/project/vln/localization/src/fastlio2/fastlio2/src/map_builder/imu_pose_predictor.h:9\x1b[m\x1b[K,\n'}
[17.985902] (fastlio2) StderrLine: {'line': b'                 from \x1b[01m\x1b[K/home/haiboliu/project/vln/localization/src/fastlio2/fastlio2/src/lio_node.h:21\x1b[m\x1b[K,\n'}
[17.986170] (fastlio2) StderrLine: {'line': b'                 from \x1b[01m\x1b[K/home/haiboliu/project/vln/localization/src/fastlio2/fastlio2/src/lio_localization_node.h:5\x1b[m\x1b[K,\n'}
[17.986453] (fastlio2) StderrLine: {'line': b'                 from \x1b[01m\x1b[K/home/haiboliu/project/vln/localization/src/fastlio2/fastlio2/src/lio_localization_node.cpp:1\x1b[m\x1b[K:\n'}
[17.986680] (fastlio2) StderrLine: {'line': b'\x1b[01m\x1b[K/home/haiboliu/project/vln/localization/src/fastlio2/fastlio2/src/map_builder/ieskf.h:3:10:\x1b[m\x1b[K \x1b[01;31m\x1b[Kfatal error: \x1b[m\x1b[Ksophus/so3.hpp: No such file or directory\n'}
[17.986870] (fastlio2) StderrLine: {'line': b'    3 | #include \x1b[01;31m\x1b[K<sophus/so3.hpp>\x1b[m\x1b[K\n'}
[17.987192] (fastlio2) StderrLine: {'line': b'      |          \x1b[01;31m\x1b[K^~~~~~~~~~~~~~~~\x1b[m\x1b[K\n'}
[17.990326] (fastlio2) StderrLine: {'line': b'compilation terminated.\n'}
[18.037065] (-) TimerEvent: {}
[18.052389] (fastlio2) StderrLine: {'line': b'gmake[2]: *** [CMakeFiles/map_builder.dir/build.make:202: CMakeFiles/map_builder.dir/src/lio_localization_node.cpp.o] Error 1\n'}
[18.137307] (-) TimerEvent: {}
[18.237998] (-) TimerEvent: {}
[18.338664] (-) TimerEvent: {}
[18.439281] (-) TimerEvent: {}
[18.506436] (fastlio2) StderrLine: {'line': b'/home/haiboliu/project/vln/localization/src/fastlio2/fastlio2/src/map_builder/ikd_Tree.cpp: In instantiation of \xe2\x80\x98\x1b[01m\x1b[Kvoid KD_TREE<PointType>::multi_thread_rebuild() [with PointType = pcl::PointXYZ]\x1b[m\x1b[K\xe2\x80\x99:\n'}
[18.506802] (fastlio2) StderrLine: {'line': b'\x1b[01m\x1b[K/home/haiboliu/project/vln/localization/src/fastlio2/fastlio2/src/map_builder/ikd_Tree.cpp:1730:16:\x1b[m\x1b[K   required from here\n'}
[18.506953] (fastlio2) StderrLine: {'line': b'\x1b[01m\x1b[K/home/haiboliu/project/vln/localization/src/fastlio2/fastlio2/src/map_builder/ikd_Tree.cpp:329:17:\x1b[m\x1b[K \x1b[01;35m\x1b[Kwarning: \x1b[m\x1b[Kunused variable \xe2\x80\x98\x1b[01m\x1b[Kvalid_old\x1b[m\x1b[K\xe2\x80\x99 [\x1b[01;35m\x1b[K\x1b]8;;https://gcc.gnu.org/onlinedocs/gcc/Warning-Options.html#index-Wunused-variable\x07-Wunused-variable\x1b]8;;\x07\x1b[m\x1b[K]\n'}
[18.507068] (fastlio2) StderrLine: {'line': b'  329 |             int \x1b[01;35m\x1b[Kvalid_old\x1b[m\x1b[K = old_root_node->TreeSize - old_root_node->invalid_point_num;\n'}
[18.507200] (fastlio2) StderrLine: {'line': b'      |                 \x1b[01;35m\x1b[K^~~~~~~~~\x1b[m\x1b[K\n'}
[18.507321] (fastlio2) StderrLine: {'line': b'\x1b[01m\x1b[K/home/haiboliu/project/vln/localization/src/fastlio2/fastlio2/src/map_builder/ikd_Tree.cpp:330:17:\x1b[m\x1b[K \x1b[01;35m\x1b[Kwarning: \x1b[m\x1b[Kunused variable \xe2\x80\x98\x1b[01m\x1b[Kvalid_new\x1b[m\x1b[K\xe2\x80\x99 [\x1b[01;35m\x1b[K\x1b]8;;https://gcc.gnu.org/onlinedocs/gcc/Warning-Options.html#index-Wunused-variable\x07-Wunused-variable\x1b]8;;\x07\x1b[m\x1b[K]\n'}
[18.507435] (fastlio2) StderrLine: {'line': b'  330 |             int \x1b[01;35m\x1b[Kvalid_new\x1b[m\x1b[K = new_root_node->TreeSize - new_root_node->invalid_point_num;\n'}
[18.507543] (fastlio2) StderrLine: {'line': b'      |                 \x1b[01;35m\x1b[K^~~~~~~~~\x1b[m\x1b[K\n'}
[18.507646] (fastlio2) StderrLine: {'line': b'\x1b[01m\x1b[K/home/haiboliu/project/vln/localization/src/fastlio2/fastlio2/src/map_builder/ikd_Tree.cpp:231:33:\x1b[m\x1b[K \x1b[01;35m\x1b[Kwarning: \x1b[m\x1b[Kunused variable \xe2\x80\x98\x1b[01m\x1b[Knew_node_ptr\x1b[m\x1b[K\xe2\x80\x99 [\x1b[01;35m\x1b[K\x1b]8;;https://gcc.gnu.org/onlinedocs/gcc/Warning-Options.html#index-Wunused-variable\x07-Wunused-variable\x1b]8;;\x07\x1b[m\x1b[K]\n'}
[18.507759] (fastlio2) StderrLine: {'line': b'  231 |     KD_TREE_NODE *father_ptr, **\x1b[01;35m\x1b[Knew_node_ptr\x1b[m\x1b[K;\n'}
[18.507867] (fastlio2) StderrLine: {'line': b'      |                                 \x1b[01;35m\x1b[K^~~~~~~~~~~~\x1b[m\x1b[K\n'}
[18.517139] (fastlio2) StderrLine: {'line': b'/home/haiboliu/project/vln/localization/src/fastlio2/fastlio2/src/map_builder/ikd_Tree.cpp: In instantiation of \xe2\x80\x98\x1b[01m\x1b[Kvoid KD_TREE<PointType>::Rebuild(KD_TREE<PointType>::KD_TREE_NODE**) [with PointType = pcl::PointXYZ]\x1b[m\x1b[K\xe2\x80\x99:\n'}
[18.517566] (fastlio2) StderrLine: {'line': b'\x1b[01m\x1b[K/home/haiboliu/project/vln/localization/src/fastlio2/fastlio2/src/map_builder/ikd_Tree.cpp:1730:16:\x1b[m\x1b[K   required from here\n'}
[18.517710] (fastlio2) StderrLine: {'line': b'\x1b[01m\x1b[K/home/haiboliu/project/vln/localization/src/fastlio2/fastlio2/src/map_builder/ikd_Tree.cpp:751:13:\x1b[m\x1b[K \x1b[01;35m\x1b[Kwarning: \x1b[m\x1b[Kunused variable \xe2\x80\x98\x1b[01m\x1b[Ksize_rec\x1b[m\x1b[K\xe2\x80\x99 [\x1b[01;35m\x1b[K\x1b]8;;https://gcc.gnu.org/onlinedocs/gcc/Warning-Options.html#index-Wunused-variable\x07-Wunused-variable\x1b]8;;\x07\x1b[m\x1b[K]\n'}
[18.517824] (fastlio2) StderrLine: {'line': b'  751 |         int \x1b[01;35m\x1b[Ksize_rec\x1b[m\x1b[K = (*root)->TreeSize;\n'}
[18.517959] (fastlio2) StderrLine: {'line': b'      |             \x1b[01;35m\x1b[K^~~~~~~~\x1b[m\x1b[K\n'}
[18.518061] (fastlio2) StderrLine: {'line': b'/home/haiboliu/project/vln/localization/src/fastlio2/fastlio2/src/map_builder/ikd_Tree.cpp: In instantiation of \xe2\x80\x98\x1b[01m\x1b[Kint KD_TREE<PointType>::Delete_by_range(KD_TREE<PointType>::KD_TREE_NODE**, BoxPointType, bool, bool) [with PointType = pcl::PointXYZ]\x1b[m\x1b[K\xe2\x80\x99:\n'}
[18.518168] (fastlio2) StderrLine: {'line': b'\x1b[01m\x1b[K/home/haiboliu/project/vln/localization/src/fastlio2/fastlio2/src/map_builder/ikd_Tree.cpp:1730:16:\x1b[m\x1b[K   required from here\n'}
[18.518325] (fastlio2) StderrLine: {'line': b'\x1b[01m\x1b[K/home/haiboliu/project/vln/localization/src/fastlio2/fastlio2/src/map_builder/ikd_Tree.cpp:802:21:\x1b[m\x1b[K \x1b[01;35m\x1b[Kwarning: \x1b[m\x1b[Kunused variable \xe2\x80\x98\x1b[01m\x1b[KTimeout\x1b[m\x1b[K\xe2\x80\x99 [\x1b[01;35m\x1b[K\x1b]8;;https://gcc.gnu.org/onlinedocs/gcc/Warning-Options.html#index-Wunused-variable\x07-Wunused-variable\x1b]8;;\x07\x1b[m\x1b[K]\n'}
[18.518434] (fastlio2) StderrLine: {'line': b'  802 |     struct timespec \x1b[01;35m\x1b[KTimeout\x1b[m\x1b[K;\n'}
[18.518533] (fastlio2) StderrLine: {'line': b'      |                     \x1b[01;35m\x1b[K^~~~~~~\x1b[m\x1b[K\n'}
[18.526487] (fastlio2) StderrLine: {'line': b'/home/haiboliu/project/vln/localization/src/fastlio2/fastlio2/src/map_builder/ikd_Tree.cpp: In instantiation of \xe2\x80\x98\x1b[01m\x1b[Kvoid KD_TREE<PointType>::Delete_by_point(KD_TREE<PointType>::KD_TREE_NODE**, PointType, bool) [with PointType = pcl::PointXYZ]\x1b[m\x1b[K\xe2\x80\x99:\n'}
[18.526838] (fastlio2) StderrLine: {'line': b'\x1b[01m\x1b[K/home/haiboliu/project/vln/localization/src/fastlio2/fastlio2/src/map_builder/ikd_Tree.cpp:1730:16:\x1b[m\x1b[K   required from here\n'}
[18.526982] (fastlio2) StderrLine: {'line': b'\x1b[01m\x1b[K/home/haiboliu/project/vln/localization/src/fastlio2/fastlio2/src/map_builder/ikd_Tree.cpp:867:21:\x1b[m\x1b[K \x1b[01;35m\x1b[Kwarning: \x1b[m\x1b[Kunused variable \xe2\x80\x98\x1b[01m\x1b[KTimeout\x1b[m\x1b[K\xe2\x80\x99 [\x1b[01;35m\x1b[K\x1b]8;;https://gcc.gnu.org/onlinedocs/gcc/Warning-Options.html#index-Wunused-variable\x07-Wunused-variable\x1b]8;;\x07\x1b[m\x1b[K]\n'}
[18.527086] (fastlio2) StderrLine: {'line': b'  867 |     struct timespec \x1b[01;35m\x1b[KTimeout\x1b[m\x1b[K;\n'}
[18.527234] (fastlio2) StderrLine: {'line': b'      |                     \x1b[01;35m\x1b[K^~~~~~~\x1b[m\x1b[K\n'}
[18.527359] (fastlio2) StderrLine: {'line': b'/home/haiboliu/project/vln/localization/src/fastlio2/fastlio2/src/map_builder/ikd_Tree.cpp: In instantiation of \xe2\x80\x98\x1b[01m\x1b[Kvoid KD_TREE<PointType>::Add_by_point(KD_TREE<PointType>::KD_TREE_NODE**, PointType, bool, int) [with PointType = pcl::PointXYZ]\x1b[m\x1b[K\xe2\x80\x99:\n'}
[18.527461] (fastlio2) StderrLine: {'line': b'\x1b[01m\x1b[K/home/haiboliu/project/vln/localization/src/fastlio2/fastlio2/src/map_builder/ikd_Tree.cpp:1730:16:\x1b[m\x1b[K   required from here\n'}
[18.527556] (fastlio2) StderrLine: {'line': b'\x1b[01m\x1b[K/home/haiboliu/project/vln/localization/src/fastlio2/fastlio2/src/map_builder/ikd_Tree.cpp:1006:21:\x1b[m\x1b[K \x1b[01;35m\x1b[Kwarning: \x1b[m\x1b[Kunused variable \xe2\x80\x98\x1b[01m\x1b[KTimeout\x1b[m\x1b[K\xe2\x80\x99 [\x1b[01;35m\x1b[K\x1b]8;;https://gcc.gnu.org/onlinedocs/gcc/Warning-Options.html#index-Wunused-variable\x07-Wunused-variable\x1b]8;;\x07\x1b[m\x1b[K]\n'}
[18.527659] (fastlio2) StderrLine: {'line': b' 1006 |     struct timespec \x1b[01;35m\x1b[KTimeout\x1b[m\x1b[K;\n'}
[18.527752] (fastlio2) StderrLine: {'line': b'      |                     \x1b[01;35m\x1b[K^~~~~~~\x1b[m\x1b[K\n'}
[18.528342] (fastlio2) StderrLine: {'line': b'/home/haiboliu/project/vln/localization/src/fastlio2/fastlio2/src/map_builder/ikd_Tree.cpp: In instantiation of \xe2\x80\x98\x1b[01m\x1b[Kvoid KD_TREE<PointType>::Add_by_range(KD_TREE<PointType>::KD_TREE_NODE**, BoxPointType, bool) [with PointType = pcl::PointXYZ]\x1b[m\x1b[K\xe2\x80\x99:\n'}
[18.528589] (fastlio2) StderrLine: {'line': b'\x1b[01m\x1b[K/home/haiboliu/project/vln/localization/src/fastlio2/fastlio2/src/map_builder/ikd_Tree.cpp:1730:16:\x1b[m\x1b[K   required from here\n'}
[18.528694] (fastlio2) StderrLine: {'line': b'\x1b[01m\x1b[K/home/haiboliu/project/vln/localization/src/fastlio2/fastlio2/src/map_builder/ikd_Tree.cpp:946:21:\x1b[m\x1b[K \x1b[01;35m\x1b[Kwarning: \x1b[m\x1b[Kunused variable \xe2\x80\x98\x1b[01m\x1b[KTimeout\x1b[m\x1b[K\xe2\x80\x99 [\x1b[01;35m\x1b[K\x1b]8;;https://gcc.gnu.org/onlinedocs/gcc/Warning-Options.html#index-Wunused-variable\x07-Wunused-variable\x1b]8;;\x07\x1b[m\x1b[K]\n'}
[18.528799] (fastlio2) StderrLine: {'line': b'  946 |     struct timespec \x1b[01;35m\x1b[KTimeout\x1b[m\x1b[K;\n'}
[18.528915] (fastlio2) StderrLine: {'line': b'      |                     \x1b[01;35m\x1b[K^~~~~~~\x1b[m\x1b[K\n'}
[18.529419] (fastlio2) StderrLine: {'line': b'/home/haiboliu/project/vln/localization/src/fastlio2/fastlio2/src/map_builder/ikd_Tree.cpp: In instantiation of \xe2\x80\x98\x1b[01m\x1b[Kvoid KD_TREE<PointType>::Search(KD_TREE<PointType>::KD_TREE_NODE*, int, PointType, KD_TREE<PointType>::MANUAL_HEAP&, float) [with PointType = pcl::PointXYZ]\x1b[m\x1b[K\xe2\x80\x99:\n'}
[18.529674] (fastlio2) StderrLine: {'line': b'\x1b[01m\x1b[K/home/haiboliu/project/vln/localization/src/fastlio2/fastlio2/src/map_builder/ikd_Tree.cpp:1730:16:\x1b[m\x1b[K   required from here\n'}
[18.529782] (fastlio2) StderrLine: {'line': b'\x1b[01m\x1b[K/home/haiboliu/project/vln/localization/src/fastlio2/fastlio2/src/map_builder/ikd_Tree.cpp:1097:63:\x1b[m\x1b[K \x1b[01;35m\x1b[Kwarning: \x1b[m\x1b[Ksuggest parentheses around \xe2\x80\x98\x1b[01m\x1b[K&&\x1b[m\x1b[K\xe2\x80\x99 within \xe2\x80\x98\x1b[01m\x1b[K||\x1b[m\x1b[K\xe2\x80\x99 [\x1b[01;35m\x1b[K\x1b]8;;https://gcc.gnu.org/onlinedocs/gcc/Warning-Options.html#index-Wparentheses\x07-Wparentheses\x1b]8;;\x07\x1b[m\x1b[K]\n'}
[18.529915] (fastlio2) StderrLine: {'line': b' 1097 |     if (q.size() < k_nearest || \x1b[01;35m\x1b[Kdist_left_node < q.top().dist && dist_right_node < q.top().dist\x1b[m\x1b[K)\n'}
[18.530014] (fastlio2) StderrLine: {'line': b'      |                                 \x1b[01;35m\x1b[K~~~~~~~~~~~~~~~~~~~~~~~~~~~~~~^~~~~~~~~~~~~~~~~~~~~~~~~~~~~~~~~\x1b[m\x1b[K\n'}
[18.530846] (fastlio2) StderrLine: {'line': b'\x1b[01m\x1b[K/home/haiboliu/project/vln/localization/src/fastlio2/fastlio2/src/map_builder/ikd_Tree.cpp:1094:9:\x1b[m\x1b[K \x1b[01;35m\x1b[Kwarning: \x1b[m\x1b[Kunused variable \xe2\x80\x98\x1b[01m\x1b[Kcur_search_counter\x1b[m\x1b[K\xe2\x80\x99 [\x1b[01;35m\x1b[K\x1b]8;;https://gcc.gnu.org/onlinedocs/gcc/Warning-Options.html#index-Wunused-variable\x07-Wunused-variable\x1b]8;;\x07\x1b[m\x1b[K]\n'}
[18.531130] (fastlio2) StderrLine: {'line': b' 1094 |     int \x1b[01;35m\x1b[Kcur_search_counter\x1b[m\x1b[K;\n'}
[18.531276] (fastlio2) StderrLine: {'line': b'      |         \x1b[01;35m\x1b[K^~~~~~~~~~~~~~~~~~\x1b[m\x1b[K\n'}
[18.539467] (-) TimerEvent: {}
[18.571024] (fastlio2) StderrLine: {'line': b'/home/haiboliu/project/vln/localization/src/fastlio2/fastlio2/src/map_builder/ikd_Tree.cpp: In instantiation of \xe2\x80\x98\x1b[01m\x1b[Kint KD_TREE<PointType>::Add_Points(KD_TREE<PointType>::PointVector&, bool) [with PointType = pcl::PointXYZ; KD_TREE<PointType>::PointVector = std::vector<pcl::PointXYZ, Eigen::aligned_allocator<pcl::PointXYZ> >]\x1b[m\x1b[K\xe2\x80\x99:\n'}
[18.571406] (fastlio2) StderrLine: {'line': b'\x1b[01m\x1b[K/home/haiboliu/project/vln/localization/src/fastlio2/fastlio2/src/map_builder/ikd_Tree.cpp:1730:16:\x1b[m\x1b[K   required from here\n'}
[18.571628] (fastlio2) StderrLine: {'line': b'\x1b[01m\x1b[K/home/haiboliu/project/vln/localization/src/fastlio2/fastlio2/src/map_builder/ikd_Tree.cpp:485:23:\x1b[m\x1b[K \x1b[01;35m\x1b[Kwarning: \x1b[m\x1b[Kcomparison of integer expressions of different signedness: \xe2\x80\x98\x1b[01m\x1b[Kint\x1b[m\x1b[K\xe2\x80\x99 and \xe2\x80\x98\x1b[01m\x1b[Kstd::vector<pcl::PointXYZ, Eigen::aligned_allocator<pcl::PointXYZ> >::size_type\x1b[m\x1b[K\xe2\x80\x99 {aka \xe2\x80\x98\x1b[01m\x1b[Klong unsigned int\x1b[m\x1b[K\xe2\x80\x99} [\x1b[01;35m\x1b[K\x1b]8;;https://gcc.gnu.org/onlinedocs/gcc/Warning-Options.html#index-Wsign-compare\x07-Wsign-compare\x1b]8;;\x07\x1b[m\x1b[K]\n'}
[18.571729] (fastlio2) StderrLine: {'line': b'  485 |     for (int i = 0; \x1b[01;35m\x1b[Ki < PointToAdd.size()\x1b[m\x1b[K; i++)\n'}
[18.571823] (fastlio2) StderrLine: {'line': b'      |                     \x1b[01;35m\x1b[K~~^~~~~~~~~~~~~~~~~~~\x1b[m\x1b[K\n'}
[18.576362] (fastlio2) StderrLine: {'line': b'\x1b[01m\x1b[K/home/haiboliu/project/vln/localization/src/fastlio2/fastlio2/src/map_builder/ikd_Tree.cpp:502:39:\x1b[m\x1b[K \x1b[01;35m\x1b[Kwarning: \x1b[m\x1b[Kcomparison of integer expressions of different signedness: \xe2\x80\x98\x1b[01m\x1b[Kint\x1b[m\x1b[K\xe2\x80\x99 and \xe2\x80\x98\x1b[01m\x1b[Kstd::vector<pcl::PointXYZ, Eigen::aligned_allocator<pcl::PointXYZ> >::size_type\x1b[m\x1b[K\xe2\x80\x99 {aka \xe2\x80\x98\x1b[01m\x1b[Klong unsigned int\x1b[m\x1b[K\xe2\x80\x99} [\x1b[01;35m\x1b[K\x1b]8;;https://gcc.gnu.org/onlinedocs/gcc/Warning-Options.html#index-Wsign-compare\x07-Wsign-compare\x1b]8;;\x07\x1b[m\x1b[K]\n'}
[18.576744] (fastlio2) StderrLine: {'line': b'  502 |             for (int index = 0; \x1b[01;35m\x1b[Kindex < Downsample_Storage.size()\x1b[m\x1b[K; index++)\n'}
[18.576861] (fastlio2) StderrLine: {'line': b'      |                                 \x1b[01;35m\x1b[K~~~~~~^~~~~~~~~~~~~~~~~~~~~~~~~~~\x1b[m\x1b[K\n'}
[18.577141] (fastlio2) StderrLine: {'line': b'\x1b[01m\x1b[K/home/haiboliu/project/vln/localization/src/fastlio2/fastlio2/src/map_builder/ikd_Tree.cpp:478:9:\x1b[m\x1b[K \x1b[01;35m\x1b[Kwarning: \x1b[m\x1b[Kunused variable \xe2\x80\x98\x1b[01m\x1b[KNewPointSize\x1b[m\x1b[K\xe2\x80\x99 [\x1b[01;35m\x1b[K\x1b]8;;https://gcc.gnu.org/onlinedocs/gcc/Warning-Options.html#index-Wunused-variable\x07-Wunused-variable\x1b]8;;\x07\x1b[m\x1b[K]\n'}
[18.577324] (fastlio2) StderrLine: {'line': b'  478 |     int \x1b[01;35m\x1b[KNewPointSize\x1b[m\x1b[K = PointToAdd.size();\n'}
[18.577428] (fastlio2) StderrLine: {'line': b'      |         \x1b[01;35m\x1b[K^~~~~~~~~~~~\x1b[m\x1b[K\n'}
[18.577525] (fastlio2) StderrLine: {'line': b'\x1b[01m\x1b[K/home/haiboliu/project/vln/localization/src/fastlio2/fastlio2/src/map_builder/ikd_Tree.cpp:479:9:\x1b[m\x1b[K \x1b[01;35m\x1b[Kwarning: \x1b[m\x1b[Kunused variable \xe2\x80\x98\x1b[01m\x1b[Ktree_size\x1b[m\x1b[K\xe2\x80\x99 [\x1b[01;35m\x1b[K\x1b]8;;https://gcc.gnu.org/onlinedocs/gcc/Warning-Options.html#index-Wunused-variable\x07-Wunused-variable\x1b]8;;\x07\x1b[m\x1b[K]\n'}
[18.577632] (fastlio2) StderrLine: {'line': b'  479 |     int \x1b[01;35m\x1b[Ktree_size\x1b[m\x1b[K = size();\n'}
[18.577729] (fastlio2) StderrLine: {'line': b'      |         \x1b[01;35m\x1b[K^~~~~~~~~\x1b[m\x1b[K\n'}
[18.583069] (fastlio2) StderrLine: {'line': b'/home/haiboliu/project/vln/localization/src/fastlio2/fastlio2/src/map_builder/ikd_Tree.cpp: In instantiation of \xe2\x80\x98\x1b[01m\x1b[Kvoid KD_TREE<PointType>::Add_Point_Boxes(std::vector<BoxPointType>&) [with PointType = pcl::PointXYZ]\x1b[m\x1b[K\xe2\x80\x99:\n'}
[18.583415] (fastlio2) StderrLine: {'line': b'\x1b[01m\x1b[K/home/haiboliu/project/vln/localization/src/fastlio2/fastlio2/src/map_builder/ikd_Tree.cpp:1730:16:\x1b[m\x1b[K   required from here\n'}
[18.583536] (fastlio2) StderrLine: {'line': b'\x1b[01m\x1b[K/home/haiboliu/project/vln/localization/src/fastlio2/fastlio2/src/map_builder/ikd_Tree.cpp:576:23:\x1b[m\x1b[K \x1b[01;35m\x1b[Kwarning: \x1b[m\x1b[Kcomparison of integer expressions of different signedness: \xe2\x80\x98\x1b[01m\x1b[Kint\x1b[m\x1b[K\xe2\x80\x99 and \xe2\x80\x98\x1b[01m\x1b[Kstd::vector<BoxPointType>::size_type\x1b[m\x1b[K\xe2\x80\x99 {aka \xe2\x80\x98\x1b[01m\x1b[Klong unsigned int\x1b[m\x1b[K\xe2\x80\x99} [\x1b[01;35m\x1b[K\x1b]8;;https://gcc.gnu.org/onlinedocs/gcc/Warning-Options.html#index-Wsign-compare\x07-Wsign-compare\x1b]8;;\x07\x1b[m\x1b[K]\n'}
[18.583708] (fastlio2) StderrLine: {'line': b'  576 |     for (int i = 0; \x1b[01;35m\x1b[Ki < BoxPoints.size()\x1b[m\x1b[K; i++)\n'}
[18.583805] (fastlio2) StderrLine: {'line': b'      |                     \x1b[01;35m\x1b[K~~^~~~~~~~~~~~~~~~~~\x1b[m\x1b[K\n'}
[18.583898] (fastlio2) StderrLine: {'line': b'/home/haiboliu/project/vln/localization/src/fastlio2/fastlio2/src/map_builder/ikd_Tree.cpp: In instantiation of \xe2\x80\x98\x1b[01m\x1b[Kvoid KD_TREE<PointType>::Delete_Points(KD_TREE<PointType>::PointVector&) [with PointType = pcl::PointXYZ; KD_TREE<PointType>::PointVector = std::vector<pcl::PointXYZ, Eigen::aligned_allocator<pcl::PointXYZ> >]\x1b[m\x1b[K\xe2\x80\x99:\n'}
[18.584001] (fastlio2) StderrLine: {'line': b'\x1b[01m\x1b[K/home/haiboliu/project/vln/localization/src/fastlio2/fastlio2/src/map_builder/ikd_Tree.cpp:1730:16:\x1b[m\x1b[K   required from here\n'}
[18.584114] (fastlio2) StderrLine: {'line': b'\x1b[01m\x1b[K/home/haiboliu/project/vln/localization/src/fastlio2/fastlio2/src/map_builder/ikd_Tree.cpp:604:23:\x1b[m\x1b[K \x1b[01;35m\x1b[Kwarning: \x1b[m\x1b[Kcomparison of integer expressions of different signedness: \xe2\x80\x98\x1b[01m\x1b[Kint\x1b[m\x1b[K\xe2\x80\x99 and \xe2\x80\x98\x1b[01m\x1b[Kstd::vector<pcl::PointXYZ, Eigen::aligned_allocator<pcl::PointXYZ> >::size_type\x1b[m\x1b[K\xe2\x80\x99 {aka \xe2\x80\x98\x1b[01m\x1b[Klong unsigned int\x1b[m\x1b[K\xe2\x80\x99} [\x1b[01;35m\x1b[K\x1b]8;;https://gcc.gnu.org/onlinedocs/gcc/Warning-Options.html#index-Wsign-compare\x07-Wsign-compare\x1b]8;;\x07\x1b[m\x1b[K]\n'}
[18.584293] (fastlio2) StderrLine: {'line': b'  604 |     for (int i = 0; \x1b[01;35m\x1b[Ki < PointToDel.size()\x1b[m\x1b[K; i++)\n'}
[18.584404] (fastlio2) StderrLine: {'line': b'      |                     \x1b[01;35m\x1b[K~~^~~~~~~~~~~~~~~~~~~\x1b[m\x1b[K\n'}
[18.584502] (fastlio2) StderrLine: {'line': b'/home/haiboliu/project/vln/localization/src/fastlio2/fastlio2/src/map_builder/ikd_Tree.cpp: In instantiation of \xe2\x80\x98\x1b[01m\x1b[Kint KD_TREE<PointType>::Delete_Point_Boxes(std::vector<BoxPointType>&) [with PointType = pcl::PointXYZ]\x1b[m\x1b[K\xe2\x80\x99:\n'}
[18.584608] (fastlio2) StderrLine: {'line': b'\x1b[01m\x1b[K/home/haiboliu/project/vln/localization/src/fastlio2/fastlio2/src/map_builder/ikd_Tree.cpp:1730:16:\x1b[m\x1b[K   required from here\n'}
[18.584710] (fastlio2) StderrLine: {'line': b'\x1b[01m\x1b[K/home/haiboliu/project/vln/localization/src/fastlio2/fastlio2/src/map_builder/ikd_Tree.cpp:633:23:\x1b[m\x1b[K \x1b[01;35m\x1b[Kwarning: \x1b[m\x1b[Kcomparison of integer expressions of different signedness: \xe2\x80\x98\x1b[01m\x1b[Kint\x1b[m\x1b[K\xe2\x80\x99 and \xe2\x80\x98\x1b[01m\x1b[Kstd::vector<BoxPointType>::size_type\x1b[m\x1b[K\xe2\x80\x99 {aka \xe2\x80\x98\x1b[01m\x1b[Klong unsigned int\x1b[m\x1b[K\xe2\x80\x99} [\x1b[01;35m\x1b[K\x1b]8;;https://gcc.gnu.org/onlinedocs/gcc/Warning-Options.html#index-Wsign-compare\x07-Wsign-compare\x1b]8;;\x07\x1b[m\x1b[K]\n'}
[18.584818] (fastlio2) StderrLine: {'line': b'  633 |     for (int i = 0; \x1b[01;35m\x1b[Ki < BoxPoints.size()\x1b[m\x1b[K; i++)\n'}
[18.584918] (fastlio2) StderrLine: {'line': b'      |                     \x1b[01;35m\x1b[K~~^~~~~~~~~~~~~~~~~~\x1b[m\x1b[K\n'}
[18.593318] (fastlio2) StderrLine: {'line': b'/home/haiboliu/project/vln/localization/src/fastlio2/fastlio2/src/map_builder/ikd_Tree.cpp: In instantiation of \xe2\x80\x98\x1b[01m\x1b[Kvoid KD_TREE<PointType>::acquire_removed_points(KD_TREE<PointType>::PointVector&) [with PointType = pcl::PointXYZ; KD_TREE<PointType>::PointVector = std::vector<pcl::PointXYZ, Eigen::aligned_allocator<pcl::PointXYZ> >]\x1b[m\x1b[K\xe2\x80\x99:\n'}
[18.593689] (fastlio2) StderrLine: {'line': b'\x1b[01m\x1b[K/home/haiboliu/project/vln/localization/src/fastlio2/fastlio2/src/map_builder/ikd_Tree.cpp:1730:16:\x1b[m\x1b[K   required from here\n'}
[18.593813] (fastlio2) StderrLine: {'line': b'\x1b[01m\x1b[K/home/haiboliu/project/vln/localization/src/fastlio2/fastlio2/src/map_builder/ikd_Tree.cpp:662:23:\x1b[m\x1b[K \x1b[01;35m\x1b[Kwarning: \x1b[m\x1b[Kcomparison of integer expressions of different signedness: \xe2\x80\x98\x1b[01m\x1b[Kint\x1b[m\x1b[K\xe2\x80\x99 and \xe2\x80\x98\x1b[01m\x1b[Kstd::vector<pcl::PointXYZ, Eigen::aligned_allocator<pcl::PointXYZ> >::size_type\x1b[m\x1b[K\xe2\x80\x99 {aka \xe2\x80\x98\x1b[01m\x1b[Klong unsigned int\x1b[m\x1b[K\xe2\x80\x99} [\x1b[01;35m\x1b[K\x1b]8;;https://gcc.gnu.org/onlinedocs/gcc/Warning-Options.html#index-Wsign-compare\x07-Wsign-compare\x1b]8;;\x07\x1b[m\x1b[K]\n'}
[18.593968] (fastlio2) StderrLine: {'line': b'  662 |     for (int i = 0; \x1b[01;35m\x1b[Ki < Points_deleted.size()\x1b[m\x1b[K; i++)\n'}
[18.594066] (fastlio2) StderrLine: {'line': b'      |                     \x1b[01;35m\x1b[K~~^~~~~~~~~~~~~~~~~~~~~~~\x1b[m\x1b[K\n'}
[18.594155] (fastlio2) StderrLine: {'line': b'\x1b[01m\x1b[K/home/haiboliu/project/vln/localization/src/fastlio2/fastlio2/src/map_builder/ikd_Tree.cpp:666:23:\x1b[m\x1b[K \x1b[01;35m\x1b[Kwarning: \x1b[m\x1b[Kcomparison of integer expressions of different signedness: \xe2\x80\x98\x1b[01m\x1b[Kint\x1b[m\x1b[K\xe2\x80\x99 and \xe2\x80\x98\x1b[01m\x1b[Kstd::vector<pcl::PointXYZ, Eigen::aligned_allocator<pcl::PointXYZ> >::size_type\x1b[m\x1b[K\xe2\x80\x99 {aka \xe2\x80\x98\x1b[01m\x1b[Klong unsigned int\x1b[m\x1b[K\xe2\x80\x99} [\x1b[01;35m\x1b[K\x1b]8;;https://gcc.gnu.org/onlinedocs/gcc/Warning-Options.html#index-Wsign-compare\x07-Wsign-compare\x1b]8;;\x07\x1b[m\x1b[K]\n'}
[18.594325] (fastlio2) StderrLine: {'line': b'  666 |     for (int i = 0; \x1b[01;35m\x1b[Ki < Multithread_Points_deleted.size()\x1b[m\x1b[K; i++)\n'}
[18.594424] (fastlio2) StderrLine: {'line': b'      |                     \x1b[01;35m\x1b[K~~^~~~~~~~~~~~~~~~~~~~~~~~~~~~~~~~~~~\x1b[m\x1b[K\n'}
[18.600456] (fastlio2) StderrLine: {'line': b'/home/haiboliu/project/vln/localization/src/fastlio2/fastlio2/src/map_builder/ikd_Tree.cpp: In instantiation of \xe2\x80\x98\x1b[01m\x1b[Kvoid KD_TREE<PointType>::multi_thread_rebuild() [with PointType = pcl::PointXYZI]\x1b[m\x1b[K\xe2\x80\x99:\n'}
[18.600793] (fastlio2) StderrLine: {'line': b'\x1b[01m\x1b[K/home/haiboliu/project/vln/localization/src/fastlio2/fastlio2/src/map_builder/ikd_Tree.cpp:1731:16:\x1b[m\x1b[K   required from here\n'}
[18.600891] (fastlio2) StderrLine: {'line': b'\x1b[01m\x1b[K/home/haiboliu/project/vln/localization/src/fastlio2/fastlio2/src/map_builder/ikd_Tree.cpp:329:17:\x1b[m\x1b[K \x1b[01;35m\x1b[Kwarning: \x1b[m\x1b[Kunused variable \xe2\x80\x98\x1b[01m\x1b[Kvalid_old\x1b[m\x1b[K\xe2\x80\x99 [\x1b[01;35m\x1b[K\x1b]8;;https://gcc.gnu.org/onlinedocs/gcc/Warning-Options.html#index-Wunused-variable\x07-Wunused-variable\x1b]8;;\x07\x1b[m\x1b[K]\n'}
[18.600990] (fastlio2) StderrLine: {'line': b'  329 |             int \x1b[01;35m\x1b[Kvalid_old\x1b[m\x1b[K = old_root_node->TreeSize - old_root_node->invalid_point_num;\n'}
[18.601071] (fastlio2) StderrLine: {'line': b'      |                 \x1b[01;35m\x1b[K^~~~~~~~~\x1b[m\x1b[K\n'}
[18.601148] (fastlio2) StderrLine: {'line': b'\x1b[01m\x1b[K/home/haiboliu/project/vln/localization/src/fastlio2/fastlio2/src/map_builder/ikd_Tree.cpp:330:17:\x1b[m\x1b[K \x1b[01;35m\x1b[Kwarning: \x1b[m\x1b[Kunused variable \xe2\x80\x98\x1b[01m\x1b[Kvalid_new\x1b[m\x1b[K\xe2\x80\x99 [\x1b[01;35m\x1b[K\x1b]8;;https://gcc.gnu.org/onlinedocs/gcc/Warning-Options.html#index-Wunused-variable\x07-Wunused-variable\x1b]8;;\x07\x1b[m\x1b[K]\n'}
[18.601270] (fastlio2) StderrLine: {'line': b'  330 |             int \x1b[01;35m\x1b[Kvalid_new\x1b[m\x1b[K = new_root_node->TreeSize - new_root_node->invalid_point_num;\n'}
[18.601365] (fastlio2) StderrLine: {'line': b'      |                 \x1b[01;35m\x1b[K^~~~~~~~~\x1b[m\x1b[K\n'}
[18.604763] (fastlio2) StderrLine: {'line': b'\x1b[01m\x1b[K/home/haiboliu/project/vln/localization/src/fastlio2/fastlio2/src/map_builder/ikd_Tree.cpp:231:33:\x1b[m\x1b[K \x1b[01;35m\x1b[Kwarning: \x1b[m\x1b[Kunused variable \xe2\x80\x98\x1b[01m\x1b[Knew_node_ptr\x1b[m\x1b[K\xe2\x80\x99 [\x1b[01;35m\x1b[K\x1b]8;;https://gcc.gnu.org/onlinedocs/gcc/Warning-Options.html#index-Wunused-variable\x07-Wunused-variable\x1b]8;;\x07\x1b[m\x1b[K]\n'}
[18.605099] (fastlio2) StderrLine: {'line': b'  231 |     KD_TREE_NODE *father_ptr, **\x1b[01;35m\x1b[Knew_node_ptr\x1b[m\x1b[K;\n'}
[18.605249] (fastlio2) StderrLine: {'line': b'      |                                 \x1b[01;35m\x1b[K^~~~~~~~~~~~\x1b[m\x1b[K\n'}
[18.617172] (fastlio2) StderrLine: {'line': b'/home/haiboliu/project/vln/localization/src/fastlio2/fastlio2/src/map_builder/ikd_Tree.cpp: In instantiation of \xe2\x80\x98\x1b[01m\x1b[Kvoid KD_TREE<PointType>::Rebuild(KD_TREE<PointType>::KD_TREE_NODE**) [with PointType = pcl::PointXYZI]\x1b[m\x1b[K\xe2\x80\x99:\n'}
[18.617516] (fastlio2) StderrLine: {'line': b'\x1b[01m\x1b[K/home/haiboliu/project/vln/localization/src/fastlio2/fastlio2/src/map_builder/ikd_Tree.cpp:1731:16:\x1b[m\x1b[K   required from here\n'}
[18.617632] (fastlio2) StderrLine: {'line': b'\x1b[01m\x1b[K/home/haiboliu/project/vln/localization/src/fastlio2/fastlio2/src/map_builder/ikd_Tree.cpp:751:13:\x1b[m\x1b[K \x1b[01;35m\x1b[Kwarning: \x1b[m\x1b[Kunused variable \xe2\x80\x98\x1b[01m\x1b[Ksize_rec\x1b[m\x1b[K\xe2\x80\x99 [\x1b[01;35m\x1b[K\x1b]8;;https://gcc.gnu.org/onlinedocs/gcc/Warning-Options.html#index-Wunused-variable\x07-Wunused-variable\x1b]8;;\x07\x1b[m\x1b[K]\n'}
[18.617769] (fastlio2) StderrLine: {'line': b'  751 |         int \x1b[01;35m\x1b[Ksize_rec\x1b[m\x1b[K = (*root)->TreeSize;\n'}
[18.617872] (fastlio2) StderrLine: {'line': b'      |             \x1b[01;35m\x1b[K^~~~~~~~\x1b[m\x1b[K\n'}
[18.620344] (fastlio2) StderrLine: {'line': b'/home/haiboliu/project/vln/localization/src/fastlio2/fastlio2/src/map_builder/ikd_Tree.cpp: In instantiation of \xe2\x80\x98\x1b[01m\x1b[Kint KD_TREE<PointType>::Delete_by_range(KD_TREE<PointType>::KD_TREE_NODE**, BoxPointType, bool, bool) [with PointType = pcl::PointXYZI]\x1b[m\x1b[K\xe2\x80\x99:\n'}
[18.620741] (fastlio2) StderrLine: {'line': b'\x1b[01m\x1b[K/home/haiboliu/project/vln/localization/src/fastlio2/fastlio2/src/map_builder/ikd_Tree.cpp:1731:16:\x1b[m\x1b[K   required from here\n'}
[18.620870] (fastlio2) StderrLine: {'line': b'\x1b[01m\x1b[K/home/haiboliu/project/vln/localization/src/fastlio2/fastlio2/src/map_builder/ikd_Tree.cpp:802:21:\x1b[m\x1b[K \x1b[01;35m\x1b[Kwarning: \x1b[m\x1b[Kunused variable \xe2\x80\x98\x1b[01m\x1b[KTimeout\x1b[m\x1b[K\xe2\x80\x99 [\x1b[01;35m\x1b[K\x1b]8;;https://gcc.gnu.org/onlinedocs/gcc/Warning-Options.html#index-Wunused-variable\x07-Wunused-variable\x1b]8;;\x07\x1b[m\x1b[K]\n'}
[18.620971] (fastlio2) StderrLine: {'line': b'  802 |     struct timespec \x1b[01;35m\x1b[KTimeout\x1b[m\x1b[K;\n'}
[18.621054] (fastlio2) StderrLine: {'line': b'      |                     \x1b[01;35m\x1b[K^~~~~~~\x1b[m\x1b[K\n'}
[18.624281] (fastlio2) StderrLine: {'line': b'/home/haiboliu/project/vln/localization/src/fastlio2/fastlio2/src/map_builder/ikd_Tree.cpp: In instantiation of \xe2\x80\x98\x1b[01m\x1b[Kvoid KD_TREE<PointType>::Delete_by_point(KD_TREE<PointType>::KD_TREE_NODE**, PointType, bool) [with PointType = pcl::PointXYZI]\x1b[m\x1b[K\xe2\x80\x99:\n'}
[18.624666] (fastlio2) StderrLine: {'line': b'\x1b[01m\x1b[K/home/haiboliu/project/vln/localization/src/fastlio2/fastlio2/src/map_builder/ikd_Tree.cpp:1731:16:\x1b[m\x1b[K   required from here\n'}
[18.624795] (fastlio2) StderrLine: {'line': b'\x1b[01m\x1b[K/home/haiboliu/project/vln/localization/src/fastlio2/fastlio2/src/map_builder/ikd_Tree.cpp:867:21:\x1b[m\x1b[K \x1b[01;35m\x1b[Kwarning: \x1b[m\x1b[Kunused variable \xe2\x80\x98\x1b[01m\x1b[KTimeout\x1b[m\x1b[K\xe2\x80\x99 [\x1b[01;35m\x1b[K\x1b]8;;https://gcc.gnu.org/onlinedocs/gcc/Warning-Options.html#index-Wunused-variable\x07-Wunused-variable\x1b]8;;\x07\x1b[m\x1b[K]\n'}
[18.624892] (fastlio2) StderrLine: {'line': b'  867 |     struct timespec \x1b[01;35m\x1b[KTimeout\x1b[m\x1b[K;\n'}
[18.624969] (fastlio2) StderrLine: {'line': b'      |                     \x1b[01;35m\x1b[K^~~~~~~\x1b[m\x1b[K\n'}
[18.628360] (fastlio2) StderrLine: {'line': b'/home/haiboliu/project/vln/localization/src/fastlio2/fastlio2/src/map_builder/ikd_Tree.cpp: In instantiation of \xe2\x80\x98\x1b[01m\x1b[Kvoid KD_TREE<PointType>::Add_by_point(KD_TREE<PointType>::KD_TREE_NODE**, PointType, bool, int) [with PointType = pcl::PointXYZI]\x1b[m\x1b[K\xe2\x80\x99:\n'}
[18.628708] (fastlio2) StderrLine: {'line': b'\x1b[01m\x1b[K/home/haiboliu/project/vln/localization/src/fastlio2/fastlio2/src/map_builder/ikd_Tree.cpp:1731:16:\x1b[m\x1b[K   required from here\n'}
[18.628850] (fastlio2) StderrLine: {'line': b'\x1b[01m\x1b[K/home/haiboliu/project/vln/localization/src/fastlio2/fastlio2/src/map_builder/ikd_Tree.cpp:1006:21:\x1b[m\x1b[K \x1b[01;35m\x1b[Kwarning: \x1b[m\x1b[Kunused variable \xe2\x80\x98\x1b[01m\x1b[KTimeout\x1b[m\x1b[K\xe2\x80\x99 [\x1b[01;35m\x1b[K\x1b]8;;https://gcc.gnu.org/onlinedocs/gcc/Warning-Options.html#index-Wunused-variable\x07-Wunused-variable\x1b]8;;\x07\x1b[m\x1b[K]\n'}
[18.628959] (fastlio2) StderrLine: {'line': b' 1006 |     struct timespec \x1b[01;35m\x1b[KTimeout\x1b[m\x1b[K;\n'}
[18.629072] (fastlio2) StderrLine: {'line': b'      |                     \x1b[01;35m\x1b[K^~~~~~~\x1b[m\x1b[K\n'}
[18.629172] (fastlio2) StderrLine: {'line': b'/home/haiboliu/project/vln/localization/src/fastlio2/fastlio2/src/map_builder/ikd_Tree.cpp: In instantiation of \xe2\x80\x98\x1b[01m\x1b[Kvoid KD_TREE<PointType>::Add_by_range(KD_TREE<PointType>::KD_TREE_NODE**, BoxPointType, bool) [with PointType = pcl::PointXYZI]\x1b[m\x1b[K\xe2\x80\x99:\n'}
[18.629337] (fastlio2) StderrLine: {'line': b'\x1b[01m\x1b[K/home/haiboliu/project/vln/localization/src/fastlio2/fastlio2/src/map_builder/ikd_Tree.cpp:1731:16:\x1b[m\x1b[K   required from here\n'}
[18.629457] (fastlio2) StderrLine: {'line': b'\x1b[01m\x1b[K/home/haiboliu/project/vln/localization/src/fastlio2/fastlio2/src/map_builder/ikd_Tree.cpp:946:21:\x1b[m\x1b[K \x1b[01;35m\x1b[Kwarning: \x1b[m\x1b[Kunused variable \xe2\x80\x98\x1b[01m\x1b[KTimeout\x1b[m\x1b[K\xe2\x80\x99 [\x1b[01;35m\x1b[K\x1b]8;;https://gcc.gnu.org/onlinedocs/gcc/Warning-Options.html#index-Wunused-variable\x07-Wunused-variable\x1b]8;;\x07\x1b[m\x1b[K]\n'}
[18.629551] (fastlio2) StderrLine: {'line': b'  946 |     struct timespec \x1b[01;35m\x1b[KTimeout\x1b[m\x1b[K;\n'}
[18.629647] (fastlio2) StderrLine: {'line': b'      |                     \x1b[01;35m\x1b[K^~~~~~~\x1b[m\x1b[K\n'}
[18.629748] (fastlio2) StderrLine: {'line': b'/home/haiboliu/project/vln/localization/src/fastlio2/fastlio2/src/map_builder/ikd_Tree.cpp: In instantiation of \xe2\x80\x98\x1b[01m\x1b[Kvoid KD_TREE<PointType>::Search(KD_TREE<PointType>::KD_TREE_NODE*, int, PointType, KD_TREE<PointType>::MANUAL_HEAP&, float) [with PointType = pcl::PointXYZI]\x1b[m\x1b[K\xe2\x80\x99:\n'}
[18.629864] (fastlio2) StderrLine: {'line': b'\x1b[01m\x1b[K/home/haiboliu/project/vln/localization/src/fastlio2/fastlio2/src/map_builder/ikd_Tree.cpp:1731:16:\x1b[m\x1b[K   required from here\n'}
[18.630109] (fastlio2) StderrLine: {'line': b'\x1b[01m\x1b[K/home/haiboliu/project/vln/localization/src/fastlio2/fastlio2/src/map_builder/ikd_Tree.cpp:1097:63:\x1b[m\x1b[K \x1b[01;35m\x1b[Kwarning: \x1b[m\x1b[Ksuggest parentheses around \xe2\x80\x98\x1b[01m\x1b[K&&\x1b[m\x1b[K\xe2\x80\x99 within \xe2\x80\x98\x1b[01m\x1b[K||\x1b[m\x1b[K\xe2\x80\x99 [\x1b[01;35m\x1b[K\x1b]8;;https://gcc.gnu.org/onlinedocs/gcc/Warning-Options.html#index-Wparentheses\x07-Wparentheses\x1b]8;;\x07\x1b[m\x1b[K]\n'}
[18.630237] (fastlio2) StderrLine: {'line': b' 1097 |     if (q.size() < k_nearest || \x1b[01;35m\x1b[Kdist_left_node < q.top().dist && dist_right_node < q.top().dist\x1b[m\x1b[K)\n'}
[18.630339] (fastlio2) StderrLine: {'line': b'      |                                 \x1b[01;35m\x1b[K~~~~~~~~~~~~~~~~~~~~~~~~~~~~~~^~~~~~~~~~~~~~~~~~~~~~~~~~~~~~~~~\x1b[m\x1b[K\n'}
[18.630430] (fastlio2) StderrLine: {'line': b'\x1b[01m\x1b[K/home/haiboliu/project/vln/localization/src/fastlio2/fastlio2/src/map_builder/ikd_Tree.cpp:1094:9:\x1b[m\x1b[K \x1b[01;35m\x1b[Kwarning: \x1b[m\x1b[Kunused variable \xe2\x80\x98\x1b[01m\x1b[Kcur_search_counter\x1b[m\x1b[K\xe2\x80\x99 [\x1b[01;35m\x1b[K\x1b]8;;https://gcc.gnu.org/onlinedocs/gcc/Warning-Options.html#index-Wunused-variable\x07-Wunused-variable\x1b]8;;\x07\x1b[m\x1b[K]\n'}
[18.630522] (fastlio2) StderrLine: {'line': b' 1094 |     int \x1b[01;35m\x1b[Kcur_search_counter\x1b[m\x1b[K;\n'}
[18.630613] (fastlio2) StderrLine: {'line': b'      |         \x1b[01;35m\x1b[K^~~~~~~~~~~~~~~~~~\x1b[m\x1b[K\n'}
[18.641334] (-) TimerEvent: {}
[18.655436] (fastlio2) StderrLine: {'line': b'/home/haiboliu/project/vln/localization/src/fastlio2/fastlio2/src/map_builder/ikd_Tree.cpp: In instantiation of \xe2\x80\x98\x1b[01m\x1b[Kint KD_TREE<PointType>::Add_Points(KD_TREE<PointType>::PointVector&, bool) [with PointType = pcl::PointXYZI; KD_TREE<PointType>::PointVector = std::vector<pcl::PointXYZI, Eigen::aligned_allocator<pcl::PointXYZI> >]\x1b[m\x1b[K\xe2\x80\x99:\n'}
[18.655851] (fastlio2) StderrLine: {'line': b'\x1b[01m\x1b[K/home/haiboliu/project/vln/localization/src/fastlio2/fastlio2/src/map_builder/ikd_Tree.cpp:1731:16:\x1b[m\x1b[K   required from here\n'}
[18.656015] (fastlio2) StderrLine: {'line': b'\x1b[01m\x1b[K/home/haiboliu/project/vln/localization/src/fastlio2/fastlio2/src/map_builder/ikd_Tree.cpp:485:23:\x1b[m\x1b[K \x1b[01;35m\x1b[Kwarning: \x1b[m\x1b[Kcomparison of integer expressions of different signedness: \xe2\x80\x98\x1b[01m\x1b[Kint\x1b[m\x1b[K\xe2\x80\x99 and \xe2\x80\x98\x1b[01m\x1b[Kstd::vector<pcl::PointXYZI, Eigen::aligned_allocator<pcl::PointXYZI> >::size_type\x1b[m\x1b[K\xe2\x80\x99 {aka \xe2\x80\x98\x1b[01m\x1b[Klong unsigned int\x1b[m\x1b[K\xe2\x80\x99} [\x1b[01;35m\x1b[K\x1b]8;;https://gcc.gnu.org/onlinedocs/gcc/Warning-Options.html#index-Wsign-compare\x07-Wsign-compare\x1b]8;;\x07\x1b[m\x1b[K]\n'}
[18.656123] (fastlio2) StderrLine: {'line': b'  485 |     for (int i = 0; \x1b[01;35m\x1b[Ki < PointToAdd.size()\x1b[m\x1b[K; i++)\n'}
[18.656256] (fastlio2) StderrLine: {'line': b'      |                     \x1b[01;35m\x1b[K~~^~~~~~~~~~~~~~~~~~~\x1b[m\x1b[K\n'}
[18.659322] (fastlio2) StderrLine: {'line': b'\x1b[01m\x1b[K/home/haiboliu/project/vln/localization/src/fastlio2/fastlio2/src/map_builder/ikd_Tree.cpp:502:39:\x1b[m\x1b[K \x1b[01;35m\x1b[Kwarning: \x1b[m\x1b[Kcomparison of integer expressions of different signedness: \xe2\x80\x98\x1b[01m\x1b[Kint\x1b[m\x1b[K\xe2\x80\x99 and \xe2\x80\x98\x1b[01m\x1b[Kstd::vector<pcl::PointXYZI, Eigen::aligned_allocator<pcl::PointXYZI> >::size_type\x1b[m\x1b[K\xe2\x80\x99 {aka \xe2\x80\x98\x1b[01m\x1b[Klong unsigned int\x1b[m\x1b[K\xe2\x80\x99} [\x1b[01;35m\x1b[K\x1b]8;;https://gcc.gnu.org/onlinedocs/gcc/Warning-Options.html#index-Wsign-compare\x07-Wsign-compare\x1b]8;;\x07\x1b[m\x1b[K]\n'}
[18.659833] (fastlio2) StderrLine: {'line': b'  502 |             for (int index = 0; \x1b[01;35m\x1b[Kindex < Downsample_Storage.size()\x1b[m\x1b[K; index++)\n'}
[18.659976] (fastlio2) StderrLine: {'line': b'      |                                 \x1b[01;35m\x1b[K~~~~~~^~~~~~~~~~~~~~~~~~~~~~~~~~~\x1b[m\x1b[K\n'}
[18.660079] (fastlio2) StderrLine: {'line': b'\x1b[01m\x1b[K/home/haiboliu/project/vln/localization/src/fastlio2/fastlio2/src/map_builder/ikd_Tree.cpp:478:9:\x1b[m\x1b[K \x1b[01;35m\x1b[Kwarning: \x1b[m\x1b[Kunused variable \xe2\x80\x98\x1b[01m\x1b[KNewPointSize\x1b[m\x1b[K\xe2\x80\x99 [\x1b[01;35m\x1b[K\x1b]8;;https://gcc.gnu.org/onlinedocs/gcc/Warning-Options.html#index-Wunused-variable\x07-Wunused-variable\x1b]8;;\x07\x1b[m\x1b[K]\n'}
[18.660239] (fastlio2) StderrLine: {'line': b'  478 |     int \x1b[01;35m\x1b[KNewPointSize\x1b[m\x1b[K = PointToAdd.size();\n'}
[18.660380] (fastlio2) StderrLine: {'line': b'      |         \x1b[01;35m\x1b[K^~~~~~~~~~~~\x1b[m\x1b[K\n'}
[18.660494] (fastlio2) StderrLine: {'line': b'\x1b[01m\x1b[K/home/haiboliu/project/vln/localization/src/fastlio2/fastlio2/src/map_builder/ikd_Tree.cpp:479:9:\x1b[m\x1b[K \x1b[01;35m\x1b[Kwarning: \x1b[m\x1b[Kunused variable \xe2\x80\x98\x1b[01m\x1b[Ktree_size\x1b[m\x1b[K\xe2\x80\x99 [\x1b[01;35m\x1b[K\x1b]8;;https://gcc.gnu.org/onlinedocs/gcc/Warning-Options.html#index-Wunused-variable\x07-Wunused-variable\x1b]8;;\x07\x1b[m\x1b[K]\n'}
[18.660602] (fastlio2) StderrLine: {'line': b'  479 |     int \x1b[01;35m\x1b[Ktree_size\x1b[m\x1b[K = size();\n'}
[18.660705] (fastlio2) StderrLine: {'line': b'      |         \x1b[01;35m\x1b[K^~~~~~~~~\x1b[m\x1b[K\n'}
[18.660814] (fastlio2) StderrLine: {'line': b'/home/haiboliu/project/vln/localization/src/fastlio2/fastlio2/src/map_builder/ikd_Tree.cpp: In instantiation of \xe2\x80\x98\x1b[01m\x1b[Kvoid KD_TREE<PointType>::Add_Point_Boxes(std::vector<BoxPointType>&) [with PointType = pcl::PointXYZI]\x1b[m\x1b[K\xe2\x80\x99:\n'}
[18.660936] (fastlio2) StderrLine: {'line': b'\x1b[01m\x1b[K/home/haiboliu/project/vln/localization/src/fastlio2/fastlio2/src/map_builder/ikd_Tree.cpp:1731:16:\x1b[m\x1b[K   required from here\n'}
[18.661054] (fastlio2) StderrLine: {'line': b'\x1b[01m\x1b[K/home/haiboliu/project/vln/localization/src/fastlio2/fastlio2/src/map_builder/ikd_Tree.cpp:576:23:\x1b[m\x1b[K \x1b[01;35m\x1b[Kwarning: \x1b[m\x1b[Kcomparison of integer expressions of different signedness: \xe2\x80\x98\x1b[01m\x1b[Kint\x1b[m\x1b[K\xe2\x80\x99 and \xe2\x80\x98\x1b[01m\x1b[Kstd::vector<BoxPointType>::size_type\x1b[m\x1b[K\xe2\x80\x99 {aka \xe2\x80\x98\x1b[01m\x1b[Klong unsigned int\x1b[m\x1b[K\xe2\x80\x99} [\x1b[01;35m\x1b[K\x1b]8;;https://gcc.gnu.org/onlinedocs/gcc/Warning-Options.html#index-Wsign-compare\x07-Wsign-compare\x1b]8;;\x07\x1b[m\x1b[K]\n'}
[18.661433] (fastlio2) StderrLine: {'line': b'  576 |     for (int i = 0; \x1b[01;35m\x1b[Ki < BoxPoints.size()\x1b[m\x1b[K; i++)\n'}
[18.661563] (fastlio2) StderrLine: {'line': b'      |                     \x1b[01;35m\x1b[K~~^~~~~~~~~~~~~~~~~~\x1b[m\x1b[K\n'}
[18.661667] (fastlio2) StderrLine: {'line': b'/home/haiboliu/project/vln/localization/src/fastlio2/fastlio2/src/map_builder/ikd_Tree.cpp: In instantiation of \xe2\x80\x98\x1b[01m\x1b[Kvoid KD_TREE<PointType>::Delete_Points(KD_TREE<PointType>::PointVector&) [with PointType = pcl::PointXYZI; KD_TREE<PointType>::PointVector = std::vector<pcl::PointXYZI, Eigen::aligned_allocator<pcl::PointXYZI> >]\x1b[m\x1b[K\xe2\x80\x99:\n'}
[18.661800] (fastlio2) StderrLine: {'line': b'\x1b[01m\x1b[K/home/haiboliu/project/vln/localization/src/fastlio2/fastlio2/src/map_builder/ikd_Tree.cpp:1731:16:\x1b[m\x1b[K   required from here\n'}
[18.661916] (fastlio2) StderrLine: {'line': b'\x1b[01m\x1b[K/home/haiboliu/project/vln/localization/src/fastlio2/fastlio2/src/map_builder/ikd_Tree.cpp:604:23:\x1b[m\x1b[K \x1b[01;35m\x1b[Kwarning: \x1b[m\x1b[Kcomparison of integer expressions of different signedness: \xe2\x80\x98\x1b[01m\x1b[Kint\x1b[m\x1b[K\xe2\x80\x99 and \xe2\x80\x98\x1b[01m\x1b[Kstd::vector<pcl::PointXYZI, Eigen::aligned_allocator<pcl::PointXYZI> >::size_type\x1b[m\x1b[K\xe2\x80\x99 {aka \xe2\x80\x98\x1b[01m\x1b[Klong unsigned int\x1b[m\x1b[K\xe2\x80\x99} [\x1b[01;35m\x1b[K\x1b]8;;https://gcc.gnu.org/onlinedocs/gcc/Warning-Options.html#index-Wsign-compare\x07-Wsign-compare\x1b]8;;\x07\x1b[m\x1b[K]\n'}
[18.662008] (fastlio2) StderrLine: {'line': b'  604 |     for (int i = 0; \x1b[01;35m\x1b[Ki < PointToDel.size()\x1b[m\x1b[K; i++)\n'}
[18.662090] (fastlio2) StderrLine: {'line': b'      |                     \x1b[01;35m\x1b[K~~^~~~~~~~~~~~~~~~~~~\x1b[m\x1b[K\n'}
[18.665313] (fastlio2) StderrLine: {'line': b'/home/haiboliu/project/vln/localization/src/fastlio2/fastlio2/src/map_builder/ikd_Tree.cpp: In instantiation of \xe2\x80\x98\x1b[01m\x1b[Kint KD_TREE<PointType>::Delete_Point_Boxes(std::vector<BoxPointType>&) [with PointType = pcl::PointXYZI]\x1b[m\x1b[K\xe2\x80\x99:\n'}
[18.665685] (fastlio2) StderrLine: {'line': b'\x1b[01m\x1b[K/home/haiboliu/project/vln/localization/src/fastlio2/fastlio2/src/map_builder/ikd_Tree.cpp:1731:16:\x1b[m\x1b[K   required from here\n'}
[18.665846] (fastlio2) StderrLine: {'line': b'\x1b[01m\x1b[K/home/haiboliu/project/vln/localization/src/fastlio2/fastlio2/src/map_builder/ikd_Tree.cpp:633:23:\x1b[m\x1b[K \x1b[01;35m\x1b[Kwarning: \x1b[m\x1b[Kcomparison of integer expressions of different signedness: \xe2\x80\x98\x1b[01m\x1b[Kint\x1b[m\x1b[K\xe2\x80\x99 and \xe2\x80\x98\x1b[01m\x1b[Kstd::vector<BoxPointType>::size_type\x1b[m\x1b[K\xe2\x80\x99 {aka \xe2\x80\x98\x1b[01m\x1b[Klong unsigned int\x1b[m\x1b[K\xe2\x80\x99} [\x1b[01;35m\x1b[K\x1b]8;;https://gcc.gnu.org/onlinedocs/gcc/Warning-Options.html#index-Wsign-compare\x07-Wsign-compare\x1b]8;;\x07\x1b[m\x1b[K]\n'}
[18.665980] (fastlio2) StderrLine: {'line': b'  633 |     for (int i = 0; \x1b[01;35m\x1b[Ki < BoxPoints.size()\x1b[m\x1b[K; i++)\n'}
[18.666088] (fastlio2) StderrLine: {'line': b'      |                     \x1b[01;35m\x1b[K~~^~~~~~~~~~~~~~~~~~\x1b[m\x1b[K\n'}
[18.666207] (fastlio2) StderrLine: {'line': b'/home/haiboliu/project/vln/localization/src/fastlio2/fastlio2/src/map_builder/ikd_Tree.cpp: In instantiation of \xe2\x80\x98\x1b[01m\x1b[Kvoid KD_TREE<PointType>::acquire_removed_points(KD_TREE<PointType>::PointVector&) [with PointType = pcl::PointXYZI; KD_TREE<PointType>::PointVector = std::vector<pcl::PointXYZI, Eigen::aligned_allocator<pcl::PointXYZI> >]\x1b[m\x1b[K\xe2\x80\x99:\n'}
[18.666341] (fastlio2) StderrLine: {'line': b'\x1b[01m\x1b[K/home/haiboliu/project/vln/localization/src/fastlio2/fastlio2/src/map_builder/ikd_Tree.cpp:1731:16:\x1b[m\x1b[K   required from here\n'}
[18.666460] (fastlio2) StderrLine: {'line': b'\x1b[01m\x1b[K/home/haiboliu/project/vln/localization/src/fastlio2/fastlio2/src/map_builder/ikd_Tree.cpp:662:23:\x1b[m\x1b[K \x1b[01;35m\x1b[Kwarning: \x1b[m\x1b[Kcomparison of integer expressions of different signedness: \xe2\x80\x98\x1b[01m\x1b[Kint\x1b[m\x1b[K\xe2\x80\x99 and \xe2\x80\x98\x1b[01m\x1b[Kstd::vector<pcl::PointXYZI, Eigen::aligned_allocator<pcl::PointXYZI> >::size_type\x1b[m\x1b[K\xe2\x80\x99 {aka \xe2\x80\x98\x1b[01m\x1b[Klong unsigned int\x1b[m\x1b[K\xe2\x80\x99} [\x1b[01;35m\x1b[K\x1b]8;;https://gcc.gnu.org/onlinedocs/gcc/Warning-Options.html#index-Wsign-compare\x07-Wsign-compare\x1b]8;;\x07\x1b[m\x1b[K]\n'}
[18.666622] (fastlio2) StderrLine: {'line': b'  662 |     for (int i = 0; \x1b[01;35m\x1b[Ki < Points_deleted.size()\x1b[m\x1b[K; i++)\n'}
[18.666726] (fastlio2) StderrLine: {'line': b'      |                     \x1b[01;35m\x1b[K~~^~~~~~~~~~~~~~~~~~~~~~~\x1b[m\x1b[K\n'}
[18.666821] (fastlio2) StderrLine: {'line': b'\x1b[01m\x1b[K/home/haiboliu/project/vln/localization/src/fastlio2/fastlio2/src/map_builder/ikd_Tree.cpp:666:23:\x1b[m\x1b[K \x1b[01;35m\x1b[Kwarning: \x1b[m\x1b[Kcomparison of integer expressions of different signedness: \xe2\x80\x98\x1b[01m\x1b[Kint\x1b[m\x1b[K\xe2\x80\x99 and \xe2\x80\x98\x1b[01m\x1b[Kstd::vector<pcl::PointXYZI, Eigen::aligned_allocator<pcl::PointXYZI> >::size_type\x1b[m\x1b[K\xe2\x80\x99 {aka \xe2\x80\x98\x1b[01m\x1b[Klong unsigned int\x1b[m\x1b[K\xe2\x80\x99} [\x1b[01;35m\x1b[K\x1b]8;;https://gcc.gnu.org/onlinedocs/gcc/Warning-Options.html#index-Wsign-compare\x07-Wsign-compare\x1b]8;;\x07\x1b[m\x1b[K]\n'}
[18.666931] (fastlio2) StderrLine: {'line': b'  666 |     for (int i = 0; \x1b[01;35m\x1b[Ki < Multithread_Points_deleted.size()\x1b[m\x1b[K; i++)\n'}
[18.667034] (fastlio2) StderrLine: {'line': b'      |                     \x1b[01;35m\x1b[K~~^~~~~~~~~~~~~~~~~~~~~~~~~~~~~~~~~~~\x1b[m\x1b[K\n'}
[18.674333] (fastlio2) StderrLine: {'line': b'/home/haiboliu/project/vln/localization/src/fastlio2/fastlio2/src/map_builder/ikd_Tree.cpp: In instantiation of \xe2\x80\x98\x1b[01m\x1b[Kvoid KD_TREE<PointType>::multi_thread_rebuild() [with PointType = pcl::PointXYZINormal]\x1b[m\x1b[K\xe2\x80\x99:\n'}
[18.674686] (fastlio2) StderrLine: {'line': b'\x1b[01m\x1b[K/home/haiboliu/project/vln/localization/src/fastlio2/fastlio2/src/map_builder/ikd_Tree.cpp:1732:16:\x1b[m\x1b[K   required from here\n'}
[18.674783] (fastlio2) StderrLine: {'line': b'\x1b[01m\x1b[K/home/haiboliu/project/vln/localization/src/fastlio2/fastlio2/src/map_builder/ikd_Tree.cpp:329:17:\x1b[m\x1b[K \x1b[01;35m\x1b[Kwarning: \x1b[m\x1b[Kunused variable \xe2\x80\x98\x1b[01m\x1b[Kvalid_old\x1b[m\x1b[K\xe2\x80\x99 [\x1b[01;35m\x1b[K\x1b]8;;https://gcc.gnu.org/onlinedocs/gcc/Warning-Options.html#index-Wunused-variable\x07-Wunused-variable\x1b]8;;\x07\x1b[m\x1b[K]\n'}
[18.674876] (fastlio2) StderrLine: {'line': b'  329 |             int \x1b[01;35m\x1b[Kvalid_old\x1b[m\x1b[K = old_root_node->TreeSize - old_root_node->invalid_point_num;\n'}
[18.674970] (fastlio2) StderrLine: {'line': b'      |                 \x1b[01;35m\x1b[K^~~~~~~~~\x1b[m\x1b[K\n'}
[18.675065] (fastlio2) StderrLine: {'line': b'\x1b[01m\x1b[K/home/haiboliu/project/vln/localization/src/fastlio2/fastlio2/src/map_builder/ikd_Tree.cpp:330:17:\x1b[m\x1b[K \x1b[01;35m\x1b[Kwarning: \x1b[m\x1b[Kunused variable \xe2\x80\x98\x1b[01m\x1b[Kvalid_new\x1b[m\x1b[K\xe2\x80\x99 [\x1b[01;35m\x1b[K\x1b]8;;https://gcc.gnu.org/onlinedocs/gcc/Warning-Options.html#index-Wunused-variable\x07-Wunused-variable\x1b]8;;\x07\x1b[m\x1b[K]\n'}
[18.675165] (fastlio2) StderrLine: {'line': b'  330 |             int \x1b[01;35m\x1b[Kvalid_new\x1b[m\x1b[K = new_root_node->TreeSize - new_root_node->invalid_point_num;\n'}
[18.675440] (fastlio2) StderrLine: {'line': b'      |                 \x1b[01;35m\x1b[K^~~~~~~~~\x1b[m\x1b[K\n'}
[18.675549] (fastlio2) StderrLine: {'line': b'\x1b[01m\x1b[K/home/haiboliu/project/vln/localization/src/fastlio2/fastlio2/src/map_builder/ikd_Tree.cpp:231:33:\x1b[m\x1b[K \x1b[01;35m\x1b[Kwarning: \x1b[m\x1b[Kunused variable \xe2\x80\x98\x1b[01m\x1b[Knew_node_ptr\x1b[m\x1b[K\xe2\x80\x99 [\x1b[01;35m\x1b[K\x1b]8;;https://gcc.gnu.org/onlinedocs/gcc/Warning-Options.html#index-Wunused-variable\x07-Wunused-variable\x1b]8;;\x07\x1b[m\x1b[K]\n'}
[18.675685] (fastlio2) StderrLine: {'line': b'  231 |     KD_TREE_NODE *father_ptr, **\x1b[01;35m\x1b[Knew_node_ptr\x1b[m\x1b[K;\n'}
[18.675777] (fastlio2) StderrLine: {'line': b'      |                                 \x1b[01;35m\x1b[K^~~~~~~~~~~~\x1b[m\x1b[K\n'}
[18.679078] (fastlio2) StderrLine: {'line': b'/home/haiboliu/project/vln/localization/src/fastlio2/fastlio2/src/map_builder/ikd_Tree.cpp: In instantiation of \xe2\x80\x98\x1b[01m\x1b[Kvoid KD_TREE<PointType>::Rebuild(KD_TREE<PointType>::KD_TREE_NODE**) [with PointType = pcl::PointXYZINormal]\x1b[m\x1b[K\xe2\x80\x99:\n'}
[18.679452] (fastlio2) StderrLine: {'line': b'\x1b[01m\x1b[K/home/haiboliu/project/vln/localization/src/fastlio2/fastlio2/src/map_builder/ikd_Tree.cpp:1732:16:\x1b[m\x1b[K   required from here\n'}
[18.679577] (fastlio2) StderrLine: {'line': b'\x1b[01m\x1b[K/home/haiboliu/project/vln/localization/src/fastlio2/fastlio2/src/map_builder/ikd_Tree.cpp:751:13:\x1b[m\x1b[K \x1b[01;35m\x1b[Kwarning: \x1b[m\x1b[Kunused variable \xe2\x80\x98\x1b[01m\x1b[Ksize_rec\x1b[m\x1b[K\xe2\x80\x99 [\x1b[01;35m\x1b[K\x1b]8;;https://gcc.gnu.org/onlinedocs/gcc/Warning-Options.html#index-Wunused-variable\x07-Wunused-variable\x1b]8;;\x07\x1b[m\x1b[K]\n'}
[18.679685] (fastlio2) StderrLine: {'line': b'  751 |         int \x1b[01;35m\x1b[Ksize_rec\x1b[m\x1b[K = (*root)->TreeSize;\n'}
[18.679785] (fastlio2) StderrLine: {'line': b'      |             \x1b[01;35m\x1b[K^~~~~~~~\x1b[m\x1b[K\n'}
[18.683269] (fastlio2) StderrLine: {'line': b'/home/haiboliu/project/vln/localization/src/fastlio2/fastlio2/src/map_builder/ikd_Tree.cpp: In instantiation of \xe2\x80\x98\x1b[01m\x1b[Kint KD_TREE<PointType>::Delete_by_range(KD_TREE<PointType>::KD_TREE_NODE**, BoxPointType, bool, bool) [with PointType = pcl::PointXYZINormal]\x1b[m\x1b[K\xe2\x80\x99:\n'}
[18.683613] (fastlio2) StderrLine: {'line': b'\x1b[01m\x1b[K/home/haiboliu/project/vln/localization/src/fastlio2/fastlio2/src/map_builder/ikd_Tree.cpp:1732:16:\x1b[m\x1b[K   required from here\n'}
[18.683759] (fastlio2) StderrLine: {'line': b'\x1b[01m\x1b[K/home/haiboliu/project/vln/localization/src/fastlio2/fastlio2/src/map_builder/ikd_Tree.cpp:802:21:\x1b[m\x1b[K \x1b[01;35m\x1b[Kwarning: \x1b[m\x1b[Kunused variable \xe2\x80\x98\x1b[01m\x1b[KTimeout\x1b[m\x1b[K\xe2\x80\x99 [\x1b[01;35m\x1b[K\x1b]8;;https://gcc.gnu.org/onlinedocs/gcc/Warning-Options.html#index-Wunused-variable\x07-Wunused-variable\x1b]8;;\x07\x1b[m\x1b[K]\n'}
[18.683853] (fastlio2) StderrLine: {'line': b'  802 |     struct timespec \x1b[01;35m\x1b[KTimeout\x1b[m\x1b[K;\n'}
[18.683942] (fastlio2) StderrLine: {'line': b'      |                     \x1b[01;35m\x1b[K^~~~~~~\x1b[m\x1b[K\n'}
[18.684032] (fastlio2) StderrLine: {'line': b'/home/haiboliu/project/vln/localization/src/fastlio2/fastlio2/src/map_builder/ikd_Tree.cpp: In instantiation of \xe2\x80\x98\x1b[01m\x1b[Kvoid KD_TREE<PointType>::Delete_by_point(KD_TREE<PointType>::KD_TREE_NODE**, PointType, bool) [with PointType = pcl::PointXYZINormal]\x1b[m\x1b[K\xe2\x80\x99:\n'}
[18.684125] (fastlio2) StderrLine: {'line': b'\x1b[01m\x1b[K/home/haiboliu/project/vln/localization/src/fastlio2/fastlio2/src/map_builder/ikd_Tree.cpp:1732:16:\x1b[m\x1b[K   required from here\n'}
[18.684256] (fastlio2) StderrLine: {'line': b'\x1b[01m\x1b[K/home/haiboliu/project/vln/localization/src/fastlio2/fastlio2/src/map_builder/ikd_Tree.cpp:867:21:\x1b[m\x1b[K \x1b[01;35m\x1b[Kwarning: \x1b[m\x1b[Kunused variable \xe2\x80\x98\x1b[01m\x1b[KTimeout\x1b[m\x1b[K\xe2\x80\x99 [\x1b[01;35m\x1b[K\x1b]8;;https://gcc.gnu.org/onlinedocs/gcc/Warning-Options.html#index-Wunused-variable\x07-Wunused-variable\x1b]8;;\x07\x1b[m\x1b[K]\n'}
[18.684353] (fastlio2) StderrLine: {'line': b'  867 |     struct timespec \x1b[01;35m\x1b[KTimeout\x1b[m\x1b[K;\n'}
[18.684462] (fastlio2) StderrLine: {'line': b'      |                     \x1b[01;35m\x1b[K^~~~~~~\x1b[m\x1b[K\n'}
[18.684729] (fastlio2) StderrLine: {'line': b'/home/haiboliu/project/vln/localization/src/fastlio2/fastlio2/src/map_builder/ikd_Tree.cpp: In instantiation of \xe2\x80\x98\x1b[01m\x1b[Kvoid KD_TREE<PointType>::Add_by_point(KD_TREE<PointType>::KD_TREE_NODE**, PointType, bool, int) [with PointType = pcl::PointXYZINormal]\x1b[m\x1b[K\xe2\x80\x99:\n'}
[18.685025] (fastlio2) StderrLine: {'line': b'\x1b[01m\x1b[K/home/haiboliu/project/vln/localization/src/fastlio2/fastlio2/src/map_builder/ikd_Tree.cpp:1732:16:\x1b[m\x1b[K   required from here\n'}
[18.685147] (fastlio2) StderrLine: {'line': b'\x1b[01m\x1b[K/home/haiboliu/project/vln/localization/src/fastlio2/fastlio2/src/map_builder/ikd_Tree.cpp:1006:21:\x1b[m\x1b[K \x1b[01;35m\x1b[Kwarning: \x1b[m\x1b[Kunused variable \xe2\x80\x98\x1b[01m\x1b[KTimeout\x1b[m\x1b[K\xe2\x80\x99 [\x1b[01;35m\x1b[K\x1b]8;;https://gcc.gnu.org/onlinedocs/gcc/Warning-Options.html#index-Wunused-variable\x07-Wunused-variable\x1b]8;;\x07\x1b[m\x1b[K]\n'}
[18.685287] (fastlio2) StderrLine: {'line': b' 1006 |     struct timespec \x1b[01;35m\x1b[KTimeout\x1b[m\x1b[K;\n'}
[18.685384] (fastlio2) StderrLine: {'line': b'      |                     \x1b[01;35m\x1b[K^~~~~~~\x1b[m\x1b[K\n'}
[18.689308] (fastlio2) StderrLine: {'line': b'/home/haiboliu/project/vln/localization/src/fastlio2/fastlio2/src/map_builder/ikd_Tree.cpp: In instantiation of \xe2\x80\x98\x1b[01m\x1b[Kvoid KD_TREE<PointType>::Add_by_range(KD_TREE<PointType>::KD_TREE_NODE**, BoxPointType, bool) [with PointType = pcl::PointXYZINormal]\x1b[m\x1b[K\xe2\x80\x99:\n'}
[18.689648] (fastlio2) StderrLine: {'line': b'\x1b[01m\x1b[K/home/haiboliu/project/vln/localization/src/fastlio2/fastlio2/src/map_builder/ikd_Tree.cpp:1732:16:\x1b[m\x1b[K   required from here\n'}
[18.689791] (fastlio2) StderrLine: {'line': b'\x1b[01m\x1b[K/home/haiboliu/project/vln/localization/src/fastlio2/fastlio2/src/map_builder/ikd_Tree.cpp:946:21:\x1b[m\x1b[K \x1b[01;35m\x1b[Kwarning: \x1b[m\x1b[Kunused variable \xe2\x80\x98\x1b[01m\x1b[KTimeout\x1b[m\x1b[K\xe2\x80\x99 [\x1b[01;35m\x1b[K\x1b]8;;https://gcc.gnu.org/onlinedocs/gcc/Warning-Options.html#index-Wunused-variable\x07-Wunused-variable\x1b]8;;\x07\x1b[m\x1b[K]\n'}
[18.689903] (fastlio2) StderrLine: {'line': b'  946 |     struct timespec \x1b[01;35m\x1b[KTimeout\x1b[m\x1b[K;\n'}
[18.689986] (fastlio2) StderrLine: {'line': b'      |                     \x1b[01;35m\x1b[K^~~~~~~\x1b[m\x1b[K\n'}
[18.690079] (fastlio2) StderrLine: {'line': b'/home/haiboliu/project/vln/localization/src/fastlio2/fastlio2/src/map_builder/ikd_Tree.cpp: In instantiation of \xe2\x80\x98\x1b[01m\x1b[Kvoid KD_TREE<PointType>::Search(KD_TREE<PointType>::KD_TREE_NODE*, int, PointType, KD_TREE<PointType>::MANUAL_HEAP&, float) [with PointType = pcl::PointXYZINormal]\x1b[m\x1b[K\xe2\x80\x99:\n'}
[18.690165] (fastlio2) StderrLine: {'line': b'\x1b[01m\x1b[K/home/haiboliu/project/vln/localization/src/fastlio2/fastlio2/src/map_builder/ikd_Tree.cpp:1732:16:\x1b[m\x1b[K   required from here\n'}
[18.690619] (fastlio2) StderrLine: {'line': b'\x1b[01m\x1b[K/home/haiboliu/project/vln/localization/src/fastlio2/fastlio2/src/map_builder/ikd_Tree.cpp:1097:63:\x1b[m\x1b[K \x1b[01;35m\x1b[Kwarning: \x1b[m\x1b[Ksuggest parentheses around \xe2\x80\x98\x1b[01m\x1b[K&&\x1b[m\x1b[K\xe2\x80\x99 within \xe2\x80\x98\x1b[01m\x1b[K||\x1b[m\x1b[K\xe2\x80\x99 [\x1b[01;35m\x1b[K\x1b]8;;https://gcc.gnu.org/onlinedocs/gcc/Warning-Options.html#index-Wparentheses\x07-Wparentheses\x1b]8;;\x07\x1b[m\x1b[K]\n'}
[18.690767] (fastlio2) StderrLine: {'line': b' 1097 |     if (q.size() < k_nearest || \x1b[01;35m\x1b[Kdist_left_node < q.top().dist && dist_right_node < q.top().dist\x1b[m\x1b[K)\n'}
[18.690855] (fastlio2) StderrLine: {'line': b'      |                                 \x1b[01;35m\x1b[K~~~~~~~~~~~~~~~~~~~~~~~~~~~~~~^~~~~~~~~~~~~~~~~~~~~~~~~~~~~~~~~\x1b[m\x1b[K\n'}
[18.690934] (fastlio2) StderrLine: {'line': b'\x1b[01m\x1b[K/home/haiboliu/project/vln/localization/src/fastlio2/fastlio2/src/map_builder/ikd_Tree.cpp:1094:9:\x1b[m\x1b[K \x1b[01;35m\x1b[Kwarning: \x1b[m\x1b[Kunused variable \xe2\x80\x98\x1b[01m\x1b[Kcur_search_counter\x1b[m\x1b[K\xe2\x80\x99 [\x1b[01;35m\x1b[K\x1b]8;;https://gcc.gnu.org/onlinedocs/gcc/Warning-Options.html#index-Wunused-variable\x07-Wunused-variable\x1b]8;;\x07\x1b[m\x1b[K]\n'}
[18.691053] (fastlio2) StderrLine: {'line': b' 1094 |     int \x1b[01;35m\x1b[Kcur_search_counter\x1b[m\x1b[K;\n'}
[18.691135] (fastlio2) StderrLine: {'line': b'      |         \x1b[01;35m\x1b[K^~~~~~~~~~~~~~~~~~\x1b[m\x1b[K\n'}
[18.705277] (fastlio2) StderrLine: {'line': b'/home/haiboliu/project/vln/localization/src/fastlio2/fastlio2/src/map_builder/ikd_Tree.cpp: In instantiation of \xe2\x80\x98\x1b[01m\x1b[Kint KD_TREE<PointType>::Add_Points(KD_TREE<PointType>::PointVector&, bool) [with PointType = pcl::PointXYZINormal; KD_TREE<PointType>::PointVector = std::vector<pcl::PointXYZINormal, Eigen::aligned_allocator<pcl::PointXYZINormal> >]\x1b[m\x1b[K\xe2\x80\x99:\n'}
[18.705684] (fastlio2) StderrLine: {'line': b'\x1b[01m\x1b[K/home/haiboliu/project/vln/localization/src/fastlio2/fastlio2/src/map_builder/ikd_Tree.cpp:1732:16:\x1b[m\x1b[K   required from here\n'}
[18.705805] (fastlio2) StderrLine: {'line': b'\x1b[01m\x1b[K/home/haiboliu/project/vln/localization/src/fastlio2/fastlio2/src/map_builder/ikd_Tree.cpp:485:23:\x1b[m\x1b[K \x1b[01;35m\x1b[Kwarning: \x1b[m\x1b[Kcomparison of integer expressions of different signedness: \xe2\x80\x98\x1b[01m\x1b[Kint\x1b[m\x1b[K\xe2\x80\x99 and \xe2\x80\x98\x1b[01m\x1b[Kstd::vector<pcl::PointXYZINormal, Eigen::aligned_allocator<pcl::PointXYZINormal> >::size_type\x1b[m\x1b[K\xe2\x80\x99 {aka \xe2\x80\x98\x1b[01m\x1b[Klong unsigned int\x1b[m\x1b[K\xe2\x80\x99} [\x1b[01;35m\x1b[K\x1b]8;;https://gcc.gnu.org/onlinedocs/gcc/Warning-Options.html#index-Wsign-compare\x07-Wsign-compare\x1b]8;;\x07\x1b[m\x1b[K]\n'}
[18.705911] (fastlio2) StderrLine: {'line': b'  485 |     for (int i = 0; \x1b[01;35m\x1b[Ki < PointToAdd.size()\x1b[m\x1b[K; i++)\n'}
[18.705996] (fastlio2) StderrLine: {'line': b'      |                     \x1b[01;35m\x1b[K~~^~~~~~~~~~~~~~~~~~~\x1b[m\x1b[K\n'}
[18.709283] (fastlio2) StderrLine: {'line': b'\x1b[01m\x1b[K/home/haiboliu/project/vln/localization/src/fastlio2/fastlio2/src/map_builder/ikd_Tree.cpp:502:39:\x1b[m\x1b[K \x1b[01;35m\x1b[Kwarning: \x1b[m\x1b[Kcomparison of integer expressions of different signedness: \xe2\x80\x98\x1b[01m\x1b[Kint\x1b[m\x1b[K\xe2\x80\x99 and \xe2\x80\x98\x1b[01m\x1b[Kstd::vector<pcl::PointXYZINormal, Eigen::aligned_allocator<pcl::PointXYZINormal> >::size_type\x1b[m\x1b[K\xe2\x80\x99 {aka \xe2\x80\x98\x1b[01m\x1b[Klong unsigned int\x1b[m\x1b[K\xe2\x80\x99} [\x1b[01;35m\x1b[K\x1b]8;;https://gcc.gnu.org/onlinedocs/gcc/Warning-Options.html#index-Wsign-compare\x07-Wsign-compare\x1b]8;;\x07\x1b[m\x1b[K]\n'}
[18.709662] (fastlio2) StderrLine: {'line': b'  502 |             for (int index = 0; \x1b[01;35m\x1b[Kindex < Downsample_Storage.size()\x1b[m\x1b[K; index++)\n'}
[18.709785] (fastlio2) StderrLine: {'line': b'      |                                 \x1b[01;35m\x1b[K~~~~~~^~~~~~~~~~~~~~~~~~~~~~~~~~~\x1b[m\x1b[K\n'}
[18.709882] (fastlio2) StderrLine: {'line': b'\x1b[01m\x1b[K/home/haiboliu/project/vln/localization/src/fastlio2/fastlio2/src/map_builder/ikd_Tree.cpp:478:9:\x1b[m\x1b[K \x1b[01;35m\x1b[Kwarning: \x1b[m\x1b[Kunused variable \xe2\x80\x98\x1b[01m\x1b[KNewPointSize\x1b[m\x1b[K\xe2\x80\x99 [\x1b[01;35m\x1b[K\x1b]8;;https://gcc.gnu.org/onlinedocs/gcc/Warning-Options.html#index-Wunused-variable\x07-Wunused-variable\x1b]8;;\x07\x1b[m\x1b[K]\n'}
[18.710006] (fastlio2) StderrLine: {'line': b'  478 |     int \x1b[01;35m\x1b[KNewPointSize\x1b[m\x1b[K = PointToAdd.size();\n'}
[18.710118] (fastlio2) StderrLine: {'line': b'      |         \x1b[01;35m\x1b[K^~~~~~~~~~~~\x1b[m\x1b[K\n'}
[18.710451] (fastlio2) StderrLine: {'line': b'\x1b[01m\x1b[K/home/haiboliu/project/vln/localization/src/fastlio2/fastlio2/src/map_builder/ikd_Tree.cpp:479:9:\x1b[m\x1b[K \x1b[01;35m\x1b[Kwarning: \x1b[m\x1b[Kunused variable \xe2\x80\x98\x1b[01m\x1b[Ktree_size\x1b[m\x1b[K\xe2\x80\x99 [\x1b[01;35m\x1b[K\x1b]8;;https://gcc.gnu.org/onlinedocs/gcc/Warning-Options.html#index-Wunused-variable\x07-Wunused-variable\x1b]8;;\x07\x1b[m\x1b[K]\n'}
[18.710637] (fastlio2) StderrLine: {'line': b'  479 |     int \x1b[01;35m\x1b[Ktree_size\x1b[m\x1b[K = size();\n'}
[18.710750] (fastlio2) StderrLine: {'line': b'      |         \x1b[01;35m\x1b[K^~~~~~~~~\x1b[m\x1b[K\n'}
[18.710836] (fastlio2) StderrLine: {'line': b'/home/haiboliu/project/vln/localization/src/fastlio2/fastlio2/src/map_builder/ikd_Tree.cpp: In instantiation of \xe2\x80\x98\x1b[01m\x1b[Kvoid KD_TREE<PointType>::Add_Point_Boxes(std::vector<BoxPointType>&) [with PointType = pcl::PointXYZINormal]\x1b[m\x1b[K\xe2\x80\x99:\n'}
[18.710927] (fastlio2) StderrLine: {'line': b'\x1b[01m\x1b[K/home/haiboliu/project/vln/localization/src/fastlio2/fastlio2/src/map_builder/ikd_Tree.cpp:1732:16:\x1b[m\x1b[K   required from here\n'}
[18.711026] (fastlio2) StderrLine: {'line': b'\x1b[01m\x1b[K/home/haiboliu/project/vln/localization/src/fastlio2/fastlio2/src/map_builder/ikd_Tree.cpp:576:23:\x1b[m\x1b[K \x1b[01;35m\x1b[Kwarning: \x1b[m\x1b[Kcomparison of integer expressions of different signedness: \xe2\x80\x98\x1b[01m\x1b[Kint\x1b[m\x1b[K\xe2\x80\x99 and \xe2\x80\x98\x1b[01m\x1b[Kstd::vector<BoxPointType>::size_type\x1b[m\x1b[K\xe2\x80\x99 {aka \xe2\x80\x98\x1b[01m\x1b[Klong unsigned int\x1b[m\x1b[K\xe2\x80\x99} [\x1b[01;35m\x1b[K\x1b]8;;https://gcc.gnu.org/onlinedocs/gcc/Warning-Options.html#index-Wsign-compare\x07-Wsign-compare\x1b]8;;\x07\x1b[m\x1b[K]\n'}
[18.711130] (fastlio2) StderrLine: {'line': b'  576 |     for (int i = 0; \x1b[01;35m\x1b[Ki < BoxPoints.size()\x1b[m\x1b[K; i++)\n'}
[18.711509] (fastlio2) StderrLine: {'line': b'      |                     \x1b[01;35m\x1b[K~~^~~~~~~~~~~~~~~~~~\x1b[m\x1b[K\n'}
[18.711633] (fastlio2) StderrLine: {'line': b'/home/haiboliu/project/vln/localization/src/fastlio2/fastlio2/src/map_builder/ikd_Tree.cpp: In instantiation of \xe2\x80\x98\x1b[01m\x1b[Kvoid KD_TREE<PointType>::Delete_Points(KD_TREE<PointType>::PointVector&) [with PointType = pcl::PointXYZINormal; KD_TREE<PointType>::PointVector = std::vector<pcl::PointXYZINormal, Eigen::aligned_allocator<pcl::PointXYZINormal> >]\x1b[m\x1b[K\xe2\x80\x99:\n'}
[18.711753] (fastlio2) StderrLine: {'line': b'\x1b[01m\x1b[K/home/haiboliu/project/vln/localization/src/fastlio2/fastlio2/src/map_builder/ikd_Tree.cpp:1732:16:\x1b[m\x1b[K   required from here\n'}
[18.711847] (fastlio2) StderrLine: {'line': b'\x1b[01m\x1b[K/home/haiboliu/project/vln/localization/src/fastlio2/fastlio2/src/map_builder/ikd_Tree.cpp:604:23:\x1b[m\x1b[K \x1b[01;35m\x1b[Kwarning: \x1b[m\x1b[Kcomparison of integer expressions of different signedness: \xe2\x80\x98\x1b[01m\x1b[Kint\x1b[m\x1b[K\xe2\x80\x99 and \xe2\x80\x98\x1b[01m\x1b[Kstd::vector<pcl::PointXYZINormal, Eigen::aligned_allocator<pcl::PointXYZINormal> >::size_type\x1b[m\x1b[K\xe2\x80\x99 {aka \xe2\x80\x98\x1b[01m\x1b[Klong unsigned int\x1b[m\x1b[K\xe2\x80\x99} [\x1b[01;35m\x1b[K\x1b]8;;https://gcc.gnu.org/onlinedocs/gcc/Warning-Options.html#index-Wsign-compare\x07-Wsign-compare\x1b]8;;\x07\x1b[m\x1b[K]\n'}
[18.711946] (fastlio2) StderrLine: {'line': b'  604 |     for (int i = 0; \x1b[01;35m\x1b[Ki < PointToDel.size()\x1b[m\x1b[K; i++)\n'}
[18.712042] (fastlio2) StderrLine: {'line': b'      |                     \x1b[01;35m\x1b[K~~^~~~~~~~~~~~~~~~~~~\x1b[m\x1b[K\n'}
[18.712136] (fastlio2) StderrLine: {'line': b'/home/haiboliu/project/vln/localization/src/fastlio2/fastlio2/src/map_builder/ikd_Tree.cpp: In instantiation of \xe2\x80\x98\x1b[01m\x1b[Kint KD_TREE<PointType>::Delete_Point_Boxes(std::vector<BoxPointType>&) [with PointType = pcl::PointXYZINormal]\x1b[m\x1b[K\xe2\x80\x99:\n'}
[18.712282] (fastlio2) StderrLine: {'line': b'\x1b[01m\x1b[K/home/haiboliu/project/vln/localization/src/fastlio2/fastlio2/src/map_builder/ikd_Tree.cpp:1732:16:\x1b[m\x1b[K   required from here\n'}
[18.712383] (fastlio2) StderrLine: {'line': b'\x1b[01m\x1b[K/home/haiboliu/project/vln/localization/src/fastlio2/fastlio2/src/map_builder/ikd_Tree.cpp:633:23:\x1b[m\x1b[K \x1b[01;35m\x1b[Kwarning: \x1b[m\x1b[Kcomparison of integer expressions of different signedness: \xe2\x80\x98\x1b[01m\x1b[Kint\x1b[m\x1b[K\xe2\x80\x99 and \xe2\x80\x98\x1b[01m\x1b[Kstd::vector<BoxPointType>::size_type\x1b[m\x1b[K\xe2\x80\x99 {aka \xe2\x80\x98\x1b[01m\x1b[Klong unsigned int\x1b[m\x1b[K\xe2\x80\x99} [\x1b[01;35m\x1b[K\x1b]8;;https://gcc.gnu.org/onlinedocs/gcc/Warning-Options.html#index-Wsign-compare\x07-Wsign-compare\x1b]8;;\x07\x1b[m\x1b[K]\n'}
[18.712511] (fastlio2) StderrLine: {'line': b'  633 |     for (int i = 0; \x1b[01;35m\x1b[Ki < BoxPoints.size()\x1b[m\x1b[K; i++)\n'}
[18.712602] (fastlio2) StderrLine: {'line': b'      |                     \x1b[01;35m\x1b[K~~^~~~~~~~~~~~~~~~~~\x1b[m\x1b[K\n'}
[18.716306] (fastlio2) StderrLine: {'line': b'/home/haiboliu/project/vln/localization/src/fastlio2/fastlio2/src/map_builder/ikd_Tree.cpp: In instantiation of \xe2\x80\x98\x1b[01m\x1b[Kvoid KD_TREE<PointType>::acquire_removed_points(KD_TREE<PointType>::PointVector&) [with PointType = pcl::PointXYZINormal; KD_TREE<PointType>::PointVector = std::vector<pcl::PointXYZINormal, Eigen::aligned_allocator<pcl::PointXYZINormal> >]\x1b[m\x1b[K\xe2\x80\x99:\n'}
[18.716639] (fastlio2) StderrLine: {'line': b'\x1b[01m\x1b[K/home/haiboliu/project/vln/localization/src/fastlio2/fastlio2/src/map_builder/ikd_Tree.cpp:1732:16:\x1b[m\x1b[K   required from here\n'}
[18.716732] (fastlio2) StderrLine: {'line': b'\x1b[01m\x1b[K/home/haiboliu/project/vln/localization/src/fastlio2/fastlio2/src/map_builder/ikd_Tree.cpp:662:23:\x1b[m\x1b[K \x1b[01;35m\x1b[Kwarning: \x1b[m\x1b[Kcomparison of integer expressions of different signedness: \xe2\x80\x98\x1b[01m\x1b[Kint\x1b[m\x1b[K\xe2\x80\x99 and \xe2\x80\x98\x1b[01m\x1b[Kstd::vector<pcl::PointXYZINormal, Eigen::aligned_allocator<pcl::PointXYZINormal> >::size_type\x1b[m\x1b[K\xe2\x80\x99 {aka \xe2\x80\x98\x1b[01m\x1b[Klong unsigned int\x1b[m\x1b[K\xe2\x80\x99} [\x1b[01;35m\x1b[K\x1b]8;;https://gcc.gnu.org/onlinedocs/gcc/Warning-Options.html#index-Wsign-compare\x07-Wsign-compare\x1b]8;;\x07\x1b[m\x1b[K]\n'}
[18.716863] (fastlio2) StderrLine: {'line': b'  662 |     for (int i = 0; \x1b[01;35m\x1b[Ki < Points_deleted.size()\x1b[m\x1b[K; i++)\n'}
[18.716943] (fastlio2) StderrLine: {'line': b'      |                     \x1b[01;35m\x1b[K~~^~~~~~~~~~~~~~~~~~~~~~~\x1b[m\x1b[K\n'}
[18.717020] (fastlio2) StderrLine: {'line': b'\x1b[01m\x1b[K/home/haiboliu/project/vln/localization/src/fastlio2/fastlio2/src/map_builder/ikd_Tree.cpp:666:23:\x1b[m\x1b[K \x1b[01;35m\x1b[Kwarning: \x1b[m\x1b[Kcomparison of integer expressions of different signedness: \xe2\x80\x98\x1b[01m\x1b[Kint\x1b[m\x1b[K\xe2\x80\x99 and \xe2\x80\x98\x1b[01m\x1b[Kstd::vector<pcl::PointXYZINormal, Eigen::aligned_allocator<pcl::PointXYZINormal> >::size_type\x1b[m\x1b[K\xe2\x80\x99 {aka \xe2\x80\x98\x1b[01m\x1b[Klong unsigned int\x1b[m\x1b[K\xe2\x80\x99} [\x1b[01;35m\x1b[K\x1b]8;;https://gcc.gnu.org/onlinedocs/gcc/Warning-Options.html#index-Wsign-compare\x07-Wsign-compare\x1b]8;;\x07\x1b[m\x1b[K]\n'}
[18.717102] (fastlio2) StderrLine: {'line': b'  666 |     for (int i = 0; \x1b[01;35m\x1b[Ki < Multithread_Points_deleted.size()\x1b[m\x1b[K; i++)\n'}
[18.717207] (fastlio2) StderrLine: {'line': b'      |                     \x1b[01;35m\x1b[K~~^~~~~~~~~~~~~~~~~~~~~~~~~~~~~~~~~~~\x1b[m\x1b[K\n'}
[18.741483] (-) TimerEvent: {}
[18.842084] (-) TimerEvent: {}
[18.942689] (-) TimerEvent: {}
[19.044710] (-) TimerEvent: {}
[19.070379] (hba) StderrLine: {'line': b'gmake[1]: *** [CMakeFiles/Makefile2:137: CMakeFiles/hba_node.dir/all] Error 2\n'}
[19.070836] (hba) StderrLine: {'line': b'gmake: *** [Makefile:146: all] Error 2\n'}
[19.097016] (hba) CommandEnded: {'returncode': 2}
[19.109035] (hba) JobEnded: {'identifier': 'hba', 'rc': 2}
[19.144910] (-) TimerEvent: {}
[19.245589] (-) TimerEvent: {}
[19.346220] (-) TimerEvent: {}
[19.446849] (-) TimerEvent: {}
[19.549634] (-) TimerEvent: {}
[19.650286] (-) TimerEvent: {}
[19.750821] (-) TimerEvent: {}
[19.855127] (-) TimerEvent: {}
[19.955943] (-) TimerEvent: {}
[20.056666] (-) TimerEvent: {}
[20.157280] (-) TimerEvent: {}
[20.257819] (-) TimerEvent: {}
[20.361460] (-) TimerEvent: {}
[20.462139] (-) TimerEvent: {}
[20.563321] (-) TimerEvent: {}
[20.664313] (-) TimerEvent: {}
[20.764862] (-) TimerEvent: {}
[20.866323] (-) TimerEvent: {}
[20.966885] (-) TimerEvent: {}
[21.071338] (-) TimerEvent: {}
[21.171915] (-) TimerEvent: {}
[21.272524] (-) TimerEvent: {}
[21.334027] (pgo) StderrLine: {'line': b'\x1b[01m\x1b[K/home/haiboliu/project/vln/localization/src/fastlio2/pgo/src/utils/point_cloud_3d_to_2d_grid.cpp:\x1b[m\x1b[K In member function \xe2\x80\x98\x1b[01m\x1b[Kvoid utils::PointCloud3DTo2DGrid::convert(pcl::PointCloud<pcl::PointXYZI>::Ptr, const string&, const string&, float, float, float)\x1b[m\x1b[K\xe2\x80\x99:\n'}
[21.336528] (pgo) StderrLine: {'line': b"\x1b[01m\x1b[K/home/haiboliu/project/vln/localization/src/fastlio2/pgo/src/utils/point_cloud_3d_to_2d_grid.cpp:32:41:\x1b[m\x1b[K \x1b[01;35m\x1b[Kwarning: \x1b[m\x1b[Koverflow in conversion from \xe2\x80\x98\x1b[01m\x1b[Kint\x1b[m\x1b[K\xe2\x80\x99 to \xe2\x80\x98\x1b[01m\x1b[Kchar\x1b[m\x1b[K\xe2\x80\x99 changes value from \xe2\x80\x98\x1b[01m\x1b[K255\x1b[m\x1b[K\xe2\x80\x99 to \xe2\x80\x98\x1b[01m\x1b[K'\\37777777777'\x1b[m\x1b[K\xe2\x80\x99 [\x1b[01;35m\x1b[K\x1b]8;;https://gcc.gnu.org/onlinedocs/gcc/Warning-Options.html#index-Woverflow\x07-Woverflow\x1b]8;;\x07\x1b[m\x1b[K]\n"}
[21.336955] (pgo) StderrLine: {'line': b'   32 |   char occupied_value = 0, free_value = \x1b[01;35m\x1b[K255\x1b[m\x1b[K;\n'}
[21.337047] (pgo) StderrLine: {'line': b'      |                                         \x1b[01;35m\x1b[K^~~\x1b[m\x1b[K\n'}
[21.372737] (-) TimerEvent: {}
[21.411236] (pgo) StderrLine: {'line': b'\x1b[01m\x1b[K/home/haiboliu/project/vln/localization/src/fastlio2/pgo/src/utils/point_cloud_3d_to_2d_grid.cpp:50:14:\x1b[m\x1b[K \x1b[01;35m\x1b[Kwarning: \x1b[m\x1b[Kunused variable \xe2\x80\x98\x1b[01m\x1b[Kr_max\x1b[m\x1b[K\xe2\x80\x99 [\x1b[01;35m\x1b[K\x1b]8;;https://gcc.gnu.org/onlinedocs/gcc/Warning-Options.html#index-Wunused-variable\x07-Wunused-variable\x1b]8;;\x07\x1b[m\x1b[K]\n'}
[21.411818] (pgo) StderrLine: {'line': b'   50 |   const char \x1b[01;35m\x1b[Kr_max\x1b[m\x1b[K = (char)255;\n'}
[21.412153] (pgo) StderrLine: {'line': b'      |              \x1b[01;35m\x1b[K^~~~~\x1b[m\x1b[K\n'}
[21.412598] (pgo) StderrLine: {'line': b'\x1b[01m\x1b[K/home/haiboliu/project/vln/localization/src/fastlio2/pgo/src/utils/point_cloud_3d_to_2d_grid.cpp:51:14:\x1b[m\x1b[K \x1b[01;35m\x1b[Kwarning: \x1b[m\x1b[Kunused variable \xe2\x80\x98\x1b[01m\x1b[Kunknown\x1b[m\x1b[K\xe2\x80\x99 [\x1b[01;35m\x1b[K\x1b]8;;https://gcc.gnu.org/onlinedocs/gcc/Warning-Options.html#index-Wunused-variable\x07-Wunused-variable\x1b]8;;\x07\x1b[m\x1b[K]\n'}
[21.412974] (pgo) StderrLine: {'line': b'   51 |   const char \x1b[01;35m\x1b[Kunknown\x1b[m\x1b[K = (char)128;\n'}
[21.413293] (pgo) StderrLine: {'line': b'      |              \x1b[01;35m\x1b[K^~~~~~~\x1b[m\x1b[K\n'}
[21.472897] (-) TimerEvent: {}
[21.577644] (-) TimerEvent: {}
[21.678345] (-) TimerEvent: {}
[21.779002] (-) TimerEvent: {}
[21.865254] (pgo) StderrLine: {'line': b'\x1b[01m\x1b[K/home/haiboliu/project/vln/localization/src/fastlio2/pgo/src/utils/point_cloud_3d_to_2d_grid.cpp:\x1b[m\x1b[K In member function \xe2\x80\x98\x1b[01m\x1b[Kvoid utils::PointCloud3DTo2DGrid::convert(pcl::PointCloud<pcl::PointXYZI>::Ptr, const string&, const string&, float, float, float)\x1b[m\x1b[K\xe2\x80\x99:\n'}
[21.865644] (pgo) StderrLine: {'line': b"\x1b[01m\x1b[K/home/haiboliu/project/vln/localization/src/fastlio2/pgo/src/utils/point_cloud_3d_to_2d_grid.cpp:32:41:\x1b[m\x1b[K \x1b[01;35m\x1b[Kwarning: \x1b[m\x1b[Koverflow in conversion from \xe2\x80\x98\x1b[01m\x1b[Kint\x1b[m\x1b[K\xe2\x80\x99 to \xe2\x80\x98\x1b[01m\x1b[Kchar\x1b[m\x1b[K\xe2\x80\x99 changes value from \xe2\x80\x98\x1b[01m\x1b[K255\x1b[m\x1b[K\xe2\x80\x99 to \xe2\x80\x98\x1b[01m\x1b[K'\\37777777777'\x1b[m\x1b[K\xe2\x80\x99 [\x1b[01;35m\x1b[K\x1b]8;;https://gcc.gnu.org/onlinedocs/gcc/Warning-Options.html#index-Woverflow\x07-Woverflow\x1b]8;;\x07\x1b[m\x1b[K]\n"}
[21.865801] (pgo) StderrLine: {'line': b'   32 |   char occupied_value = 0, free_value = \x1b[01;35m\x1b[K255\x1b[m\x1b[K;\n'}
[21.865893] (pgo) StderrLine: {'line': b'      |                                         \x1b[01;35m\x1b[K^~~\x1b[m\x1b[K\n'}
[21.879240] (-) TimerEvent: {}
[21.935053] (pgo) StderrLine: {'line': b'\x1b[01m\x1b[K/home/haiboliu/project/vln/localization/src/fastlio2/pgo/src/utils/point_cloud_3d_to_2d_grid.cpp:50:14:\x1b[m\x1b[K \x1b[01;35m\x1b[Kwarning: \x1b[m\x1b[Kunused variable \xe2\x80\x98\x1b[01m\x1b[Kr_max\x1b[m\x1b[K\xe2\x80\x99 [\x1b[01;35m\x1b[K\x1b]8;;https://gcc.gnu.org/onlinedocs/gcc/Warning-Options.html#index-Wunused-variable\x07-Wunused-variable\x1b]8;;\x07\x1b[m\x1b[K]\n'}
[21.935437] (pgo) StderrLine: {'line': b'   50 |   const char \x1b[01;35m\x1b[Kr_max\x1b[m\x1b[K = (char)255;\n'}
[21.935569] (pgo) StderrLine: {'line': b'      |              \x1b[01;35m\x1b[K^~~~~\x1b[m\x1b[K\n'}
[21.935671] (pgo) StderrLine: {'line': b'\x1b[01m\x1b[K/home/haiboliu/project/vln/localization/src/fastlio2/pgo/src/utils/point_cloud_3d_to_2d_grid.cpp:51:14:\x1b[m\x1b[K \x1b[01;35m\x1b[Kwarning: \x1b[m\x1b[Kunused variable \xe2\x80\x98\x1b[01m\x1b[Kunknown\x1b[m\x1b[K\xe2\x80\x99 [\x1b[01;35m\x1b[K\x1b]8;;https://gcc.gnu.org/onlinedocs/gcc/Warning-Options.html#index-Wunused-variable\x07-Wunused-variable\x1b]8;;\x07\x1b[m\x1b[K]\n'}
[21.935779] (pgo) StderrLine: {'line': b'   51 |   const char \x1b[01;35m\x1b[Kunknown\x1b[m\x1b[K = (char)128;\n'}
[21.935875] (pgo) StderrLine: {'line': b'      |              \x1b[01;35m\x1b[K^~~~~~~\x1b[m\x1b[K\n'}
[21.982327] (-) TimerEvent: {}
[22.082909] (-) TimerEvent: {}
[22.183462] (-) TimerEvent: {}
[22.284016] (-) TimerEvent: {}
[22.384615] (-) TimerEvent: {}
[22.486593] (-) TimerEvent: {}
[22.587238] (-) TimerEvent: {}
[22.690589] (-) TimerEvent: {}
[22.791245] (-) TimerEvent: {}
[22.891856] (-) TimerEvent: {}
[22.992492] (-) TimerEvent: {}
[23.093096] (-) TimerEvent: {}
[23.197605] (-) TimerEvent: {}
[23.298297] (-) TimerEvent: {}
[23.398859] (-) TimerEvent: {}
[23.499473] (-) TimerEvent: {}
[23.600090] (-) TimerEvent: {}
[23.700707] (-) TimerEvent: {}
[23.802424] (-) TimerEvent: {}
[23.903412] (-) TimerEvent: {}
[24.004030] (-) TimerEvent: {}
[24.104804] (-) TimerEvent: {}
[24.206390] (-) TimerEvent: {}
[24.306969] (-) TimerEvent: {}
[24.407640] (-) TimerEvent: {}
[24.508523] (-) TimerEvent: {}
[24.609271] (-) TimerEvent: {}
[24.709950] (-) TimerEvent: {}
[24.810749] (-) TimerEvent: {}
[24.911434] (-) TimerEvent: {}
[25.012016] (-) TimerEvent: {}
[25.112603] (-) TimerEvent: {}
[25.213240] (-) TimerEvent: {}
[25.313832] (-) TimerEvent: {}
[25.414338] (-) TimerEvent: {}
[25.514887] (-) TimerEvent: {}
[25.615449] (-) TimerEvent: {}
[25.716013] (-) TimerEvent: {}
[25.816589] (-) TimerEvent: {}
[25.917134] (-) TimerEvent: {}
[26.017715] (-) TimerEvent: {}
[26.118314] (-) TimerEvent: {}
[26.218858] (-) TimerEvent: {}
[26.319447] (-) TimerEvent: {}
[26.419982] (-) TimerEvent: {}
[26.520552] (-) TimerEvent: {}
[26.621072] (-) TimerEvent: {}
[26.721652] (-) TimerEvent: {}
[26.822174] (-) TimerEvent: {}
[26.922725] (-) TimerEvent: {}
[27.023280] (-) TimerEvent: {}
[27.123776] (-) TimerEvent: {}
[27.224308] (-) TimerEvent: {}
[27.324799] (-) TimerEvent: {}
[27.425309] (-) TimerEvent: {}
[27.525918] (-) TimerEvent: {}
[27.626436] (-) TimerEvent: {}
[27.726940] (-) TimerEvent: {}
[27.827498] (-) TimerEvent: {}
[27.928024] (-) TimerEvent: {}
[28.028570] (-) TimerEvent: {}
[28.129118] (-) TimerEvent: {}
[28.229686] (-) TimerEvent: {}
[28.330211] (-) TimerEvent: {}
[28.430715] (-) TimerEvent: {}
[28.531247] (-) TimerEvent: {}
[28.631743] (-) TimerEvent: {}
[28.732306] (-) TimerEvent: {}
[28.832823] (-) TimerEvent: {}
[28.933307] (-) TimerEvent: {}
[29.033816] (-) TimerEvent: {}
[29.134381] (-) TimerEvent: {}
[29.234916] (-) TimerEvent: {}
[29.335485] (-) TimerEvent: {}
[29.436065] (-) TimerEvent: {}
[29.536680] (-) TimerEvent: {}
[29.637241] (-) TimerEvent: {}
[29.737746] (-) TimerEvent: {}
[29.835318] (pgo) StdoutLine: {'line': b'[ 86%] \x1b[32m\x1b[1mLinking CXX executable tools_3d_to_2d_gridmap\x1b[0m\n'}
[29.837921] (-) TimerEvent: {}
[29.938443] (-) TimerEvent: {}
[30.038971] (-) TimerEvent: {}
[30.139528] (-) TimerEvent: {}
[30.240027] (-) TimerEvent: {}
[30.340572] (-) TimerEvent: {}
[30.441045] (-) TimerEvent: {}
[30.541610] (-) TimerEvent: {}
[30.642149] (-) TimerEvent: {}
[30.742688] (-) TimerEvent: {}
[30.843227] (-) TimerEvent: {}
[30.943682] (-) TimerEvent: {}
[31.044173] (-) TimerEvent: {}
[31.124440] (pgo) StdoutLine: {'line': b'[ 86%] Built target tools_3d_to_2d_gridmap\n'}
[31.144322] (-) TimerEvent: {}
[31.244802] (-) TimerEvent: {}
[31.345299] (-) TimerEvent: {}
[31.445754] (-) TimerEvent: {}
[31.546265] (-) TimerEvent: {}
[31.646745] (-) TimerEvent: {}
[31.747322] (-) TimerEvent: {}
[31.847830] (-) TimerEvent: {}
[31.948340] (-) TimerEvent: {}
[32.048824] (-) TimerEvent: {}
[32.149314] (-) TimerEvent: {}
[32.249819] (-) TimerEvent: {}
[32.350335] (-) TimerEvent: {}
[32.450850] (-) TimerEvent: {}
[32.551466] (-) TimerEvent: {}
[32.651965] (-) TimerEvent: {}
[32.752514] (-) TimerEvent: {}
[32.853000] (-) TimerEvent: {}
[32.953518] (-) TimerEvent: {}
[33.054033] (-) TimerEvent: {}
[33.102826] (pgo) StdoutLine: {'line': b'[ 93%] \x1b[32m\x1b[1mLinking CXX executable occupancy_map_saver\x1b[0m\n'}
[33.154236] (-) TimerEvent: {}
[33.254733] (-) TimerEvent: {}
[33.355293] (-) TimerEvent: {}
[33.386421] (pgo) StdoutLine: {'line': b'[ 93%] Built target occupancy_map_saver\n'}
[33.455462] (-) TimerEvent: {}
[33.555972] (-) TimerEvent: {}
[33.656480] (-) TimerEvent: {}
[33.756968] (-) TimerEvent: {}
[33.857417] (-) TimerEvent: {}
[33.957874] (-) TimerEvent: {}
[34.058351] (-) TimerEvent: {}
[34.158848] (-) TimerEvent: {}
[34.259339] (-) TimerEvent: {}
[34.359836] (-) TimerEvent: {}
[34.460315] (-) TimerEvent: {}
[34.560769] (-) TimerEvent: {}
[34.661262] (-) TimerEvent: {}
[34.761723] (-) TimerEvent: {}
[34.862241] (-) TimerEvent: {}
[34.962710] (-) TimerEvent: {}
[35.063208] (-) TimerEvent: {}
[35.163669] (-) TimerEvent: {}
[35.264131] (-) TimerEvent: {}
[35.364612] (-) TimerEvent: {}
[35.465093] (-) TimerEvent: {}
[35.565678] (-) TimerEvent: {}
[35.666174] (-) TimerEvent: {}
[35.766698] (-) TimerEvent: {}
[35.867251] (-) TimerEvent: {}
[35.967727] (-) TimerEvent: {}
[36.068288] (-) TimerEvent: {}
[36.168805] (-) TimerEvent: {}
[36.269336] (-) TimerEvent: {}
[36.369816] (-) TimerEvent: {}
[36.470328] (-) TimerEvent: {}
[36.570855] (-) TimerEvent: {}
[36.671385] (-) TimerEvent: {}
[36.771925] (-) TimerEvent: {}
[36.872473] (-) TimerEvent: {}
[36.972968] (-) TimerEvent: {}
[37.073480] (-) TimerEvent: {}
[37.173993] (-) TimerEvent: {}
[37.274545] (-) TimerEvent: {}
[37.375056] (-) TimerEvent: {}
[37.475535] (-) TimerEvent: {}
[37.576003] (-) TimerEvent: {}
[37.676436] (-) TimerEvent: {}
[37.776941] (-) TimerEvent: {}
[37.877467] (-) TimerEvent: {}
[37.977948] (-) TimerEvent: {}
[38.078496] (-) TimerEvent: {}
[38.178973] (-) TimerEvent: {}
[38.279513] (-) TimerEvent: {}
[38.380032] (-) TimerEvent: {}
[38.480520] (-) TimerEvent: {}
[38.581032] (-) TimerEvent: {}
[38.681545] (-) TimerEvent: {}
[38.782054] (-) TimerEvent: {}
[38.882591] (-) TimerEvent: {}
[38.983033] (-) TimerEvent: {}
[39.083583] (-) TimerEvent: {}
[39.184083] (-) TimerEvent: {}
[39.284613] (-) TimerEvent: {}
[39.385153] (-) TimerEvent: {}
[39.485674] (-) TimerEvent: {}
[39.586210] (-) TimerEvent: {}
[39.686732] (-) TimerEvent: {}
[39.787236] (-) TimerEvent: {}
[39.887726] (-) TimerEvent: {}
[39.988238] (-) TimerEvent: {}
[40.088721] (-) TimerEvent: {}
[40.189171] (-) TimerEvent: {}
[40.289598] (-) TimerEvent: {}
[40.389999] (-) TimerEvent: {}
[40.490398] (-) TimerEvent: {}
[40.590786] (-) TimerEvent: {}
[40.691205] (-) TimerEvent: {}
[40.791601] (-) TimerEvent: {}
[40.891995] (-) TimerEvent: {}
[40.992414] (-) TimerEvent: {}
[41.092850] (-) TimerEvent: {}
[41.193331] (-) TimerEvent: {}
[41.293806] (-) TimerEvent: {}
[41.394291] (-) TimerEvent: {}
[41.494736] (-) TimerEvent: {}
[41.595197] (-) TimerEvent: {}
[41.695673] (-) TimerEvent: {}
[41.796199] (-) TimerEvent: {}
[41.896649] (-) TimerEvent: {}
[41.997114] (-) TimerEvent: {}
[42.097600] (-) TimerEvent: {}
[42.198072] (-) TimerEvent: {}
[42.298567] (-) TimerEvent: {}
[42.399022] (-) TimerEvent: {}
[42.499471] (-) TimerEvent: {}
[42.599926] (-) TimerEvent: {}
[42.700400] (-) TimerEvent: {}
[42.800844] (-) TimerEvent: {}
[42.901311] (-) TimerEvent: {}
[43.001773] (-) TimerEvent: {}
[43.102234] (-) TimerEvent: {}
[43.202696] (-) TimerEvent: {}
[43.303164] (-) TimerEvent: {}
[43.403668] (-) TimerEvent: {}
[43.504116] (-) TimerEvent: {}
[43.604592] (-) TimerEvent: {}
[43.705073] (-) TimerEvent: {}
[43.805536] (-) TimerEvent: {}
[43.905989] (-) TimerEvent: {}
[44.006502] (-) TimerEvent: {}
[44.106959] (-) TimerEvent: {}
[44.207435] (-) TimerEvent: {}
[44.307930] (-) TimerEvent: {}
[44.408436] (-) TimerEvent: {}
[44.508899] (-) TimerEvent: {}
[44.609368] (-) TimerEvent: {}
[44.709833] (-) TimerEvent: {}
[44.810295] (-) TimerEvent: {}
[44.910767] (-) TimerEvent: {}
[45.011268] (-) TimerEvent: {}
[45.111751] (-) TimerEvent: {}
[45.212257] (-) TimerEvent: {}
[45.312734] (-) TimerEvent: {}
[45.413233] (-) TimerEvent: {}
[45.513684] (-) TimerEvent: {}
[45.614161] (-) TimerEvent: {}
[45.714679] (-) TimerEvent: {}
[45.815156] (-) TimerEvent: {}
[45.915670] (-) TimerEvent: {}
[46.016161] (-) TimerEvent: {}
[46.116648] (-) TimerEvent: {}
[46.217121] (-) TimerEvent: {}
[46.317630] (-) TimerEvent: {}
[46.418100] (-) TimerEvent: {}
[46.518594] (-) TimerEvent: {}
[46.619055] (-) TimerEvent: {}
[46.719556] (-) TimerEvent: {}
[46.820003] (-) TimerEvent: {}
[46.920468] (-) TimerEvent: {}
[47.020916] (-) TimerEvent: {}
[47.121381] (-) TimerEvent: {}
[47.221787] (-) TimerEvent: {}
[47.322269] (-) TimerEvent: {}
[47.422698] (-) TimerEvent: {}
[47.523130] (-) TimerEvent: {}
[47.623574] (-) TimerEvent: {}
[47.724006] (-) TimerEvent: {}
[47.824448] (-) TimerEvent: {}
[47.924880] (-) TimerEvent: {}
[48.025315] (-) TimerEvent: {}
[48.125745] (-) TimerEvent: {}
[48.226199] (-) TimerEvent: {}
[48.326630] (-) TimerEvent: {}
[48.427046] (-) TimerEvent: {}
[48.527481] (-) TimerEvent: {}
[48.627913] (-) TimerEvent: {}
[48.728379] (-) TimerEvent: {}
[48.828785] (-) TimerEvent: {}
[48.929254] (-) TimerEvent: {}
[49.029650] (-) TimerEvent: {}
[49.130015] (-) TimerEvent: {}
[49.230461] (-) TimerEvent: {}
[49.330896] (-) TimerEvent: {}
[49.431321] (-) TimerEvent: {}
[49.531765] (-) TimerEvent: {}
[49.632237] (-) TimerEvent: {}
[49.732669] (-) TimerEvent: {}
[49.833112] (-) TimerEvent: {}
[49.933573] (-) TimerEvent: {}
[50.033980] (-) TimerEvent: {}
[50.134406] (-) TimerEvent: {}
[50.234811] (-) TimerEvent: {}
[50.335255] (-) TimerEvent: {}
[50.435689] (-) TimerEvent: {}
[50.536111] (-) TimerEvent: {}
[50.563933] (fastlio2) StderrLine: {'line': b'gmake[1]: *** [CMakeFiles/Makefile2:143: CMakeFiles/map_builder.dir/all] Error 2\n'}
[50.564421] (fastlio2) StderrLine: {'line': b'gmake: *** [Makefile:146: all] Error 2\n'}
[50.568629] (fastlio2) JobEnded: {'identifier': 'fastlio2', 'rc': 'SIGINT'}
[50.636489] (-) TimerEvent: {}
[50.737254] (-) TimerEvent: {}
[50.837836] (-) TimerEvent: {}
[50.938429] (-) TimerEvent: {}
[51.039018] (-) TimerEvent: {}
[51.139419] (-) TimerEvent: {}
[51.240278] (-) TimerEvent: {}
[51.340857] (-) TimerEvent: {}
[51.441657] (-) TimerEvent: {}
[51.542249] (-) TimerEvent: {}
[51.642974] (-) TimerEvent: {}
[51.743569] (-) TimerEvent: {}
[51.844275] (-) TimerEvent: {}
[51.944678] (-) TimerEvent: {}
[52.045051] (-) TimerEvent: {}
[52.145451] (-) TimerEvent: {}
[52.246243] (-) TimerEvent: {}
[52.346622] (-) TimerEvent: {}
[52.447003] (-) TimerEvent: {}
[52.547787] (-) TimerEvent: {}
[52.648190] (-) TimerEvent: {}
[52.748562] (-) TimerEvent: {}
[52.848947] (-) TimerEvent: {}
[52.949555] (-) TimerEvent: {}
[53.049946] (-) TimerEvent: {}
[53.150357] (-) TimerEvent: {}
[53.251119] (-) TimerEvent: {}
[53.351532] (-) TimerEvent: {}
[53.451911] (-) TimerEvent: {}
[53.552276] (-) TimerEvent: {}
[53.652650] (-) TimerEvent: {}
[53.738980] (localizer) StdoutLine: {'line': b'[100%] \x1b[32m\x1b[1mLinking CXX executable localizer_node\x1b[0m\n'}
[53.752795] (-) TimerEvent: {}
[53.853200] (-) TimerEvent: {}
[53.953604] (-) TimerEvent: {}
[54.054058] (-) TimerEvent: {}
[54.154520] (-) TimerEvent: {}
[54.254958] (-) TimerEvent: {}
[54.355386] (-) TimerEvent: {}
[54.455756] (-) TimerEvent: {}
[54.556205] (-) TimerEvent: {}
[54.656641] (-) TimerEvent: {}
[54.757231] (-) TimerEvent: {}
[54.845695] (localizer) StdoutLine: {'line': b'[100%] Built target localizer_node\n'}
[54.857369] (-) TimerEvent: {}
[54.860389] (localizer) JobEnded: {'identifier': 'localizer', 'rc': 'SIGINT'}
[54.957510] (-) TimerEvent: {}
[55.057872] (-) TimerEvent: {}
[55.158263] (-) TimerEvent: {}
[55.258638] (-) TimerEvent: {}
[55.359004] (-) TimerEvent: {}
[55.459401] (-) TimerEvent: {}
[55.559754] (-) TimerEvent: {}
[55.660120] (-) TimerEvent: {}
[55.760502] (-) TimerEvent: {}
[55.860865] (-) TimerEvent: {}
[55.961281] (-) TimerEvent: {}
[56.061650] (-) TimerEvent: {}
[56.162019] (-) TimerEvent: {}
[56.262411] (-) TimerEvent: {}
[56.362786] (-) TimerEvent: {}
[56.463160] (-) TimerEvent: {}
[56.563555] (-) TimerEvent: {}
[56.663919] (-) TimerEvent: {}
[56.764281] (-) TimerEvent: {}
[56.864639] (-) TimerEvent: {}
[56.965011] (-) TimerEvent: {}
[57.065399] (-) TimerEvent: {}
[57.165760] (-) TimerEvent: {}
[57.266124] (-) TimerEvent: {}
[57.366500] (-) TimerEvent: {}
[57.466872] (-) TimerEvent: {}
[57.567267] (-) TimerEvent: {}
[57.667661] (-) TimerEvent: {}
[57.768090] (-) TimerEvent: {}
[57.868769] (-) TimerEvent: {}
[57.898497] (pgo) StdoutLine: {'line': b'[100%] \x1b[32m\x1b[1mLinking CXX executable pgo_node\x1b[0m\n'}
[57.968926] (-) TimerEvent: {}
[58.069380] (-) TimerEvent: {}
[58.170048] (-) TimerEvent: {}
[58.270557] (-) TimerEvent: {}
[58.371011] (-) TimerEvent: {}
[58.471416] (-) TimerEvent: {}
[58.571860] (-) TimerEvent: {}
[58.672366] (-) TimerEvent: {}
[58.772854] (-) TimerEvent: {}
[58.873266] (-) TimerEvent: {}
[58.974038] (-) TimerEvent: {}
[59.074503] (-) TimerEvent: {}
[59.174915] (-) TimerEvent: {}
[59.275306] (-) TimerEvent: {}
[59.375688] (-) TimerEvent: {}
[59.463385] (pgo) StdoutLine: {'line': b'[100%] Built target pgo_node\n'}
[59.475817] (-) TimerEvent: {}
[59.477459] (pgo) JobEnded: {'identifier': 'pgo', 'rc': 'SIGINT'}
[59.488219] (-) EventReactorShutdown: {}
