[0.000000] (-) TimerEvent: {}
[0.000683] (interface) JobQueued: {'identifier': 'interface', 'dependencies': OrderedDict()}
[0.000954] (livox_ros_driver2) JobQueued: {'identifier': 'livox_ros_driver2', 'dependencies': OrderedDict()}
[0.001009] (fastlio2) JobQueued: {'identifier': 'fastlio2', 'dependencies': OrderedDict([('livox_ros_driver2', '/home/haiboliu/project/vln/localization/src/fastlio2/install/livox_ros_driver2')])}
[0.001059] (hba) JobQueued: {'identifier': 'hba', 'dependencies': OrderedDict([('interface', '/home/haiboliu/project/vln/localization/src/fastlio2/install/interface')])}
[0.001197] (localizer) JobQueued: {'identifier': 'localizer', 'dependencies': OrderedDict([('interface', '/home/haiboliu/project/vln/localization/src/fastlio2/install/interface')])}
[0.001283] (pgo) JobQueued: {'identifier': 'pgo', 'dependencies': OrderedDict([('interface', '/home/haiboliu/project/vln/localization/src/fastlio2/install/interface')])}
[0.001332] (interface) JobStarted: {'identifier': 'interface'}
[0.006011] (livox_ros_driver2) JobStarted: {'identifier': 'livox_ros_driver2'}
[0.009410] (interface) JobProgress: {'identifier': 'interface', 'progress': 'cmake'}
[0.010564] (interface) JobProgress: {'identifier': 'interface', 'progress': 'build'}
[0.010662] (interface) Command: {'cmd': ['/usr/bin/cmake', '--build', '/home/haiboliu/project/vln/localization/src/fastlio2/build/interface', '--', '-j16', '-l16'], 'cwd': '/home/haiboliu/project/vln/localization/src/fastlio2/build/interface', 'env': OrderedDict([('LESSOPEN', '| /usr/bin/lesspipe %s'), ('USER', 'haiboliu'), ('LC_TIME', 'zh_CN.UTF-8'), ('XDG_SESSION_TYPE', 'wayland'), ('SHLVL', '1'), ('LD_LIBRARY_PATH', '/opt/ros/humble/opt/rviz_ogre_vendor/lib:/opt/ros/humble/lib/x86_64-linux-gnu:/opt/ros/humble/lib'), ('HOME', '/home/haiboliu'), ('OLDPWD', '/home/haiboliu/project/vln/localization/src'), ('DESKTOP_SESSION', 'ubuntu'), ('ROS_PYTHON_VERSION', '3'), ('GNOME_SHELL_SESSION_MODE', 'ubuntu'), ('GTK_MODULES', 'gail:atk-bridge'), ('LC_MONETARY', 'zh_CN.UTF-8'), ('SYSTEMD_EXEC_PID', '1818'), ('DBUS_SESSION_BUS_ADDRESS', 'unix:path=/run/user/1001/bus'), ('COLORTERM', 'truecolor'), ('IM_CONFIG_PHASE', '1'), ('WAYLAND_DISPLAY', 'wayland-0'), ('ROS_DISTRO', 'humble'), ('LOGNAME', 'haiboliu'), ('_', '/usr/bin/colcon'), ('ROS_VERSION', '2'), ('XDG_SESSION_CLASS', 'user'), ('USERNAME', 'haiboliu'), ('TERM', 'xterm-256color'), ('GNOME_DESKTOP_SESSION_ID', 'this-is-deprecated'), ('ROS_LOCALHOST_ONLY', '0'), ('PATH', '/opt/ros/humble/bin:/usr/local/sbin:/usr/local/bin:/usr/sbin:/usr/bin:/sbin:/bin:/usr/games:/usr/local/games:/snap/bin:/snap/bin'), ('SESSION_MANAGER', 'local/CNBEDZPL210029:@/tmp/.ICE-unix/1790,unix/CNBEDZPL210029:/tmp/.ICE-unix/1790'), ('XDG_MENU_PREFIX', 'gnome-'), ('LC_ADDRESS', 'zh_CN.UTF-8'), ('GNOME_TERMINAL_SCREEN', '/org/gnome/Terminal/screen/f317baec_4654_4e46_9450_13a654dfa23f'), ('GNOME_SETUP_DISPLAY', ':1'), ('XDG_RUNTIME_DIR', '/run/user/1001'), ('DISPLAY', ':0'), ('LANG', 'en_US.UTF-8'), ('XDG_CURRENT_DESKTOP', 'ubuntu:GNOME'), ('LC_TELEPHONE', 'zh_CN.UTF-8'), ('XMODIFIERS', '@im=ibus'), ('XDG_SESSION_DESKTOP', 'ubuntu'), ('XAUTHORITY', '/run/user/1001/.mutter-Xwaylandauth.SZOGC3'), ('LS_COLORS', 'rs=0:di=01;34:ln=01;36:mh=00:pi=40;33:so=01;35:do=01;35:bd=40;33;01:cd=40;33;01:or=40;31;01:mi=00:su=37;41:sg=30;43:ca=30;41:tw=30;42:ow=34;42:st=37;44:ex=01;32:*.tar=01;31:*.tgz=01;31:*.arc=01;31:*.arj=01;31:*.taz=01;31:*.lha=01;31:*.lz4=01;31:*.lzh=01;31:*.lzma=01;31:*.tlz=01;31:*.txz=01;31:*.tzo=01;31:*.t7z=01;31:*.zip=01;31:*.z=01;31:*.dz=01;31:*.gz=01;31:*.lrz=01;31:*.lz=01;31:*.lzo=01;31:*.xz=01;31:*.zst=01;31:*.tzst=01;31:*.bz2=01;31:*.bz=01;31:*.tbz=01;31:*.tbz2=01;31:*.tz=01;31:*.deb=01;31:*.rpm=01;31:*.jar=01;31:*.war=01;31:*.ear=01;31:*.sar=01;31:*.rar=01;31:*.alz=01;31:*.ace=01;31:*.zoo=01;31:*.cpio=01;31:*.7z=01;31:*.rz=01;31:*.cab=01;31:*.wim=01;31:*.swm=01;31:*.dwm=01;31:*.esd=01;31:*.jpg=01;35:*.jpeg=01;35:*.mjpg=01;35:*.mjpeg=01;35:*.gif=01;35:*.bmp=01;35:*.pbm=01;35:*.pgm=01;35:*.ppm=01;35:*.tga=01;35:*.xbm=01;35:*.xpm=01;35:*.tif=01;35:*.tiff=01;35:*.png=01;35:*.svg=01;35:*.svgz=01;35:*.mng=01;35:*.pcx=01;35:*.mov=01;35:*.mpg=01;35:*.mpeg=01;35:*.m2v=01;35:*.mkv=01;35:*.webm=01;35:*.webp=01;35:*.ogm=01;35:*.mp4=01;35:*.m4v=01;35:*.mp4v=01;35:*.vob=01;35:*.qt=01;35:*.nuv=01;35:*.wmv=01;35:*.asf=01;35:*.rm=01;35:*.rmvb=01;35:*.flc=01;35:*.avi=01;35:*.fli=01;35:*.flv=01;35:*.gl=01;35:*.dl=01;35:*.xcf=01;35:*.xwd=01;35:*.yuv=01;35:*.cgm=01;35:*.emf=01;35:*.ogv=01;35:*.ogx=01;35:*.aac=00;36:*.au=00;36:*.flac=00;36:*.m4a=00;36:*.mid=00;36:*.midi=00;36:*.mka=00;36:*.mp3=00;36:*.mpc=00;36:*.ogg=00;36:*.ra=00;36:*.wav=00;36:*.oga=00;36:*.opus=00;36:*.spx=00;36:*.xspf=00;36:'), ('GNOME_TERMINAL_SERVICE', ':1.283'), ('SSH_AGENT_LAUNCHER', 'gnome-keyring'), ('SSH_AUTH_SOCK', '/run/user/1001/keyring/ssh'), ('AMENT_PREFIX_PATH', '/opt/ros/humble'), ('SHELL', '/bin/bash'), ('LC_NAME', 'zh_CN.UTF-8'), ('QT_ACCESSIBILITY', '1'), ('GDMSESSION', 'ubuntu'), ('LESSCLOSE', '/usr/bin/lesspipe %s %s'), ('LC_MEASUREMENT', 'zh_CN.UTF-8'), ('LC_IDENTIFICATION', 'zh_CN.UTF-8'), ('QT_IM_MODULE', 'ibus'), ('PWD', '/home/haiboliu/project/vln/localization/src/fastlio2/build/interface'), ('XDG_CONFIG_DIRS', '/etc/xdg/xdg-ubuntu:/etc/xdg'), ('XDG_DATA_DIRS', '/usr/share/ubuntu:/usr/local/share/:/usr/share/:/var/lib/snapd/desktop'), ('PYTHONPATH', '/opt/ros/humble/lib/python3.10/site-packages:/opt/ros/humble/local/lib/python3.10/dist-packages'), ('LC_NUMERIC', 'zh_CN.UTF-8'), ('LC_PAPER', 'zh_CN.UTF-8'), ('COLCON', '1'), ('VTE_VERSION', '6800'), ('CMAKE_PREFIX_PATH', '/opt/ros/humble')]), 'shell': False}
[0.014829] (livox_ros_driver2) JobProgress: {'identifier': 'livox_ros_driver2', 'progress': 'cmake'}
[0.015104] (livox_ros_driver2) JobProgress: {'identifier': 'livox_ros_driver2', 'progress': 'build'}
[0.016321] (livox_ros_driver2) Command: {'cmd': ['/usr/bin/cmake', '--build', '/home/haiboliu/project/vln/localization/src/fastlio2/build/livox_ros_driver2', '--', '-j16', '-l16'], 'cwd': '/home/haiboliu/project/vln/localization/src/fastlio2/build/livox_ros_driver2', 'env': OrderedDict([('LESSOPEN', '| /usr/bin/lesspipe %s'), ('USER', 'haiboliu'), ('LC_TIME', 'zh_CN.UTF-8'), ('XDG_SESSION_TYPE', 'wayland'), ('SHLVL', '1'), ('LD_LIBRARY_PATH', '/opt/ros/humble/opt/rviz_ogre_vendor/lib:/opt/ros/humble/lib/x86_64-linux-gnu:/opt/ros/humble/lib'), ('HOME', '/home/haiboliu'), ('OLDPWD', '/home/haiboliu/project/vln/localization/src'), ('DESKTOP_SESSION', 'ubuntu'), ('ROS_PYTHON_VERSION', '3'), ('GNOME_SHELL_SESSION_MODE', 'ubuntu'), ('GTK_MODULES', 'gail:atk-bridge'), ('LC_MONETARY', 'zh_CN.UTF-8'), ('SYSTEMD_EXEC_PID', '1818'), ('DBUS_SESSION_BUS_ADDRESS', 'unix:path=/run/user/1001/bus'), ('COLORTERM', 'truecolor'), ('IM_CONFIG_PHASE', '1'), ('WAYLAND_DISPLAY', 'wayland-0'), ('ROS_DISTRO', 'humble'), ('LOGNAME', 'haiboliu'), ('_', '/usr/bin/colcon'), ('ROS_VERSION', '2'), ('XDG_SESSION_CLASS', 'user'), ('USERNAME', 'haiboliu'), ('TERM', 'xterm-256color'), ('GNOME_DESKTOP_SESSION_ID', 'this-is-deprecated'), ('ROS_LOCALHOST_ONLY', '0'), ('PATH', '/opt/ros/humble/bin:/usr/local/sbin:/usr/local/bin:/usr/sbin:/usr/bin:/sbin:/bin:/usr/games:/usr/local/games:/snap/bin:/snap/bin'), ('SESSION_MANAGER', 'local/CNBEDZPL210029:@/tmp/.ICE-unix/1790,unix/CNBEDZPL210029:/tmp/.ICE-unix/1790'), ('XDG_MENU_PREFIX', 'gnome-'), ('LC_ADDRESS', 'zh_CN.UTF-8'), ('GNOME_TERMINAL_SCREEN', '/org/gnome/Terminal/screen/f317baec_4654_4e46_9450_13a654dfa23f'), ('GNOME_SETUP_DISPLAY', ':1'), ('XDG_RUNTIME_DIR', '/run/user/1001'), ('DISPLAY', ':0'), ('LANG', 'en_US.UTF-8'), ('XDG_CURRENT_DESKTOP', 'ubuntu:GNOME'), ('LC_TELEPHONE', 'zh_CN.UTF-8'), ('XMODIFIERS', '@im=ibus'), ('XDG_SESSION_DESKTOP', 'ubuntu'), ('XAUTHORITY', '/run/user/1001/.mutter-Xwaylandauth.SZOGC3'), ('LS_COLORS', 'rs=0:di=01;34:ln=01;36:mh=00:pi=40;33:so=01;35:do=01;35:bd=40;33;01:cd=40;33;01:or=40;31;01:mi=00:su=37;41:sg=30;43:ca=30;41:tw=30;42:ow=34;42:st=37;44:ex=01;32:*.tar=01;31:*.tgz=01;31:*.arc=01;31:*.arj=01;31:*.taz=01;31:*.lha=01;31:*.lz4=01;31:*.lzh=01;31:*.lzma=01;31:*.tlz=01;31:*.txz=01;31:*.tzo=01;31:*.t7z=01;31:*.zip=01;31:*.z=01;31:*.dz=01;31:*.gz=01;31:*.lrz=01;31:*.lz=01;31:*.lzo=01;31:*.xz=01;31:*.zst=01;31:*.tzst=01;31:*.bz2=01;31:*.bz=01;31:*.tbz=01;31:*.tbz2=01;31:*.tz=01;31:*.deb=01;31:*.rpm=01;31:*.jar=01;31:*.war=01;31:*.ear=01;31:*.sar=01;31:*.rar=01;31:*.alz=01;31:*.ace=01;31:*.zoo=01;31:*.cpio=01;31:*.7z=01;31:*.rz=01;31:*.cab=01;31:*.wim=01;31:*.swm=01;31:*.dwm=01;31:*.esd=01;31:*.jpg=01;35:*.jpeg=01;35:*.mjpg=01;35:*.mjpeg=01;35:*.gif=01;35:*.bmp=01;35:*.pbm=01;35:*.pgm=01;35:*.ppm=01;35:*.tga=01;35:*.xbm=01;35:*.xpm=01;35:*.tif=01;35:*.tiff=01;35:*.png=01;35:*.svg=01;35:*.svgz=01;35:*.mng=01;35:*.pcx=01;35:*.mov=01;35:*.mpg=01;35:*.mpeg=01;35:*.m2v=01;35:*.mkv=01;35:*.webm=01;35:*.webp=01;35:*.ogm=01;35:*.mp4=01;35:*.m4v=01;35:*.mp4v=01;35:*.vob=01;35:*.qt=01;35:*.nuv=01;35:*.wmv=01;35:*.asf=01;35:*.rm=01;35:*.rmvb=01;35:*.flc=01;35:*.avi=01;35:*.fli=01;35:*.flv=01;35:*.gl=01;35:*.dl=01;35:*.xcf=01;35:*.xwd=01;35:*.yuv=01;35:*.cgm=01;35:*.emf=01;35:*.ogv=01;35:*.ogx=01;35:*.aac=00;36:*.au=00;36:*.flac=00;36:*.m4a=00;36:*.mid=00;36:*.midi=00;36:*.mka=00;36:*.mp3=00;36:*.mpc=00;36:*.ogg=00;36:*.ra=00;36:*.wav=00;36:*.oga=00;36:*.opus=00;36:*.spx=00;36:*.xspf=00;36:'), ('GNOME_TERMINAL_SERVICE', ':1.283'), ('SSH_AGENT_LAUNCHER', 'gnome-keyring'), ('SSH_AUTH_SOCK', '/run/user/1001/keyring/ssh'), ('AMENT_PREFIX_PATH', '/opt/ros/humble'), ('SHELL', '/bin/bash'), ('LC_NAME', 'zh_CN.UTF-8'), ('QT_ACCESSIBILITY', '1'), ('GDMSESSION', 'ubuntu'), ('LESSCLOSE', '/usr/bin/lesspipe %s %s'), ('LC_MEASUREMENT', 'zh_CN.UTF-8'), ('LC_IDENTIFICATION', 'zh_CN.UTF-8'), ('QT_IM_MODULE', 'ibus'), ('PWD', '/home/haiboliu/project/vln/localization/src/fastlio2/build/livox_ros_driver2'), ('XDG_CONFIG_DIRS', '/etc/xdg/xdg-ubuntu:/etc/xdg'), ('XDG_DATA_DIRS', '/usr/share/ubuntu:/usr/local/share/:/usr/share/:/var/lib/snapd/desktop'), ('PYTHONPATH', '/opt/ros/humble/lib/python3.10/site-packages:/opt/ros/humble/local/lib/python3.10/dist-packages'), ('LC_NUMERIC', 'zh_CN.UTF-8'), ('LC_PAPER', 'zh_CN.UTF-8'), ('COLCON', '1'), ('VTE_VERSION', '6800'), ('CMAKE_PREFIX_PATH', '/opt/ros/humble')]), 'shell': False}
[0.065365] (livox_ros_driver2) StdoutLine: {'line': b'\x1b[35m\x1b[1mConsolidate compiler generated dependencies of target livox_ros_driver2__rosidl_generator_c\x1b[0m\n'}
[0.065888] (interface) StdoutLine: {'line': b'\x1b[35m\x1b[1mConsolidate compiler generated dependencies of target interface__rosidl_generator_c\x1b[0m\n'}
[0.076603] (interface) StdoutLine: {'line': b'[  1%] Built target interface__cpp\n'}
[0.076881] (livox_ros_driver2) StdoutLine: {'line': b'[  2%] Built target livox_ros_driver2__cpp\n'}
[0.080540] (livox_ros_driver2) StdoutLine: {'line': b'[ 12%] Built target livox_ros_driver2__rosidl_generator_c\n'}
[0.083302] (interface) StdoutLine: {'line': b'[ 12%] Built target interface__rosidl_generator_c\n'}
[0.095331] (livox_ros_driver2) StdoutLine: {'line': b'\x1b[35m\x1b[1mConsolidate compiler generated dependencies of target livox_ros_driver2__rosidl_typesupport_cpp\x1b[0m\n'}
[0.096149] (livox_ros_driver2) StdoutLine: {'line': b'\x1b[35m\x1b[1mConsolidate compiler generated dependencies of target livox_ros_driver2__rosidl_typesupport_introspection_cpp\x1b[0m\n'}
[0.096359] (livox_ros_driver2) StdoutLine: {'line': b'\x1b[35m\x1b[1mConsolidate compiler generated dependencies of target livox_ros_driver2__rosidl_typesupport_fastrtps_cpp\x1b[0m\n'}
[0.096454] (livox_ros_driver2) StdoutLine: {'line': b'[ 12%] Built target ament_cmake_python_copy_livox_ros_driver2\n'}
[0.099844] (interface) StdoutLine: {'line': b'\x1b[35m\x1b[1mConsolidate compiler generated dependencies of target interface__rosidl_typesupport_cpp\x1b[0m\n'}
[0.100209] (-) TimerEvent: {}
[0.100407] (interface) StdoutLine: {'line': b'\x1b[35m\x1b[1mConsolidate compiler generated dependencies of target interface__rosidl_typesupport_fastrtps_cpp\x1b[0m\n'}
[0.100519] (interface) StdoutLine: {'line': b'\x1b[35m\x1b[1mConsolidate compiler generated dependencies of target interface__rosidl_typesupport_introspection_cpp\x1b[0m\n'}
[0.100605] (interface) StdoutLine: {'line': b'[ 12%] Built target ament_cmake_python_copy_interface\n'}
[0.101251] (livox_ros_driver2) StdoutLine: {'line': b'\x1b[35m\x1b[1mConsolidate compiler generated dependencies of target livox_ros_driver2__rosidl_typesupport_introspection_c\x1b[0m\n'}
[0.101915] (livox_ros_driver2) StdoutLine: {'line': b'\x1b[35m\x1b[1mConsolidate compiler generated dependencies of target livox_ros_driver2__rosidl_typesupport_c\x1b[0m\n'}
[0.102306] (livox_ros_driver2) StdoutLine: {'line': b'\x1b[35m\x1b[1mConsolidate compiler generated dependencies of target livox_ros_driver2__rosidl_typesupport_fastrtps_c\x1b[0m\n'}
[0.106434] (interface) StdoutLine: {'line': b'\x1b[35m\x1b[1mConsolidate compiler generated dependencies of target interface__rosidl_typesupport_c\x1b[0m\n'}
[0.108942] (interface) StdoutLine: {'line': b'\x1b[35m\x1b[1mConsolidate compiler generated dependencies of target interface__rosidl_typesupport_fastrtps_c\x1b[0m\n'}
[0.109243] (interface) StdoutLine: {'line': b'\x1b[35m\x1b[1mConsolidate compiler generated dependencies of target interface__rosidl_typesupport_introspection_c\x1b[0m\n'}
[0.126664] (livox_ros_driver2) StdoutLine: {'line': b'[ 41%] Built target livox_ros_driver2__rosidl_typesupport_cpp\n'}
[0.127145] (livox_ros_driver2) StdoutLine: {'line': b'[ 43%] Built target livox_ros_driver2__rosidl_typesupport_introspection_c\n'}
[0.127265] (livox_ros_driver2) StdoutLine: {'line': b'[ 43%] Built target livox_ros_driver2__rosidl_typesupport_introspection_cpp\n'}
[0.128426] (livox_ros_driver2) StdoutLine: {'line': b'[ 69%] Built target livox_ros_driver2__rosidl_typesupport_fastrtps_cpp\n'}
[0.128966] (livox_ros_driver2) StdoutLine: {'line': b'[ 71%] Built target livox_ros_driver2__rosidl_typesupport_fastrtps_c\n'}
[0.129222] (livox_ros_driver2) StdoutLine: {'line': b'[ 74%] Built target livox_ros_driver2__rosidl_typesupport_c\n'}
[0.129439] (interface) StdoutLine: {'line': b'[ 23%] Built target interface__rosidl_typesupport_cpp\n'}
[0.132775] (interface) StdoutLine: {'line': b'[ 46%] Built target interface__rosidl_typesupport_c\n'}
[0.133098] (interface) StdoutLine: {'line': b'[ 46%] Built target interface__rosidl_typesupport_introspection_cpp\n'}
[0.134747] (interface) StdoutLine: {'line': b'[ 57%] Built target interface__rosidl_typesupport_fastrtps_cpp\n'}
[0.136616] (interface) StdoutLine: {'line': b'[ 68%] Built target interface__rosidl_typesupport_introspection_c\n'}
[0.143145] (interface) StdoutLine: {'line': b'[ 79%] Built target interface__rosidl_typesupport_fastrtps_c\n'}
[0.157621] (livox_ros_driver2) StdoutLine: {'line': b'[ 74%] Built target livox_ros_driver2\n'}
[0.168588] (interface) StdoutLine: {'line': b'[ 79%] Built target interface\n'}
[0.181303] (livox_ros_driver2) StdoutLine: {'line': b'[ 76%] Built target livox_ros_driver2__py\n'}
[0.193558] (interface) StdoutLine: {'line': b'[ 80%] Built target interface__py\n'}
[0.194575] (livox_ros_driver2) StdoutLine: {'line': b'\x1b[35m\x1b[1mConsolidate compiler generated dependencies of target livox_ros_driver2__rosidl_generator_py\x1b[0m\n'}
[0.200332] (-) TimerEvent: {}
[0.209602] (interface) StdoutLine: {'line': b'\x1b[35m\x1b[1mConsolidate compiler generated dependencies of target interface__rosidl_generator_py\x1b[0m\n'}
[0.211489] (livox_ros_driver2) StdoutLine: {'line': b'[ 84%] Built target livox_ros_driver2__rosidl_generator_py\n'}
[0.226128] (livox_ros_driver2) StdoutLine: {'line': b'\x1b[35m\x1b[1mConsolidate compiler generated dependencies of target livox_ros_driver2__rosidl_typesupport_fastrtps_c__pyext\x1b[0m\n'}
[0.226360] (livox_ros_driver2) StdoutLine: {'line': b'\x1b[35m\x1b[1mConsolidate compiler generated dependencies of target livox_ros_driver2__rosidl_typesupport_c__pyext\x1b[0m\n'}
[0.226445] (livox_ros_driver2) StdoutLine: {'line': b'\x1b[35m\x1b[1mConsolidate compiler generated dependencies of target livox_ros_driver2__rosidl_typesupport_introspection_c__pyext\x1b[0m\n'}
[0.232606] (interface) StdoutLine: {'line': b'[ 90%] Built target interface__rosidl_generator_py\n'}
[0.245569] (livox_ros_driver2) StdoutLine: {'line': b'[ 94%] Built target livox_ros_driver2__rosidl_typesupport_fastrtps_c__pyext\n'}
[0.245830] (livox_ros_driver2) StdoutLine: {'line': b'[ 94%] Built target livox_ros_driver2__rosidl_typesupport_introspection_c__pyext\n'}
[0.247981] (livox_ros_driver2) StdoutLine: {'line': b'[100%] Built target livox_ros_driver2__rosidl_typesupport_c__pyext\n'}
[0.248286] (interface) StdoutLine: {'line': b'\x1b[35m\x1b[1mConsolidate compiler generated dependencies of target interface__rosidl_typesupport_c__pyext\x1b[0m\n'}
[0.248392] (interface) StdoutLine: {'line': b'\x1b[35m\x1b[1mConsolidate compiler generated dependencies of target interface__rosidl_typesupport_introspection_c__pyext\x1b[0m\n'}
[0.251715] (interface) StdoutLine: {'line': b'\x1b[35m\x1b[1mConsolidate compiler generated dependencies of target interface__rosidl_typesupport_fastrtps_c__pyext\x1b[0m\n'}
[0.265285] (interface) StdoutLine: {'line': b'[ 96%] Built target interface__rosidl_typesupport_c__pyext\n'}
[0.265514] (interface) StdoutLine: {'line': b'[ 96%] Built target interface__rosidl_typesupport_introspection_c__pyext\n'}
[0.269340] (interface) StdoutLine: {'line': b'[100%] Built target interface__rosidl_typesupport_fastrtps_c__pyext\n'}
[0.300456] (-) TimerEvent: {}
[0.345480] (interface) StdoutLine: {'line': b'running egg_info\n'}
[0.346020] (interface) StdoutLine: {'line': b'writing interface.egg-info/PKG-INFO\n'}
[0.346265] (interface) StdoutLine: {'line': b'writing dependency_links to interface.egg-info/dependency_links.txt\n'}
[0.346407] (interface) StdoutLine: {'line': b'writing top-level names to interface.egg-info/top_level.txt\n'}
[0.348295] (interface) StdoutLine: {'line': b"reading manifest file 'interface.egg-info/SOURCES.txt'\n"}
[0.348938] (interface) StdoutLine: {'line': b"writing manifest file 'interface.egg-info/SOURCES.txt'\n"}
[0.353283] (livox_ros_driver2) StdoutLine: {'line': b'running egg_info\n'}
[0.353936] (livox_ros_driver2) StdoutLine: {'line': b'writing livox_ros_driver2.egg-info/PKG-INFO\n'}
[0.354167] (livox_ros_driver2) StdoutLine: {'line': b'writing dependency_links to livox_ros_driver2.egg-info/dependency_links.txt\n'}
[0.354321] (livox_ros_driver2) StdoutLine: {'line': b'writing top-level names to livox_ros_driver2.egg-info/top_level.txt\n'}
[0.356259] (livox_ros_driver2) StdoutLine: {'line': b"reading manifest file 'livox_ros_driver2.egg-info/SOURCES.txt'\n"}
[0.356829] (livox_ros_driver2) StdoutLine: {'line': b"writing manifest file 'livox_ros_driver2.egg-info/SOURCES.txt'\n"}
[0.383448] (interface) StdoutLine: {'line': b'[100%] Built target ament_cmake_python_build_interface_egg\n'}
[0.391406] (livox_ros_driver2) StdoutLine: {'line': b'[100%] Built target ament_cmake_python_build_livox_ros_driver2_egg\n'}
[0.397880] (interface) CommandEnded: {'returncode': 0}
[0.399017] (interface) JobProgress: {'identifier': 'interface', 'progress': 'install'}
[0.400528] (-) TimerEvent: {}
[0.408820] (interface) Command: {'cmd': ['/usr/bin/cmake', '--install', '/home/haiboliu/project/vln/localization/src/fastlio2/build/interface'], 'cwd': '/home/haiboliu/project/vln/localization/src/fastlio2/build/interface', 'env': OrderedDict([('LESSOPEN', '| /usr/bin/lesspipe %s'), ('USER', 'haiboliu'), ('LC_TIME', 'zh_CN.UTF-8'), ('XDG_SESSION_TYPE', 'wayland'), ('SHLVL', '1'), ('LD_LIBRARY_PATH', '/opt/ros/humble/opt/rviz_ogre_vendor/lib:/opt/ros/humble/lib/x86_64-linux-gnu:/opt/ros/humble/lib'), ('HOME', '/home/haiboliu'), ('OLDPWD', '/home/haiboliu/project/vln/localization/src'), ('DESKTOP_SESSION', 'ubuntu'), ('ROS_PYTHON_VERSION', '3'), ('GNOME_SHELL_SESSION_MODE', 'ubuntu'), ('GTK_MODULES', 'gail:atk-bridge'), ('LC_MONETARY', 'zh_CN.UTF-8'), ('SYSTEMD_EXEC_PID', '1818'), ('DBUS_SESSION_BUS_ADDRESS', 'unix:path=/run/user/1001/bus'), ('COLORTERM', 'truecolor'), ('IM_CONFIG_PHASE', '1'), ('WAYLAND_DISPLAY', 'wayland-0'), ('ROS_DISTRO', 'humble'), ('LOGNAME', 'haiboliu'), ('_', '/usr/bin/colcon'), ('ROS_VERSION', '2'), ('XDG_SESSION_CLASS', 'user'), ('USERNAME', 'haiboliu'), ('TERM', 'xterm-256color'), ('GNOME_DESKTOP_SESSION_ID', 'this-is-deprecated'), ('ROS_LOCALHOST_ONLY', '0'), ('PATH', '/opt/ros/humble/bin:/usr/local/sbin:/usr/local/bin:/usr/sbin:/usr/bin:/sbin:/bin:/usr/games:/usr/local/games:/snap/bin:/snap/bin'), ('SESSION_MANAGER', 'local/CNBEDZPL210029:@/tmp/.ICE-unix/1790,unix/CNBEDZPL210029:/tmp/.ICE-unix/1790'), ('XDG_MENU_PREFIX', 'gnome-'), ('LC_ADDRESS', 'zh_CN.UTF-8'), ('GNOME_TERMINAL_SCREEN', '/org/gnome/Terminal/screen/f317baec_4654_4e46_9450_13a654dfa23f'), ('GNOME_SETUP_DISPLAY', ':1'), ('XDG_RUNTIME_DIR', '/run/user/1001'), ('DISPLAY', ':0'), ('LANG', 'en_US.UTF-8'), ('XDG_CURRENT_DESKTOP', 'ubuntu:GNOME'), ('LC_TELEPHONE', 'zh_CN.UTF-8'), ('XMODIFIERS', '@im=ibus'), ('XDG_SESSION_DESKTOP', 'ubuntu'), ('XAUTHORITY', '/run/user/1001/.mutter-Xwaylandauth.SZOGC3'), ('LS_COLORS', 'rs=0:di=01;34:ln=01;36:mh=00:pi=40;33:so=01;35:do=01;35:bd=40;33;01:cd=40;33;01:or=40;31;01:mi=00:su=37;41:sg=30;43:ca=30;41:tw=30;42:ow=34;42:st=37;44:ex=01;32:*.tar=01;31:*.tgz=01;31:*.arc=01;31:*.arj=01;31:*.taz=01;31:*.lha=01;31:*.lz4=01;31:*.lzh=01;31:*.lzma=01;31:*.tlz=01;31:*.txz=01;31:*.tzo=01;31:*.t7z=01;31:*.zip=01;31:*.z=01;31:*.dz=01;31:*.gz=01;31:*.lrz=01;31:*.lz=01;31:*.lzo=01;31:*.xz=01;31:*.zst=01;31:*.tzst=01;31:*.bz2=01;31:*.bz=01;31:*.tbz=01;31:*.tbz2=01;31:*.tz=01;31:*.deb=01;31:*.rpm=01;31:*.jar=01;31:*.war=01;31:*.ear=01;31:*.sar=01;31:*.rar=01;31:*.alz=01;31:*.ace=01;31:*.zoo=01;31:*.cpio=01;31:*.7z=01;31:*.rz=01;31:*.cab=01;31:*.wim=01;31:*.swm=01;31:*.dwm=01;31:*.esd=01;31:*.jpg=01;35:*.jpeg=01;35:*.mjpg=01;35:*.mjpeg=01;35:*.gif=01;35:*.bmp=01;35:*.pbm=01;35:*.pgm=01;35:*.ppm=01;35:*.tga=01;35:*.xbm=01;35:*.xpm=01;35:*.tif=01;35:*.tiff=01;35:*.png=01;35:*.svg=01;35:*.svgz=01;35:*.mng=01;35:*.pcx=01;35:*.mov=01;35:*.mpg=01;35:*.mpeg=01;35:*.m2v=01;35:*.mkv=01;35:*.webm=01;35:*.webp=01;35:*.ogm=01;35:*.mp4=01;35:*.m4v=01;35:*.mp4v=01;35:*.vob=01;35:*.qt=01;35:*.nuv=01;35:*.wmv=01;35:*.asf=01;35:*.rm=01;35:*.rmvb=01;35:*.flc=01;35:*.avi=01;35:*.fli=01;35:*.flv=01;35:*.gl=01;35:*.dl=01;35:*.xcf=01;35:*.xwd=01;35:*.yuv=01;35:*.cgm=01;35:*.emf=01;35:*.ogv=01;35:*.ogx=01;35:*.aac=00;36:*.au=00;36:*.flac=00;36:*.m4a=00;36:*.mid=00;36:*.midi=00;36:*.mka=00;36:*.mp3=00;36:*.mpc=00;36:*.ogg=00;36:*.ra=00;36:*.wav=00;36:*.oga=00;36:*.opus=00;36:*.spx=00;36:*.xspf=00;36:'), ('GNOME_TERMINAL_SERVICE', ':1.283'), ('SSH_AGENT_LAUNCHER', 'gnome-keyring'), ('SSH_AUTH_SOCK', '/run/user/1001/keyring/ssh'), ('AMENT_PREFIX_PATH', '/opt/ros/humble'), ('SHELL', '/bin/bash'), ('LC_NAME', 'zh_CN.UTF-8'), ('QT_ACCESSIBILITY', '1'), ('GDMSESSION', 'ubuntu'), ('LESSCLOSE', '/usr/bin/lesspipe %s %s'), ('LC_MEASUREMENT', 'zh_CN.UTF-8'), ('LC_IDENTIFICATION', 'zh_CN.UTF-8'), ('QT_IM_MODULE', 'ibus'), ('PWD', '/home/haiboliu/project/vln/localization/src/fastlio2/build/interface'), ('XDG_CONFIG_DIRS', '/etc/xdg/xdg-ubuntu:/etc/xdg'), ('XDG_DATA_DIRS', '/usr/share/ubuntu:/usr/local/share/:/usr/share/:/var/lib/snapd/desktop'), ('PYTHONPATH', '/opt/ros/humble/lib/python3.10/site-packages:/opt/ros/humble/local/lib/python3.10/dist-packages'), ('LC_NUMERIC', 'zh_CN.UTF-8'), ('LC_PAPER', 'zh_CN.UTF-8'), ('COLCON', '1'), ('VTE_VERSION', '6800'), ('CMAKE_PREFIX_PATH', '/opt/ros/humble')]), 'shell': False}
[0.411504] (livox_ros_driver2) CommandEnded: {'returncode': 0}
[0.412653] (livox_ros_driver2) JobProgress: {'identifier': 'livox_ros_driver2', 'progress': 'install'}
[0.413309] (livox_ros_driver2) Command: {'cmd': ['/usr/bin/cmake', '--install', '/home/haiboliu/project/vln/localization/src/fastlio2/build/livox_ros_driver2'], 'cwd': '/home/haiboliu/project/vln/localization/src/fastlio2/build/livox_ros_driver2', 'env': OrderedDict([('LESSOPEN', '| /usr/bin/lesspipe %s'), ('USER', 'haiboliu'), ('LC_TIME', 'zh_CN.UTF-8'), ('XDG_SESSION_TYPE', 'wayland'), ('SHLVL', '1'), ('LD_LIBRARY_PATH', '/opt/ros/humble/opt/rviz_ogre_vendor/lib:/opt/ros/humble/lib/x86_64-linux-gnu:/opt/ros/humble/lib'), ('HOME', '/home/haiboliu'), ('OLDPWD', '/home/haiboliu/project/vln/localization/src'), ('DESKTOP_SESSION', 'ubuntu'), ('ROS_PYTHON_VERSION', '3'), ('GNOME_SHELL_SESSION_MODE', 'ubuntu'), ('GTK_MODULES', 'gail:atk-bridge'), ('LC_MONETARY', 'zh_CN.UTF-8'), ('SYSTEMD_EXEC_PID', '1818'), ('DBUS_SESSION_BUS_ADDRESS', 'unix:path=/run/user/1001/bus'), ('COLORTERM', 'truecolor'), ('IM_CONFIG_PHASE', '1'), ('WAYLAND_DISPLAY', 'wayland-0'), ('ROS_DISTRO', 'humble'), ('LOGNAME', 'haiboliu'), ('_', '/usr/bin/colcon'), ('ROS_VERSION', '2'), ('XDG_SESSION_CLASS', 'user'), ('USERNAME', 'haiboliu'), ('TERM', 'xterm-256color'), ('GNOME_DESKTOP_SESSION_ID', 'this-is-deprecated'), ('ROS_LOCALHOST_ONLY', '0'), ('PATH', '/opt/ros/humble/bin:/usr/local/sbin:/usr/local/bin:/usr/sbin:/usr/bin:/sbin:/bin:/usr/games:/usr/local/games:/snap/bin:/snap/bin'), ('SESSION_MANAGER', 'local/CNBEDZPL210029:@/tmp/.ICE-unix/1790,unix/CNBEDZPL210029:/tmp/.ICE-unix/1790'), ('XDG_MENU_PREFIX', 'gnome-'), ('LC_ADDRESS', 'zh_CN.UTF-8'), ('GNOME_TERMINAL_SCREEN', '/org/gnome/Terminal/screen/f317baec_4654_4e46_9450_13a654dfa23f'), ('GNOME_SETUP_DISPLAY', ':1'), ('XDG_RUNTIME_DIR', '/run/user/1001'), ('DISPLAY', ':0'), ('LANG', 'en_US.UTF-8'), ('XDG_CURRENT_DESKTOP', 'ubuntu:GNOME'), ('LC_TELEPHONE', 'zh_CN.UTF-8'), ('XMODIFIERS', '@im=ibus'), ('XDG_SESSION_DESKTOP', 'ubuntu'), ('XAUTHORITY', '/run/user/1001/.mutter-Xwaylandauth.SZOGC3'), ('LS_COLORS', 'rs=0:di=01;34:ln=01;36:mh=00:pi=40;33:so=01;35:do=01;35:bd=40;33;01:cd=40;33;01:or=40;31;01:mi=00:su=37;41:sg=30;43:ca=30;41:tw=30;42:ow=34;42:st=37;44:ex=01;32:*.tar=01;31:*.tgz=01;31:*.arc=01;31:*.arj=01;31:*.taz=01;31:*.lha=01;31:*.lz4=01;31:*.lzh=01;31:*.lzma=01;31:*.tlz=01;31:*.txz=01;31:*.tzo=01;31:*.t7z=01;31:*.zip=01;31:*.z=01;31:*.dz=01;31:*.gz=01;31:*.lrz=01;31:*.lz=01;31:*.lzo=01;31:*.xz=01;31:*.zst=01;31:*.tzst=01;31:*.bz2=01;31:*.bz=01;31:*.tbz=01;31:*.tbz2=01;31:*.tz=01;31:*.deb=01;31:*.rpm=01;31:*.jar=01;31:*.war=01;31:*.ear=01;31:*.sar=01;31:*.rar=01;31:*.alz=01;31:*.ace=01;31:*.zoo=01;31:*.cpio=01;31:*.7z=01;31:*.rz=01;31:*.cab=01;31:*.wim=01;31:*.swm=01;31:*.dwm=01;31:*.esd=01;31:*.jpg=01;35:*.jpeg=01;35:*.mjpg=01;35:*.mjpeg=01;35:*.gif=01;35:*.bmp=01;35:*.pbm=01;35:*.pgm=01;35:*.ppm=01;35:*.tga=01;35:*.xbm=01;35:*.xpm=01;35:*.tif=01;35:*.tiff=01;35:*.png=01;35:*.svg=01;35:*.svgz=01;35:*.mng=01;35:*.pcx=01;35:*.mov=01;35:*.mpg=01;35:*.mpeg=01;35:*.m2v=01;35:*.mkv=01;35:*.webm=01;35:*.webp=01;35:*.ogm=01;35:*.mp4=01;35:*.m4v=01;35:*.mp4v=01;35:*.vob=01;35:*.qt=01;35:*.nuv=01;35:*.wmv=01;35:*.asf=01;35:*.rm=01;35:*.rmvb=01;35:*.flc=01;35:*.avi=01;35:*.fli=01;35:*.flv=01;35:*.gl=01;35:*.dl=01;35:*.xcf=01;35:*.xwd=01;35:*.yuv=01;35:*.cgm=01;35:*.emf=01;35:*.ogv=01;35:*.ogx=01;35:*.aac=00;36:*.au=00;36:*.flac=00;36:*.m4a=00;36:*.mid=00;36:*.midi=00;36:*.mka=00;36:*.mp3=00;36:*.mpc=00;36:*.ogg=00;36:*.ra=00;36:*.wav=00;36:*.oga=00;36:*.opus=00;36:*.spx=00;36:*.xspf=00;36:'), ('GNOME_TERMINAL_SERVICE', ':1.283'), ('SSH_AGENT_LAUNCHER', 'gnome-keyring'), ('SSH_AUTH_SOCK', '/run/user/1001/keyring/ssh'), ('AMENT_PREFIX_PATH', '/opt/ros/humble'), ('SHELL', '/bin/bash'), ('LC_NAME', 'zh_CN.UTF-8'), ('QT_ACCESSIBILITY', '1'), ('GDMSESSION', 'ubuntu'), ('LESSCLOSE', '/usr/bin/lesspipe %s %s'), ('LC_MEASUREMENT', 'zh_CN.UTF-8'), ('LC_IDENTIFICATION', 'zh_CN.UTF-8'), ('QT_IM_MODULE', 'ibus'), ('PWD', '/home/haiboliu/project/vln/localization/src/fastlio2/build/livox_ros_driver2'), ('XDG_CONFIG_DIRS', '/etc/xdg/xdg-ubuntu:/etc/xdg'), ('XDG_DATA_DIRS', '/usr/share/ubuntu:/usr/local/share/:/usr/share/:/var/lib/snapd/desktop'), ('PYTHONPATH', '/opt/ros/humble/lib/python3.10/site-packages:/opt/ros/humble/local/lib/python3.10/dist-packages'), ('LC_NUMERIC', 'zh_CN.UTF-8'), ('LC_PAPER', 'zh_CN.UTF-8'), ('COLCON', '1'), ('VTE_VERSION', '6800'), ('CMAKE_PREFIX_PATH', '/opt/ros/humble')]), 'shell': False}
[0.418746] (interface) StdoutLine: {'line': b'-- Install configuration: ""\n'}
[0.418991] (interface) StdoutLine: {'line': b'-- Up-to-date: /home/haiboliu/project/vln/localization/src/fastlio2/install/interface/share/ament_index/resource_index/rosidl_interfaces/interface\n'}
[0.419116] (interface) StdoutLine: {'line': b'-- Up-to-date: /home/haiboliu/project/vln/localization/src/fastlio2/install/interface/include/interface/interface\n'}
[0.419288] (interface) StdoutLine: {'line': b'-- Up-to-date: /home/haiboliu/project/vln/localization/src/fastlio2/install/interface/include/interface/interface/srv\n'}
[0.419562] (interface) StdoutLine: {'line': b'-- Up-to-date: /home/haiboliu/project/vln/localization/src/fastlio2/install/interface/include/interface/interface/srv/relocalize.h\n'}
[0.419677] (interface) StdoutLine: {'line': b'-- Up-to-date: /home/haiboliu/project/vln/localization/src/fastlio2/install/interface/include/interface/interface/srv/save_maps.h\n'}
[0.419925] (interface) StdoutLine: {'line': b'-- Up-to-date: /home/haiboliu/project/vln/localization/src/fastlio2/install/interface/include/interface/interface/srv/save_poses.h\n'}
[0.420061] (interface) StdoutLine: {'line': b'-- Up-to-date: /home/haiboliu/project/vln/localization/src/fastlio2/install/interface/include/interface/interface/srv/is_valid.h\n'}
[0.420169] (interface) StdoutLine: {'line': b'-- Up-to-date: /home/haiboliu/project/vln/localization/src/fastlio2/install/interface/include/interface/interface/srv/refine_map.h\n'}
[0.420280] (interface) StdoutLine: {'line': b'-- Up-to-date: /home/haiboliu/project/vln/localization/src/fastlio2/install/interface/include/interface/interface/srv/detail\n'}
[0.420392] (interface) StdoutLine: {'line': b'-- Up-to-date: /home/haiboliu/project/vln/localization/src/fastlio2/install/interface/include/interface/interface/srv/detail/refine_map__type_support.h\n'}
[0.420503] (interface) StdoutLine: {'line': b'-- Up-to-date: /home/haiboliu/project/vln/localization/src/fastlio2/install/interface/include/interface/interface/srv/detail/relocalize__type_support.h\n'}
[0.420615] (interface) StdoutLine: {'line': b'-- Up-to-date: /home/haiboliu/project/vln/localization/src/fastlio2/install/interface/include/interface/interface/srv/detail/save_maps__functions.c\n'}
[0.420775] (interface) StdoutLine: {'line': b'-- Up-to-date: /home/haiboliu/project/vln/localization/src/fastlio2/install/interface/include/interface/interface/srv/detail/save_poses__struct.h\n'}
[0.420990] (interface) StdoutLine: {'line': b'-- Up-to-date: /home/haiboliu/project/vln/localization/src/fastlio2/install/interface/include/interface/interface/srv/detail/relocalize__functions.h\n'}
[0.421110] (interface) StdoutLine: {'line': b'-- Up-to-date: /home/haiboliu/project/vln/localization/src/fastlio2/install/interface/include/interface/interface/srv/detail/relocalize__struct.h\n'}
[0.421225] (interface) StdoutLine: {'line': b'-- Up-to-date: /home/haiboliu/project/vln/localization/src/fastlio2/install/interface/include/interface/interface/srv/detail/is_valid__functions.c\n'}
[0.421339] (interface) StdoutLine: {'line': b'-- Up-to-date: /home/haiboliu/project/vln/localization/src/fastlio2/install/interface/include/interface/interface/srv/detail/save_poses__functions.h\n'}
[0.421453] (interface) StdoutLine: {'line': b'-- Up-to-date: /home/haiboliu/project/vln/localization/src/fastlio2/install/interface/include/interface/interface/srv/detail/refine_map__functions.h\n'}
[0.421567] (interface) StdoutLine: {'line': b'-- Up-to-date: /home/haiboliu/project/vln/localization/src/fastlio2/install/interface/include/interface/interface/srv/detail/save_maps__type_support.h\n'}
[0.421679] (interface) StdoutLine: {'line': b'-- Up-to-date: /home/haiboliu/project/vln/localization/src/fastlio2/install/interface/include/interface/interface/srv/detail/is_valid__functions.h\n'}
[0.421991] (interface) StdoutLine: {'line': b'-- Up-to-date: /home/haiboliu/project/vln/localization/src/fastlio2/install/interface/include/interface/interface/srv/detail/is_valid__type_support.h\n'}
[0.422193] (interface) StdoutLine: {'line': b'-- Up-to-date: /home/haiboliu/project/vln/localization/src/fastlio2/install/interface/include/interface/interface/srv/detail/save_maps__struct.h\n'}
[0.422308] (interface) StdoutLine: {'line': b'-- Up-to-date: /home/haiboliu/project/vln/localization/src/fastlio2/install/interface/include/interface/interface/srv/detail/refine_map__functions.c\n'}
[0.422422] (interface) StdoutLine: {'line': b'-- Up-to-date: /home/haiboliu/project/vln/localization/src/fastlio2/install/interface/include/interface/interface/srv/detail/is_valid__struct.h\n'}
[0.422552] (interface) StdoutLine: {'line': b'-- Up-to-date: /home/haiboliu/project/vln/localization/src/fastlio2/install/interface/include/interface/interface/srv/detail/refine_map__struct.h\n'}
[0.422665] (interface) StdoutLine: {'line': b'-- Up-to-date: /home/haiboliu/project/vln/localization/src/fastlio2/install/interface/include/interface/interface/srv/detail/save_poses__type_support.h\n'}
[0.423061] (interface) StdoutLine: {'line': b'-- Up-to-date: /home/haiboliu/project/vln/localization/src/fastlio2/install/interface/include/interface/interface/srv/detail/save_poses__functions.c\n'}
[0.423217] (interface) StdoutLine: {'line': b'-- Up-to-date: /home/haiboliu/project/vln/localization/src/fastlio2/install/interface/include/interface/interface/srv/detail/relocalize__functions.c\n'}
[0.423337] (interface) StdoutLine: {'line': b'-- Up-to-date: /home/haiboliu/project/vln/localization/src/fastlio2/install/interface/include/interface/interface/srv/detail/save_maps__functions.h\n'}
[0.423472] (interface) StdoutLine: {'line': b'-- Up-to-date: /home/haiboliu/project/vln/localization/src/fastlio2/install/interface/include/interface/interface/msg\n'}
[0.423586] (interface) StdoutLine: {'line': b'-- Up-to-date: /home/haiboliu/project/vln/localization/src/fastlio2/install/interface/include/interface/interface/msg/rosidl_generator_c__visibility_control.h\n'}
[0.423714] (interface) StdoutLine: {'line': b'-- Up-to-date: /home/haiboliu/project/vln/localization/src/fastlio2/install/interface/share/interface/environment/library_path.sh\n'}
[0.424163] (interface) StdoutLine: {'line': b'-- Up-to-date: /home/haiboliu/project/vln/localization/src/fastlio2/install/interface/share/interface/environment/library_path.dsv\n'}
[0.424287] (interface) StdoutLine: {'line': b'-- Up-to-date: /home/haiboliu/project/vln/localization/src/fastlio2/install/interface/lib/libinterface__rosidl_generator_c.so\n'}
[0.424402] (interface) StdoutLine: {'line': b'-- Up-to-date: /home/haiboliu/project/vln/localization/src/fastlio2/install/interface/include/interface/interface\n'}
[0.424517] (interface) StdoutLine: {'line': b'-- Up-to-date: /home/haiboliu/project/vln/localization/src/fastlio2/install/interface/include/interface/interface/srv\n'}
[0.424682] (interface) StdoutLine: {'line': b'-- Up-to-date: /home/haiboliu/project/vln/localization/src/fastlio2/install/interface/include/interface/interface/srv/detail\n'}
[0.424961] (interface) StdoutLine: {'line': b'-- Up-to-date: /home/haiboliu/project/vln/localization/src/fastlio2/install/interface/include/interface/interface/srv/detail/save_maps__rosidl_typesupport_fastrtps_c.h\n'}
[0.425082] (interface) StdoutLine: {'line': b'-- Up-to-date: /home/haiboliu/project/vln/localization/src/fastlio2/install/interface/include/interface/interface/srv/detail/is_valid__rosidl_typesupport_fastrtps_c.h\n'}
[0.425195] (interface) StdoutLine: {'line': b'-- Up-to-date: /home/haiboliu/project/vln/localization/src/fastlio2/install/interface/include/interface/interface/srv/detail/refine_map__rosidl_typesupport_fastrtps_c.h\n'}
[0.425305] (interface) StdoutLine: {'line': b'-- Up-to-date: /home/haiboliu/project/vln/localization/src/fastlio2/install/interface/include/interface/interface/srv/detail/relocalize__rosidl_typesupport_fastrtps_c.h\n'}
[0.425509] (interface) StdoutLine: {'line': b'-- Up-to-date: /home/haiboliu/project/vln/localization/src/fastlio2/install/interface/include/interface/interface/srv/detail/save_poses__rosidl_typesupport_fastrtps_c.h\n'}
[0.425623] (interface) StdoutLine: {'line': b'-- Up-to-date: /home/haiboliu/project/vln/localization/src/fastlio2/install/interface/include/interface/interface/msg\n'}
[0.425788] (interface) StdoutLine: {'line': b'-- Up-to-date: /home/haiboliu/project/vln/localization/src/fastlio2/install/interface/include/interface/interface/msg/rosidl_typesupport_fastrtps_c__visibility_control.h\n'}
[0.426061] (interface) StdoutLine: {'line': b'-- Up-to-date: /home/haiboliu/project/vln/localization/src/fastlio2/install/interface/lib/libinterface__rosidl_typesupport_fastrtps_c.so\n'}
[0.426196] (interface) StdoutLine: {'line': b'-- Up-to-date: /home/haiboliu/project/vln/localization/src/fastlio2/install/interface/include/interface/interface\n'}
[0.426309] (interface) StdoutLine: {'line': b'-- Up-to-date: /home/haiboliu/project/vln/localization/src/fastlio2/install/interface/include/interface/interface/srv\n'}
[0.426422] (interface) StdoutLine: {'line': b'-- Up-to-date: /home/haiboliu/project/vln/localization/src/fastlio2/install/interface/include/interface/interface/srv/is_valid.hpp\n'}
[0.426536] (interface) StdoutLine: {'line': b'-- Up-to-date: /home/haiboliu/project/vln/localization/src/fastlio2/install/interface/include/interface/interface/srv/refine_map.hpp\n'}
[0.426649] (interface) StdoutLine: {'line': b'-- Up-to-date: /home/haiboliu/project/vln/localization/src/fastlio2/install/interface/include/interface/interface/srv/relocalize.hpp\n'}
[0.427018] (interface) StdoutLine: {'line': b'-- Up-to-date: /home/haiboliu/project/vln/localization/src/fastlio2/install/interface/include/interface/interface/srv/save_maps.hpp\n'}
[0.427208] (interface) StdoutLine: {'line': b'-- Up-to-date: /home/haiboliu/project/vln/localization/src/fastlio2/install/interface/include/interface/interface/srv/detail\n'}
[0.427367] (interface) StdoutLine: {'line': b'-- Up-to-date: /home/haiboliu/project/vln/localization/src/fastlio2/install/interface/include/interface/interface/srv/detail/is_valid__struct.hpp\n'}
[0.427519] (interface) StdoutLine: {'line': b'-- Up-to-date: /home/haiboliu/project/vln/localization/src/fastlio2/install/interface/include/interface/interface/srv/detail/save_maps__struct.hpp\n'}
[0.427665] (interface) StdoutLine: {'line': b'-- Up-to-date: /home/haiboliu/project/vln/localization/src/fastlio2/install/interface/include/interface/interface/srv/detail/save_poses__traits.hpp\n'}
[0.427954] (interface) StdoutLine: {'line': b'-- Up-to-date: /home/haiboliu/project/vln/localization/src/fastlio2/install/interface/include/interface/interface/srv/detail/save_maps__builder.hpp\n'}
[0.428141] (interface) StdoutLine: {'line': b'-- Up-to-date: /home/haiboliu/project/vln/localization/src/fastlio2/install/interface/include/interface/interface/srv/detail/save_poses__type_support.hpp\n'}
[0.428376] (interface) StdoutLine: {'line': b'-- Up-to-date: /home/haiboliu/project/vln/localization/src/fastlio2/install/interface/include/interface/interface/srv/detail/relocalize__traits.hpp\n'}
[0.428527] (interface) StdoutLine: {'line': b'-- Up-to-date: /home/haiboliu/project/vln/localization/src/fastlio2/install/interface/include/interface/interface/srv/detail/refine_map__traits.hpp\n'}
[0.428680] (interface) StdoutLine: {'line': b'-- Up-to-date: /home/haiboliu/project/vln/localization/src/fastlio2/install/interface/include/interface/interface/srv/detail/is_valid__type_support.hpp\n'}
[0.428907] (interface) StdoutLine: {'line': b'-- Up-to-date: /home/haiboliu/project/vln/localization/src/fastlio2/install/interface/include/interface/interface/srv/detail/save_poses__struct.hpp\n'}
[0.429053] (interface) StdoutLine: {'line': b'-- Up-to-date: /home/haiboliu/project/vln/localization/src/fastlio2/install/interface/include/interface/interface/srv/detail/is_valid__builder.hpp\n'}
[0.429187] (interface) StdoutLine: {'line': b'-- Up-to-date: /home/haiboliu/project/vln/localization/src/fastlio2/install/interface/include/interface/interface/srv/detail/is_valid__traits.hpp\n'}
[0.429312] (interface) StdoutLine: {'line': b'-- Up-to-date: /home/haiboliu/project/vln/localization/src/fastlio2/install/interface/include/interface/interface/srv/detail/relocalize__type_support.hpp\n'}
[0.429437] (interface) StdoutLine: {'line': b'-- Up-to-date: /home/haiboliu/project/vln/localization/src/fastlio2/install/interface/include/interface/interface/srv/detail/refine_map__builder.hpp\n'}
[0.429566] (interface) StdoutLine: {'line': b'-- Up-to-date: /home/haiboliu/project/vln/localization/src/fastlio2/install/interface/include/interface/interface/srv/detail/save_poses__builder.hpp\n'}
[0.429719] (interface) StdoutLine: {'line': b'-- Up-to-date: /home/haiboliu/project/vln/localization/src/fastlio2/install/interface/include/interface/interface/srv/detail/save_maps__traits.hpp\n'}
[0.429913] (interface) StdoutLine: {'line': b'-- Up-to-date: /home/haiboliu/project/vln/localization/src/fastlio2/install/interface/include/interface/interface/srv/detail/relocalize__builder.hpp\n'}
[0.430049] (interface) StdoutLine: {'line': b'-- Up-to-date: /home/haiboliu/project/vln/localization/src/fastlio2/install/interface/include/interface/interface/srv/detail/save_maps__type_support.hpp\n'}
[0.430186] (interface) StdoutLine: {'line': b'-- Up-to-date: /home/haiboliu/project/vln/localization/src/fastlio2/install/interface/include/interface/interface/srv/detail/refine_map__type_support.hpp\n'}
[0.430358] (interface) StdoutLine: {'line': b'-- Up-to-date: /home/haiboliu/project/vln/localization/src/fastlio2/install/interface/include/interface/interface/srv/detail/refine_map__struct.hpp\n'}
[0.430497] (interface) StdoutLine: {'line': b'-- Up-to-date: /home/haiboliu/project/vln/localization/src/fastlio2/install/interface/include/interface/interface/srv/detail/relocalize__struct.hpp\n'}
[0.430631] (interface) StdoutLine: {'line': b'-- Up-to-date: /home/haiboliu/project/vln/localization/src/fastlio2/install/interface/include/interface/interface/srv/save_poses.hpp\n'}
[0.430795] (interface) StdoutLine: {'line': b'-- Up-to-date: /home/haiboliu/project/vln/localization/src/fastlio2/install/interface/include/interface/interface/msg\n'}
[0.430948] (interface) StdoutLine: {'line': b'-- Up-to-date: /home/haiboliu/project/vln/localization/src/fastlio2/install/interface/include/interface/interface/msg/rosidl_generator_cpp__visibility_control.hpp\n'}
[0.431086] (interface) StdoutLine: {'line': b'-- Up-to-date: /home/haiboliu/project/vln/localization/src/fastlio2/install/interface/include/interface/interface\n'}
[0.431226] (interface) StdoutLine: {'line': b'-- Up-to-date: /home/haiboliu/project/vln/localization/src/fastlio2/install/interface/include/interface/interface/srv\n'}
[0.431365] (livox_ros_driver2) StdoutLine: {'line': b'-- Install configuration: ""\n'}
[0.431523] (interface) StdoutLine: {'line': b'-- Up-to-date: /home/haiboliu/project/vln/localization/src/fastlio2/install/interface/include/interface/interface/srv/detail\n'}
[0.431662] (interface) StdoutLine: {'line': b'-- Up-to-date: /home/haiboliu/project/vln/localization/src/fastlio2/install/interface/include/interface/interface/srv/detail/save_poses__rosidl_typesupport_fastrtps_cpp.hpp\n'}
[0.431829] (interface) StdoutLine: {'line': b'-- Up-to-date: /home/haiboliu/project/vln/localization/src/fastlio2/install/interface/include/interface/interface/srv/detail/dds_fastrtps\n'}
[0.431977] (interface) StdoutLine: {'line': b'-- Up-to-date: /home/haiboliu/project/vln/localization/src/fastlio2/install/interface/include/interface/interface/srv/detail/is_valid__rosidl_typesupport_fastrtps_cpp.hpp\n'}
[0.432127] (interface) StdoutLine: {'line': b'-- Up-to-date: /home/haiboliu/project/vln/localization/src/fastlio2/install/interface/include/interface/interface/srv/detail/relocalize__rosidl_typesupport_fastrtps_cpp.hpp\n'}
[0.432270] (interface) StdoutLine: {'line': b'-- Up-to-date: /home/haiboliu/project/vln/localization/src/fastlio2/install/interface/include/interface/interface/srv/detail/refine_map__rosidl_typesupport_fastrtps_cpp.hpp\n'}
[0.432431] (interface) StdoutLine: {'line': b'-- Up-to-date: /home/haiboliu/project/vln/localization/src/fastlio2/install/interface/include/interface/interface/srv/detail/save_maps__rosidl_typesupport_fastrtps_cpp.hpp\n'}
[0.432541] (interface) StdoutLine: {'line': b'-- Up-to-date: /home/haiboliu/project/vln/localization/src/fastlio2/install/interface/include/interface/interface/msg\n'}
[0.432648] (interface) StdoutLine: {'line': b'-- Up-to-date: /home/haiboliu/project/vln/localization/src/fastlio2/install/interface/include/interface/interface/msg/rosidl_typesupport_fastrtps_cpp__visibility_control.h\n'}
[0.432855] (interface) StdoutLine: {'line': b'-- Up-to-date: /home/haiboliu/project/vln/localization/src/fastlio2/install/interface/lib/libinterface__rosidl_typesupport_fastrtps_cpp.so\n'}
[0.432994] (interface) StdoutLine: {'line': b'-- Up-to-date: /home/haiboliu/project/vln/localization/src/fastlio2/install/interface/include/interface/interface\n'}
[0.433100] (interface) StdoutLine: {'line': b'-- Up-to-date: /home/haiboliu/project/vln/localization/src/fastlio2/install/interface/include/interface/interface/srv\n'}
[0.433202] (livox_ros_driver2) StdoutLine: {'line': b'-- Up-to-date: /home/haiboliu/project/vln/localization/src/fastlio2/install/livox_ros_driver2/share/ament_index/resource_index/rosidl_interfaces/livox_ros_driver2\n'}
[0.433329] (livox_ros_driver2) StdoutLine: {'line': b'-- Up-to-date: /home/haiboliu/project/vln/localization/src/fastlio2/install/livox_ros_driver2/include/livox_ros_driver2/livox_ros_driver2\n'}
[0.433432] (livox_ros_driver2) StdoutLine: {'line': b'-- Up-to-date: /home/haiboliu/project/vln/localization/src/fastlio2/install/livox_ros_driver2/include/livox_ros_driver2/livox_ros_driver2/msg\n'}
[0.433580] (livox_ros_driver2) StdoutLine: {'line': b'-- Up-to-date: /home/haiboliu/project/vln/localization/src/fastlio2/install/livox_ros_driver2/include/livox_ros_driver2/livox_ros_driver2/msg/custom_msg.h\n'}
[0.433691] (livox_ros_driver2) StdoutLine: {'line': b'-- Up-to-date: /home/haiboliu/project/vln/localization/src/fastlio2/install/livox_ros_driver2/include/livox_ros_driver2/livox_ros_driver2/msg/rosidl_generator_c__visibility_control.h\n'}
[0.433838] (livox_ros_driver2) StdoutLine: {'line': b'-- Up-to-date: /home/haiboliu/project/vln/localization/src/fastlio2/install/livox_ros_driver2/include/livox_ros_driver2/livox_ros_driver2/msg/detail\n'}
[0.433944] (livox_ros_driver2) StdoutLine: {'line': b'-- Up-to-date: /home/haiboliu/project/vln/localization/src/fastlio2/install/livox_ros_driver2/include/livox_ros_driver2/livox_ros_driver2/msg/detail/custom_msg__functions.c\n'}
[0.434050] (livox_ros_driver2) StdoutLine: {'line': b'-- Up-to-date: /home/haiboliu/project/vln/localization/src/fastlio2/install/livox_ros_driver2/include/livox_ros_driver2/livox_ros_driver2/msg/detail/custom_msg__functions.h\n'}
[0.434155] (livox_ros_driver2) StdoutLine: {'line': b'-- Up-to-date: /home/haiboliu/project/vln/localization/src/fastlio2/install/livox_ros_driver2/include/livox_ros_driver2/livox_ros_driver2/msg/detail/custom_point__functions.h\n'}
[0.434262] (livox_ros_driver2) StdoutLine: {'line': b'-- Up-to-date: /home/haiboliu/project/vln/localization/src/fastlio2/install/livox_ros_driver2/include/livox_ros_driver2/livox_ros_driver2/msg/detail/custom_point__type_support.h\n'}
[0.434404] (livox_ros_driver2) StdoutLine: {'line': b'-- Up-to-date: /home/haiboliu/project/vln/localization/src/fastlio2/install/livox_ros_driver2/include/livox_ros_driver2/livox_ros_driver2/msg/detail/custom_point__functions.c\n'}
[0.434510] (livox_ros_driver2) StdoutLine: {'line': b'-- Up-to-date: /home/haiboliu/project/vln/localization/src/fastlio2/install/livox_ros_driver2/include/livox_ros_driver2/livox_ros_driver2/msg/detail/custom_point__struct.h\n'}
[0.434613] (livox_ros_driver2) StdoutLine: {'line': b'-- Up-to-date: /home/haiboliu/project/vln/localization/src/fastlio2/install/livox_ros_driver2/include/livox_ros_driver2/livox_ros_driver2/msg/detail/custom_msg__struct.h\n'}
[0.434779] (livox_ros_driver2) StdoutLine: {'line': b'-- Up-to-date: /home/haiboliu/project/vln/localization/src/fastlio2/install/livox_ros_driver2/include/livox_ros_driver2/livox_ros_driver2/msg/detail/custom_msg__type_support.h\n'}
[0.434898] (livox_ros_driver2) StdoutLine: {'line': b'-- Up-to-date: /home/haiboliu/project/vln/localization/src/fastlio2/install/livox_ros_driver2/include/livox_ros_driver2/livox_ros_driver2/msg/custom_point.h\n'}
[0.435002] (livox_ros_driver2) StdoutLine: {'line': b'-- Up-to-date: /home/haiboliu/project/vln/localization/src/fastlio2/install/livox_ros_driver2/share/livox_ros_driver2/environment/library_path.sh\n'}
[0.435106] (livox_ros_driver2) StdoutLine: {'line': b'-- Up-to-date: /home/haiboliu/project/vln/localization/src/fastlio2/install/livox_ros_driver2/share/livox_ros_driver2/environment/library_path.dsv\n'}
[0.435235] (livox_ros_driver2) StdoutLine: {'line': b'-- Up-to-date: /home/haiboliu/project/vln/localization/src/fastlio2/install/livox_ros_driver2/lib/liblivox_ros_driver2__rosidl_generator_c.so\n'}
[0.435337] (interface) StdoutLine: {'line': b'-- Up-to-date: /home/haiboliu/project/vln/localization/src/fastlio2/install/interface/include/interface/interface/srv/detail\n'}
[0.435457] (interface) StdoutLine: {'line': b'-- Up-to-date: /home/haiboliu/project/vln/localization/src/fastlio2/install/interface/include/interface/interface/srv/detail/save_maps__type_support.c\n'}
[0.435559] (interface) StdoutLine: {'line': b'-- Up-to-date: /home/haiboliu/project/vln/localization/src/fastlio2/install/interface/include/interface/interface/srv/detail/save_poses__type_support.c\n'}
[0.435640] (interface) StdoutLine: {'line': b'-- Up-to-date: /home/haiboliu/project/vln/localization/src/fastlio2/install/interface/include/interface/interface/srv/detail/is_valid__type_support.c\n'}
[0.435704] (interface) StdoutLine: {'line': b'-- Up-to-date: /home/haiboliu/project/vln/localization/src/fastlio2/install/interface/include/interface/interface/srv/detail/save_poses__rosidl_typesupport_introspection_c.h\n'}
[0.435769] (livox_ros_driver2) StdoutLine: {'line': b'-- Up-to-date: /home/haiboliu/project/vln/localization/src/fastlio2/install/livox_ros_driver2/include/livox_ros_driver2/livox_ros_driver2\n'}
[0.435823] (interface) StdoutLine: {'line': b'-- Up-to-date: /home/haiboliu/project/vln/localization/src/fastlio2/install/interface/include/interface/interface/srv/detail/refine_map__type_support.c\n'}
[0.435872] (interface) StdoutLine: {'line': b'-- Up-to-date: /home/haiboliu/project/vln/localization/src/fastlio2/install/interface/include/interface/interface/srv/detail/refine_map__rosidl_typesupport_introspection_c.h\n'}
[0.435925] (interface) StdoutLine: {'line': b'-- Up-to-date: /home/haiboliu/project/vln/localization/src/fastlio2/install/interface/include/interface/interface/srv/detail/is_valid__rosidl_typesupport_introspection_c.h\n'}
[0.435973] (interface) StdoutLine: {'line': b'-- Up-to-date: /home/haiboliu/project/vln/localization/src/fastlio2/install/interface/include/interface/interface/srv/detail/relocalize__type_support.c\n'}
[0.436036] (interface) StdoutLine: {'line': b'-- Up-to-date: /home/haiboliu/project/vln/localization/src/fastlio2/install/interface/include/interface/interface/srv/detail/save_maps__rosidl_typesupport_introspection_c.h\n'}
[0.436085] (interface) StdoutLine: {'line': b'-- Up-to-date: /home/haiboliu/project/vln/localization/src/fastlio2/install/interface/include/interface/interface/srv/detail/relocalize__rosidl_typesupport_introspection_c.h\n'}
[0.436133] (interface) StdoutLine: {'line': b'-- Up-to-date: /home/haiboliu/project/vln/localization/src/fastlio2/install/interface/include/interface/interface/msg\n'}
[0.436181] (interface) StdoutLine: {'line': b'-- Up-to-date: /home/haiboliu/project/vln/localization/src/fastlio2/install/interface/include/interface/interface/msg/rosidl_typesupport_introspection_c__visibility_control.h\n'}
[0.436230] (interface) StdoutLine: {'line': b'-- Up-to-date: /home/haiboliu/project/vln/localization/src/fastlio2/install/interface/lib/libinterface__rosidl_typesupport_introspection_c.so\n'}
[0.436279] (interface) StdoutLine: {'line': b'-- Up-to-date: /home/haiboliu/project/vln/localization/src/fastlio2/install/interface/lib/libinterface__rosidl_typesupport_c.so\n'}
[0.436330] (livox_ros_driver2) StdoutLine: {'line': b'-- Up-to-date: /home/haiboliu/project/vln/localization/src/fastlio2/install/livox_ros_driver2/include/livox_ros_driver2/livox_ros_driver2/msg\n'}
[0.436381] (livox_ros_driver2) StdoutLine: {'line': b'-- Up-to-date: /home/haiboliu/project/vln/localization/src/fastlio2/install/livox_ros_driver2/include/livox_ros_driver2/livox_ros_driver2/msg/rosidl_typesupport_fastrtps_c__visibility_control.h\n'}
[0.436432] (livox_ros_driver2) StdoutLine: {'line': b'-- Up-to-date: /home/haiboliu/project/vln/localization/src/fastlio2/install/livox_ros_driver2/include/livox_ros_driver2/livox_ros_driver2/msg/detail\n'}
[0.436491] (livox_ros_driver2) StdoutLine: {'line': b'-- Up-to-date: /home/haiboliu/project/vln/localization/src/fastlio2/install/livox_ros_driver2/include/livox_ros_driver2/livox_ros_driver2/msg/detail/custom_msg__rosidl_typesupport_fastrtps_c.h\n'}
[0.436543] (livox_ros_driver2) StdoutLine: {'line': b'-- Up-to-date: /home/haiboliu/project/vln/localization/src/fastlio2/install/livox_ros_driver2/include/livox_ros_driver2/livox_ros_driver2/msg/detail/custom_point__rosidl_typesupport_fastrtps_c.h\n'}
[0.436594] (livox_ros_driver2) StdoutLine: {'line': b'-- Up-to-date: /home/haiboliu/project/vln/localization/src/fastlio2/install/livox_ros_driver2/lib/liblivox_ros_driver2__rosidl_typesupport_fastrtps_c.so\n'}
[0.436644] (livox_ros_driver2) StdoutLine: {'line': b'-- Up-to-date: /home/haiboliu/project/vln/localization/src/fastlio2/install/livox_ros_driver2/include/livox_ros_driver2/livox_ros_driver2\n'}
[0.436703] (livox_ros_driver2) StdoutLine: {'line': b'-- Up-to-date: /home/haiboliu/project/vln/localization/src/fastlio2/install/livox_ros_driver2/include/livox_ros_driver2/livox_ros_driver2/msg\n'}
[0.436780] (livox_ros_driver2) StdoutLine: {'line': b'-- Up-to-date: /home/haiboliu/project/vln/localization/src/fastlio2/install/livox_ros_driver2/include/livox_ros_driver2/livox_ros_driver2/msg/custom_point.hpp\n'}
[0.436832] (livox_ros_driver2) StdoutLine: {'line': b'-- Up-to-date: /home/haiboliu/project/vln/localization/src/fastlio2/install/livox_ros_driver2/include/livox_ros_driver2/livox_ros_driver2/msg/rosidl_generator_cpp__visibility_control.hpp\n'}
[0.436883] (livox_ros_driver2) StdoutLine: {'line': b'-- Up-to-date: /home/haiboliu/project/vln/localization/src/fastlio2/install/livox_ros_driver2/include/livox_ros_driver2/livox_ros_driver2/msg/custom_msg.hpp\n'}
[0.436934] (livox_ros_driver2) StdoutLine: {'line': b'-- Up-to-date: /home/haiboliu/project/vln/localization/src/fastlio2/install/livox_ros_driver2/include/livox_ros_driver2/livox_ros_driver2/msg/detail\n'}
[0.436985] (livox_ros_driver2) StdoutLine: {'line': b'-- Up-to-date: /home/haiboliu/project/vln/localization/src/fastlio2/install/livox_ros_driver2/include/livox_ros_driver2/livox_ros_driver2/msg/detail/custom_msg__builder.hpp\n'}
[0.437036] (livox_ros_driver2) StdoutLine: {'line': b'-- Up-to-date: /home/haiboliu/project/vln/localization/src/fastlio2/install/livox_ros_driver2/include/livox_ros_driver2/livox_ros_driver2/msg/detail/custom_point__type_support.hpp\n'}
[0.437086] (interface) StdoutLine: {'line': b'-- Up-to-date: /home/haiboliu/project/vln/localization/src/fastlio2/install/interface/include/interface/interface\n'}
[0.437144] (interface) StdoutLine: {'line': b'-- Up-to-date: /home/haiboliu/project/vln/localization/src/fastlio2/install/interface/include/interface/interface/srv\n'}
[0.437194] (livox_ros_driver2) StdoutLine: {'line': b'-- Up-to-date: /home/haiboliu/project/vln/localization/src/fastlio2/install/livox_ros_driver2/include/livox_ros_driver2/livox_ros_driver2/msg/detail/custom_point__struct.hpp\n'}
[0.437243] (livox_ros_driver2) StdoutLine: {'line': b'-- Up-to-date: /home/haiboliu/project/vln/localization/src/fastlio2/install/livox_ros_driver2/include/livox_ros_driver2/livox_ros_driver2/msg/detail/custom_msg__traits.hpp\n'}
[0.437303] (livox_ros_driver2) StdoutLine: {'line': b'-- Up-to-date: /home/haiboliu/project/vln/localization/src/fastlio2/install/livox_ros_driver2/include/livox_ros_driver2/livox_ros_driver2/msg/detail/custom_point__builder.hpp\n'}
[0.437350] (interface) StdoutLine: {'line': b'-- Up-to-date: /home/haiboliu/project/vln/localization/src/fastlio2/install/interface/include/interface/interface/srv/detail\n'}
[0.437398] (interface) StdoutLine: {'line': b'-- Up-to-date: /home/haiboliu/project/vln/localization/src/fastlio2/install/interface/include/interface/interface/srv/detail/refine_map__type_support.cpp\n'}
[0.437446] (livox_ros_driver2) StdoutLine: {'line': b'-- Up-to-date: /home/haiboliu/project/vln/localization/src/fastlio2/install/livox_ros_driver2/include/livox_ros_driver2/livox_ros_driver2/msg/detail/custom_point__traits.hpp\n'}
[0.437501] (interface) StdoutLine: {'line': b'-- Up-to-date: /home/haiboliu/project/vln/localization/src/fastlio2/install/interface/include/interface/interface/srv/detail/save_poses__type_support.cpp\n'}
[0.437548] (interface) StdoutLine: {'line': b'-- Up-to-date: /home/haiboliu/project/vln/localization/src/fastlio2/install/interface/include/interface/interface/srv/detail/relocalize__type_support.cpp\n'}
[0.437598] (interface) StdoutLine: {'line': b'-- Up-to-date: /home/haiboliu/project/vln/localization/src/fastlio2/install/interface/include/interface/interface/srv/detail/save_maps__type_support.cpp\n'}
[0.437646] (interface) StdoutLine: {'line': b'-- Up-to-date: /home/haiboliu/project/vln/localization/src/fastlio2/install/interface/include/interface/interface/srv/detail/save_maps__rosidl_typesupport_introspection_cpp.hpp\n'}
[0.437709] (interface) StdoutLine: {'line': b'-- Up-to-date: /home/haiboliu/project/vln/localization/src/fastlio2/install/interface/include/interface/interface/srv/detail/refine_map__rosidl_typesupport_introspection_cpp.hpp\n'}
[0.437771] (interface) StdoutLine: {'line': b'-- Up-to-date: /home/haiboliu/project/vln/localization/src/fastlio2/install/interface/include/interface/interface/srv/detail/save_poses__rosidl_typesupport_introspection_cpp.hpp\n'}
[0.437819] (interface) StdoutLine: {'line': b'-- Up-to-date: /home/haiboliu/project/vln/localization/src/fastlio2/install/interface/include/interface/interface/srv/detail/is_valid__type_support.cpp\n'}
[0.437868] (interface) StdoutLine: {'line': b'-- Up-to-date: /home/haiboliu/project/vln/localization/src/fastlio2/install/interface/include/interface/interface/srv/detail/is_valid__rosidl_typesupport_introspection_cpp.hpp\n'}
[0.437916] (interface) StdoutLine: {'line': b'-- Up-to-date: /home/haiboliu/project/vln/localization/src/fastlio2/install/interface/include/interface/interface/srv/detail/relocalize__rosidl_typesupport_introspection_cpp.hpp\n'}
[0.437965] (interface) StdoutLine: {'line': b'-- Up-to-date: /home/haiboliu/project/vln/localization/src/fastlio2/install/interface/lib/libinterface__rosidl_typesupport_introspection_cpp.so\n'}
[0.438013] (livox_ros_driver2) StdoutLine: {'line': b'-- Up-to-date: /home/haiboliu/project/vln/localization/src/fastlio2/install/livox_ros_driver2/include/livox_ros_driver2/livox_ros_driver2/msg/detail/custom_msg__struct.hpp\n'}
[0.438067] (livox_ros_driver2) StdoutLine: {'line': b'-- Up-to-date: /home/haiboliu/project/vln/localization/src/fastlio2/install/livox_ros_driver2/include/livox_ros_driver2/livox_ros_driver2/msg/detail/custom_msg__type_support.hpp\n'}
[0.438115] (livox_ros_driver2) StdoutLine: {'line': b'-- Up-to-date: /home/haiboliu/project/vln/localization/src/fastlio2/install/livox_ros_driver2/include/livox_ros_driver2/livox_ros_driver2\n'}
[0.438167] (livox_ros_driver2) StdoutLine: {'line': b'-- Up-to-date: /home/haiboliu/project/vln/localization/src/fastlio2/install/livox_ros_driver2/include/livox_ros_driver2/livox_ros_driver2/msg\n'}
[0.438217] (livox_ros_driver2) StdoutLine: {'line': b'-- Up-to-date: /home/haiboliu/project/vln/localization/src/fastlio2/install/livox_ros_driver2/include/livox_ros_driver2/livox_ros_driver2/msg/rosidl_typesupport_fastrtps_cpp__visibility_control.h\n'}
[0.438266] (livox_ros_driver2) StdoutLine: {'line': b'-- Up-to-date: /home/haiboliu/project/vln/localization/src/fastlio2/install/livox_ros_driver2/include/livox_ros_driver2/livox_ros_driver2/msg/detail\n'}
[0.438316] (livox_ros_driver2) StdoutLine: {'line': b'-- Up-to-date: /home/haiboliu/project/vln/localization/src/fastlio2/install/livox_ros_driver2/include/livox_ros_driver2/livox_ros_driver2/msg/detail/dds_fastrtps\n'}
[0.438365] (livox_ros_driver2) StdoutLine: {'line': b'-- Up-to-date: /home/haiboliu/project/vln/localization/src/fastlio2/install/livox_ros_driver2/include/livox_ros_driver2/livox_ros_driver2/msg/detail/custom_point__rosidl_typesupport_fastrtps_cpp.hpp\n'}
[0.438418] (livox_ros_driver2) StdoutLine: {'line': b'-- Up-to-date: /home/haiboliu/project/vln/localization/src/fastlio2/install/livox_ros_driver2/include/livox_ros_driver2/livox_ros_driver2/msg/detail/custom_msg__rosidl_typesupport_fastrtps_cpp.hpp\n'}
[0.438478] (livox_ros_driver2) StdoutLine: {'line': b'-- Up-to-date: /home/haiboliu/project/vln/localization/src/fastlio2/install/livox_ros_driver2/lib/liblivox_ros_driver2__rosidl_typesupport_fastrtps_cpp.so\n'}
[0.438527] (interface) StdoutLine: {'line': b'-- Up-to-date: /home/haiboliu/project/vln/localization/src/fastlio2/install/interface/lib/libinterface__rosidl_typesupport_cpp.so\n'}
[0.438578] (interface) StdoutLine: {'line': b'-- Up-to-date: /home/haiboliu/project/vln/localization/src/fastlio2/install/interface/share/interface/environment/pythonpath.sh\n'}
[0.438627] (interface) StdoutLine: {'line': b'-- Up-to-date: /home/haiboliu/project/vln/localization/src/fastlio2/install/interface/share/interface/environment/pythonpath.dsv\n'}
[0.438677] (interface) StdoutLine: {'line': b'-- Up-to-date: /home/haiboliu/project/vln/localization/src/fastlio2/install/interface/local/lib/python3.10/dist-packages/interface-0.0.0-py3.10.egg-info\n'}
[0.438754] (interface) StdoutLine: {'line': b'-- Installing: /home/haiboliu/project/vln/localization/src/fastlio2/install/interface/local/lib/python3.10/dist-packages/interface-0.0.0-py3.10.egg-info/dependency_links.txt\n'}
[0.438806] (interface) StdoutLine: {'line': b'-- Installing: /home/haiboliu/project/vln/localization/src/fastlio2/install/interface/local/lib/python3.10/dist-packages/interface-0.0.0-py3.10.egg-info/SOURCES.txt\n'}
[0.438856] (livox_ros_driver2) StdoutLine: {'line': b'-- Up-to-date: /home/haiboliu/project/vln/localization/src/fastlio2/install/livox_ros_driver2/include/livox_ros_driver2/livox_ros_driver2\n'}
[0.438911] (interface) StdoutLine: {'line': b'-- Installing: /home/haiboliu/project/vln/localization/src/fastlio2/install/interface/local/lib/python3.10/dist-packages/interface-0.0.0-py3.10.egg-info/top_level.txt\n'}
[0.438979] (interface) StdoutLine: {'line': b'-- Installing: /home/haiboliu/project/vln/localization/src/fastlio2/install/interface/local/lib/python3.10/dist-packages/interface-0.0.0-py3.10.egg-info/PKG-INFO\n'}
[0.439029] (livox_ros_driver2) StdoutLine: {'line': b'-- Up-to-date: /home/haiboliu/project/vln/localization/src/fastlio2/install/livox_ros_driver2/include/livox_ros_driver2/livox_ros_driver2/msg\n'}
[0.439078] (livox_ros_driver2) StdoutLine: {'line': b'-- Up-to-date: /home/haiboliu/project/vln/localization/src/fastlio2/install/livox_ros_driver2/include/livox_ros_driver2/livox_ros_driver2/msg/rosidl_typesupport_introspection_c__visibility_control.h\n'}
[0.439135] (livox_ros_driver2) StdoutLine: {'line': b'-- Up-to-date: /home/haiboliu/project/vln/localization/src/fastlio2/install/livox_ros_driver2/include/livox_ros_driver2/livox_ros_driver2/msg/detail\n'}
[0.439186] (livox_ros_driver2) StdoutLine: {'line': b'-- Up-to-date: /home/haiboliu/project/vln/localization/src/fastlio2/install/livox_ros_driver2/include/livox_ros_driver2/livox_ros_driver2/msg/detail/custom_point__rosidl_typesupport_introspection_c.h\n'}
[0.439235] (livox_ros_driver2) StdoutLine: {'line': b'-- Up-to-date: /home/haiboliu/project/vln/localization/src/fastlio2/install/livox_ros_driver2/include/livox_ros_driver2/livox_ros_driver2/msg/detail/custom_point__type_support.c\n'}
[0.439287] (livox_ros_driver2) StdoutLine: {'line': b'-- Up-to-date: /home/haiboliu/project/vln/localization/src/fastlio2/install/livox_ros_driver2/include/livox_ros_driver2/livox_ros_driver2/msg/detail/custom_msg__rosidl_typesupport_introspection_c.h\n'}
[0.439336] (livox_ros_driver2) StdoutLine: {'line': b'-- Up-to-date: /home/haiboliu/project/vln/localization/src/fastlio2/install/livox_ros_driver2/include/livox_ros_driver2/livox_ros_driver2/msg/detail/custom_msg__type_support.c\n'}
[0.439384] (livox_ros_driver2) StdoutLine: {'line': b'-- Up-to-date: /home/haiboliu/project/vln/localization/src/fastlio2/install/livox_ros_driver2/lib/liblivox_ros_driver2__rosidl_typesupport_introspection_c.so\n'}
[0.439440] (livox_ros_driver2) StdoutLine: {'line': b'-- Up-to-date: /home/haiboliu/project/vln/localization/src/fastlio2/install/livox_ros_driver2/lib/liblivox_ros_driver2__rosidl_typesupport_c.so\n'}
[0.439489] (livox_ros_driver2) StdoutLine: {'line': b'-- Up-to-date: /home/haiboliu/project/vln/localization/src/fastlio2/install/livox_ros_driver2/include/livox_ros_driver2/livox_ros_driver2\n'}
[0.439538] (livox_ros_driver2) StdoutLine: {'line': b'-- Up-to-date: /home/haiboliu/project/vln/localization/src/fastlio2/install/livox_ros_driver2/include/livox_ros_driver2/livox_ros_driver2/msg\n'}
[0.439599] (interface) StdoutLine: {'line': b'-- Up-to-date: /home/haiboliu/project/vln/localization/src/fastlio2/install/interface/local/lib/python3.10/dist-packages/interface\n'}
[0.439649] (interface) StdoutLine: {'line': b'-- Up-to-date: /home/haiboliu/project/vln/localization/src/fastlio2/install/interface/local/lib/python3.10/dist-packages/interface/interface_s__rosidl_typesupport_introspection_c.cpython-310-x86_64-linux-gnu.so\n'}
[0.439708] (livox_ros_driver2) StdoutLine: {'line': b'-- Up-to-date: /home/haiboliu/project/vln/localization/src/fastlio2/install/livox_ros_driver2/include/livox_ros_driver2/livox_ros_driver2/msg/detail\n'}
[0.439773] (interface) StdoutLine: {'line': b'-- Up-to-date: /home/haiboliu/project/vln/localization/src/fastlio2/install/interface/local/lib/python3.10/dist-packages/interface/__init__.py\n'}
[0.439827] (interface) StdoutLine: {'line': b'-- Up-to-date: /home/haiboliu/project/vln/localization/src/fastlio2/install/interface/local/lib/python3.10/dist-packages/interface/srv\n'}
[0.439876] (interface) StdoutLine: {'line': b'-- Up-to-date: /home/haiboliu/project/vln/localization/src/fastlio2/install/interface/local/lib/python3.10/dist-packages/interface/srv/_is_valid_s.c\n'}
[0.439925] (livox_ros_driver2) StdoutLine: {'line': b'-- Up-to-date: /home/haiboliu/project/vln/localization/src/fastlio2/install/livox_ros_driver2/include/livox_ros_driver2/livox_ros_driver2/msg/detail/custom_msg__rosidl_typesupport_introspection_cpp.hpp\n'}
[0.439974] (livox_ros_driver2) StdoutLine: {'line': b'-- Up-to-date: /home/haiboliu/project/vln/localization/src/fastlio2/install/livox_ros_driver2/include/livox_ros_driver2/livox_ros_driver2/msg/detail/custom_msg__type_support.cpp\n'}
[0.440024] (livox_ros_driver2) StdoutLine: {'line': b'-- Up-to-date: /home/haiboliu/project/vln/localization/src/fastlio2/install/livox_ros_driver2/include/livox_ros_driver2/livox_ros_driver2/msg/detail/custom_point__type_support.cpp\n'}
[0.440074] (livox_ros_driver2) StdoutLine: {'line': b'-- Up-to-date: /home/haiboliu/project/vln/localization/src/fastlio2/install/livox_ros_driver2/include/livox_ros_driver2/livox_ros_driver2/msg/detail/custom_point__rosidl_typesupport_introspection_cpp.hpp\n'}
[0.440127] (livox_ros_driver2) StdoutLine: {'line': b'-- Up-to-date: /home/haiboliu/project/vln/localization/src/fastlio2/install/livox_ros_driver2/lib/liblivox_ros_driver2__rosidl_typesupport_introspection_cpp.so\n'}
[0.440182] (livox_ros_driver2) StdoutLine: {'line': b'-- Up-to-date: /home/haiboliu/project/vln/localization/src/fastlio2/install/livox_ros_driver2/lib/liblivox_ros_driver2__rosidl_typesupport_cpp.so\n'}
[0.440232] (interface) StdoutLine: {'line': b'-- Up-to-date: /home/haiboliu/project/vln/localization/src/fastlio2/install/interface/local/lib/python3.10/dist-packages/interface/srv/__init__.py\n'}
[0.440282] (interface) StdoutLine: {'line': b'-- Up-to-date: /home/haiboliu/project/vln/localization/src/fastlio2/install/interface/local/lib/python3.10/dist-packages/interface/srv/_relocalize_s.c\n'}
[0.440332] (interface) StdoutLine: {'line': b'-- Up-to-date: /home/haiboliu/project/vln/localization/src/fastlio2/install/interface/local/lib/python3.10/dist-packages/interface/srv/_refine_map.py\n'}
[0.440382] (interface) StdoutLine: {'line': b'-- Up-to-date: /home/haiboliu/project/vln/localization/src/fastlio2/install/interface/local/lib/python3.10/dist-packages/interface/srv/_refine_map_s.c\n'}
[0.440431] (interface) StdoutLine: {'line': b'-- Up-to-date: /home/haiboliu/project/vln/localization/src/fastlio2/install/interface/local/lib/python3.10/dist-packages/interface/srv/_save_poses_s.c\n'}
[0.440491] (interface) StdoutLine: {'line': b'-- Up-to-date: /home/haiboliu/project/vln/localization/src/fastlio2/install/interface/local/lib/python3.10/dist-packages/interface/srv/_is_valid.py\n'}
[0.440547] (interface) StdoutLine: {'line': b'-- Up-to-date: /home/haiboliu/project/vln/localization/src/fastlio2/install/interface/local/lib/python3.10/dist-packages/interface/srv/_relocalize.py\n'}
[0.440597] (interface) StdoutLine: {'line': b'-- Up-to-date: /home/haiboliu/project/vln/localization/src/fastlio2/install/interface/local/lib/python3.10/dist-packages/interface/srv/_save_poses.py\n'}
[0.440646] (interface) StdoutLine: {'line': b'-- Up-to-date: /home/haiboliu/project/vln/localization/src/fastlio2/install/interface/local/lib/python3.10/dist-packages/interface/srv/_save_maps.py\n'}
[0.440705] (interface) StdoutLine: {'line': b'-- Up-to-date: /home/haiboliu/project/vln/localization/src/fastlio2/install/interface/local/lib/python3.10/dist-packages/interface/srv/_save_maps_s.c\n'}
[0.440772] (interface) StdoutLine: {'line': b'-- Up-to-date: /home/haiboliu/project/vln/localization/src/fastlio2/install/interface/local/lib/python3.10/dist-packages/interface/_interface_s.ep.rosidl_typesupport_introspection_c.c\n'}
[0.440823] (interface) StdoutLine: {'line': b'-- Up-to-date: /home/haiboliu/project/vln/localization/src/fastlio2/install/interface/local/lib/python3.10/dist-packages/interface/interface_s__rosidl_typesupport_c.cpython-310-x86_64-linux-gnu.so\n'}
[0.440872] (interface) StdoutLine: {'line': b'-- Up-to-date: /home/haiboliu/project/vln/localization/src/fastlio2/install/interface/local/lib/python3.10/dist-packages/interface/_interface_s.ep.rosidl_typesupport_c.c\n'}
[0.440922] (interface) StdoutLine: {'line': b'-- Up-to-date: /home/haiboliu/project/vln/localization/src/fastlio2/install/interface/local/lib/python3.10/dist-packages/interface/libinterface__rosidl_generator_py.so\n'}
[0.440977] (interface) StdoutLine: {'line': b'-- Up-to-date: /home/haiboliu/project/vln/localization/src/fastlio2/install/interface/local/lib/python3.10/dist-packages/interface/interface_s__rosidl_typesupport_fastrtps_c.cpython-310-x86_64-linux-gnu.so\n'}
[0.441027] (interface) StdoutLine: {'line': b'-- Up-to-date: /home/haiboliu/project/vln/localization/src/fastlio2/install/interface/local/lib/python3.10/dist-packages/interface/_interface_s.ep.rosidl_typesupport_fastrtps_c.c\n'}
[0.441078] (livox_ros_driver2) StdoutLine: {'line': b'-- Up-to-date: /home/haiboliu/project/vln/localization/src/fastlio2/install/livox_ros_driver2/share/livox_ros_driver2/environment/pythonpath.sh\n'}
[0.441135] (livox_ros_driver2) StdoutLine: {'line': b'-- Up-to-date: /home/haiboliu/project/vln/localization/src/fastlio2/install/livox_ros_driver2/share/livox_ros_driver2/environment/pythonpath.dsv\n'}
[0.441187] (livox_ros_driver2) StdoutLine: {'line': b'-- Up-to-date: /home/haiboliu/project/vln/localization/src/fastlio2/install/livox_ros_driver2/local/lib/python3.10/dist-packages/livox_ros_driver2-1.0.0-py3.10.egg-info\n'}
[0.441237] (livox_ros_driver2) StdoutLine: {'line': b'-- Installing: /home/haiboliu/project/vln/localization/src/fastlio2/install/livox_ros_driver2/local/lib/python3.10/dist-packages/livox_ros_driver2-1.0.0-py3.10.egg-info/dependency_links.txt\n'}
[0.441288] (livox_ros_driver2) StdoutLine: {'line': b'-- Installing: /home/haiboliu/project/vln/localization/src/fastlio2/install/livox_ros_driver2/local/lib/python3.10/dist-packages/livox_ros_driver2-1.0.0-py3.10.egg-info/SOURCES.txt\n'}
[0.441338] (livox_ros_driver2) StdoutLine: {'line': b'-- Installing: /home/haiboliu/project/vln/localization/src/fastlio2/install/livox_ros_driver2/local/lib/python3.10/dist-packages/livox_ros_driver2-1.0.0-py3.10.egg-info/top_level.txt\n'}
[0.441388] (livox_ros_driver2) StdoutLine: {'line': b'-- Installing: /home/haiboliu/project/vln/localization/src/fastlio2/install/livox_ros_driver2/local/lib/python3.10/dist-packages/livox_ros_driver2-1.0.0-py3.10.egg-info/PKG-INFO\n'}
[0.441454] (livox_ros_driver2) StdoutLine: {'line': b'-- Up-to-date: /home/haiboliu/project/vln/localization/src/fastlio2/install/livox_ros_driver2/local/lib/python3.10/dist-packages/livox_ros_driver2\n'}
[0.441504] (livox_ros_driver2) StdoutLine: {'line': b'-- Up-to-date: /home/haiboliu/project/vln/localization/src/fastlio2/install/livox_ros_driver2/local/lib/python3.10/dist-packages/livox_ros_driver2/__init__.py\n'}
[0.441553] (livox_ros_driver2) StdoutLine: {'line': b'-- Up-to-date: /home/haiboliu/project/vln/localization/src/fastlio2/install/livox_ros_driver2/local/lib/python3.10/dist-packages/livox_ros_driver2/livox_ros_driver2_s__rosidl_typesupport_introspection_c.cpython-310-x86_64-linux-gnu.so\n'}
[0.441604] (livox_ros_driver2) StdoutLine: {'line': b'-- Up-to-date: /home/haiboliu/project/vln/localization/src/fastlio2/install/livox_ros_driver2/local/lib/python3.10/dist-packages/livox_ros_driver2/_livox_ros_driver2_s.ep.rosidl_typesupport_c.c\n'}
[0.441653] (livox_ros_driver2) StdoutLine: {'line': b'-- Up-to-date: /home/haiboliu/project/vln/localization/src/fastlio2/install/livox_ros_driver2/local/lib/python3.10/dist-packages/livox_ros_driver2/msg\n'}
[0.441715] (livox_ros_driver2) StdoutLine: {'line': b'-- Up-to-date: /home/haiboliu/project/vln/localization/src/fastlio2/install/livox_ros_driver2/local/lib/python3.10/dist-packages/livox_ros_driver2/msg/__init__.py\n'}
[0.441780] (livox_ros_driver2) StdoutLine: {'line': b'-- Up-to-date: /home/haiboliu/project/vln/localization/src/fastlio2/install/livox_ros_driver2/local/lib/python3.10/dist-packages/livox_ros_driver2/msg/_custom_msg_s.c\n'}
[0.441834] (livox_ros_driver2) StdoutLine: {'line': b'-- Up-to-date: /home/haiboliu/project/vln/localization/src/fastlio2/install/livox_ros_driver2/local/lib/python3.10/dist-packages/livox_ros_driver2/msg/_custom_point_s.c\n'}
[0.441883] (livox_ros_driver2) StdoutLine: {'line': b'-- Up-to-date: /home/haiboliu/project/vln/localization/src/fastlio2/install/livox_ros_driver2/local/lib/python3.10/dist-packages/livox_ros_driver2/msg/_custom_msg.py\n'}
[0.441932] (livox_ros_driver2) StdoutLine: {'line': b'-- Up-to-date: /home/haiboliu/project/vln/localization/src/fastlio2/install/livox_ros_driver2/local/lib/python3.10/dist-packages/livox_ros_driver2/msg/_custom_point.py\n'}
[0.441997] (livox_ros_driver2) StdoutLine: {'line': b'-- Up-to-date: /home/haiboliu/project/vln/localization/src/fastlio2/install/livox_ros_driver2/local/lib/python3.10/dist-packages/livox_ros_driver2/livox_ros_driver2_s__rosidl_typesupport_fastrtps_c.cpython-310-x86_64-linux-gnu.so\n'}
[0.442047] (livox_ros_driver2) StdoutLine: {'line': b'-- Up-to-date: /home/haiboliu/project/vln/localization/src/fastlio2/install/livox_ros_driver2/local/lib/python3.10/dist-packages/livox_ros_driver2/liblivox_ros_driver2__rosidl_generator_py.so\n'}
[0.442096] (livox_ros_driver2) StdoutLine: {'line': b'-- Up-to-date: /home/haiboliu/project/vln/localization/src/fastlio2/install/livox_ros_driver2/local/lib/python3.10/dist-packages/livox_ros_driver2/livox_ros_driver2_s__rosidl_typesupport_c.cpython-310-x86_64-linux-gnu.so\n'}
[0.442146] (livox_ros_driver2) StdoutLine: {'line': b'-- Up-to-date: /home/haiboliu/project/vln/localization/src/fastlio2/install/livox_ros_driver2/local/lib/python3.10/dist-packages/livox_ros_driver2/_livox_ros_driver2_s.ep.rosidl_typesupport_fastrtps_c.c\n'}
[0.442196] (livox_ros_driver2) StdoutLine: {'line': b'-- Up-to-date: /home/haiboliu/project/vln/localization/src/fastlio2/install/livox_ros_driver2/local/lib/python3.10/dist-packages/livox_ros_driver2/_livox_ros_driver2_s.ep.rosidl_typesupport_introspection_c.c\n'}
[0.457331] (livox_ros_driver2) StdoutLine: {'line': b"Listing '/home/haiboliu/project/vln/localization/src/fastlio2/install/livox_ros_driver2/local/lib/python3.10/dist-packages/livox_ros_driver2'...\n"}
[0.457578] (livox_ros_driver2) StdoutLine: {'line': b"Listing '/home/haiboliu/project/vln/localization/src/fastlio2/install/livox_ros_driver2/local/lib/python3.10/dist-packages/livox_ros_driver2/msg'...\n"}
[0.462343] (livox_ros_driver2) StdoutLine: {'line': b'-- Up-to-date: /home/haiboliu/project/vln/localization/src/fastlio2/install/livox_ros_driver2/local/lib/python3.10/dist-packages/livox_ros_driver2/livox_ros_driver2_s__rosidl_typesupport_fastrtps_c.cpython-310-x86_64-linux-gnu.so\n'}
[0.463005] (livox_ros_driver2) StdoutLine: {'line': b'-- Up-to-date: /home/haiboliu/project/vln/localization/src/fastlio2/install/livox_ros_driver2/local/lib/python3.10/dist-packages/livox_ros_driver2/livox_ros_driver2_s__rosidl_typesupport_introspection_c.cpython-310-x86_64-linux-gnu.so\n'}
[0.463493] (interface) StdoutLine: {'line': b"Listing '/home/haiboliu/project/vln/localization/src/fastlio2/install/interface/local/lib/python3.10/dist-packages/interface'...\n"}
[0.463663] (interface) StdoutLine: {'line': b"Listing '/home/haiboliu/project/vln/localization/src/fastlio2/install/interface/local/lib/python3.10/dist-packages/interface/srv'...\n"}
[0.463913] (livox_ros_driver2) StdoutLine: {'line': b'-- Up-to-date: /home/haiboliu/project/vln/localization/src/fastlio2/install/livox_ros_driver2/local/lib/python3.10/dist-packages/livox_ros_driver2/livox_ros_driver2_s__rosidl_typesupport_c.cpython-310-x86_64-linux-gnu.so\n'}
[0.464404] (livox_ros_driver2) StdoutLine: {'line': b'-- Up-to-date: /home/haiboliu/project/vln/localization/src/fastlio2/install/livox_ros_driver2/lib/liblivox_ros_driver2__rosidl_generator_py.so\n'}
[0.464903] (livox_ros_driver2) StdoutLine: {'line': b'-- Up-to-date: /home/haiboliu/project/vln/localization/src/fastlio2/install/livox_ros_driver2/share/livox_ros_driver2/msg/CustomMsg.idl\n'}
[0.465209] (livox_ros_driver2) StdoutLine: {'line': b'-- Up-to-date: /home/haiboliu/project/vln/localization/src/fastlio2/install/livox_ros_driver2/share/livox_ros_driver2/msg/CustomPoint.idl\n'}
[0.465382] (livox_ros_driver2) StdoutLine: {'line': b'-- Up-to-date: /home/haiboliu/project/vln/localization/src/fastlio2/install/livox_ros_driver2/share/livox_ros_driver2/msg/CustomMsg.msg\n'}
[0.465588] (livox_ros_driver2) StdoutLine: {'line': b'-- Up-to-date: /home/haiboliu/project/vln/localization/src/fastlio2/install/livox_ros_driver2/share/livox_ros_driver2/msg/CustomPoint.msg\n'}
[0.465836] (livox_ros_driver2) StdoutLine: {'line': b'-- Up-to-date: /home/haiboliu/project/vln/localization/src/fastlio2/install/livox_ros_driver2/share/ament_index/resource_index/package_run_dependencies/livox_ros_driver2\n'}
[0.465996] (livox_ros_driver2) StdoutLine: {'line': b'-- Up-to-date: /home/haiboliu/project/vln/localization/src/fastlio2/install/livox_ros_driver2/share/ament_index/resource_index/parent_prefix_path/livox_ros_driver2\n'}
[0.466138] (livox_ros_driver2) StdoutLine: {'line': b'-- Up-to-date: /home/haiboliu/project/vln/localization/src/fastlio2/install/livox_ros_driver2/share/livox_ros_driver2/environment/ament_prefix_path.sh\n'}
[0.466339] (livox_ros_driver2) StdoutLine: {'line': b'-- Up-to-date: /home/haiboliu/project/vln/localization/src/fastlio2/install/livox_ros_driver2/share/livox_ros_driver2/environment/ament_prefix_path.dsv\n'}
[0.466588] (livox_ros_driver2) StdoutLine: {'line': b'-- Up-to-date: /home/haiboliu/project/vln/localization/src/fastlio2/install/livox_ros_driver2/share/livox_ros_driver2/environment/path.sh\n'}
[0.466770] (livox_ros_driver2) StdoutLine: {'line': b'-- Up-to-date: /home/haiboliu/project/vln/localization/src/fastlio2/install/livox_ros_driver2/share/livox_ros_driver2/environment/path.dsv\n'}
[0.466937] (livox_ros_driver2) StdoutLine: {'line': b'-- Up-to-date: /home/haiboliu/project/vln/localization/src/fastlio2/install/livox_ros_driver2/share/livox_ros_driver2/local_setup.bash\n'}
[0.467076] (livox_ros_driver2) StdoutLine: {'line': b'-- Up-to-date: /home/haiboliu/project/vln/localization/src/fastlio2/install/livox_ros_driver2/share/livox_ros_driver2/local_setup.sh\n'}
[0.467279] (livox_ros_driver2) StdoutLine: {'line': b'-- Up-to-date: /home/haiboliu/project/vln/localization/src/fastlio2/install/livox_ros_driver2/share/livox_ros_driver2/local_setup.zsh\n'}
[0.467503] (livox_ros_driver2) StdoutLine: {'line': b'-- Up-to-date: /home/haiboliu/project/vln/localization/src/fastlio2/install/livox_ros_driver2/share/livox_ros_driver2/local_setup.dsv\n'}
[0.467651] (livox_ros_driver2) StdoutLine: {'line': b'-- Installing: /home/haiboliu/project/vln/localization/src/fastlio2/install/livox_ros_driver2/share/livox_ros_driver2/package.dsv\n'}
[0.467994] (livox_ros_driver2) StdoutLine: {'line': b'-- Up-to-date: /home/haiboliu/project/vln/localization/src/fastlio2/install/livox_ros_driver2/share/ament_index/resource_index/packages/livox_ros_driver2\n'}
[0.468310] (interface) StdoutLine: {'line': b'-- Up-to-date: /home/haiboliu/project/vln/localization/src/fastlio2/install/interface/local/lib/python3.10/dist-packages/interface/interface_s__rosidl_typesupport_fastrtps_c.cpython-310-x86_64-linux-gnu.so\n'}
[0.468497] (livox_ros_driver2) StdoutLine: {'line': b'-- Up-to-date: /home/haiboliu/project/vln/localization/src/fastlio2/install/livox_ros_driver2/share/livox_ros_driver2/cmake/export_livox_ros_driver2__rosidl_generator_cExport.cmake\n'}
[0.468632] (livox_ros_driver2) StdoutLine: {'line': b'-- Up-to-date: /home/haiboliu/project/vln/localization/src/fastlio2/install/livox_ros_driver2/share/livox_ros_driver2/cmake/export_livox_ros_driver2__rosidl_generator_cExport-noconfig.cmake\n'}
[0.468895] (livox_ros_driver2) StdoutLine: {'line': b'-- Up-to-date: /home/haiboliu/project/vln/localization/src/fastlio2/install/livox_ros_driver2/share/livox_ros_driver2/cmake/export_livox_ros_driver2__rosidl_typesupport_fastrtps_cExport.cmake\n'}
[0.469059] (livox_ros_driver2) StdoutLine: {'line': b'-- Up-to-date: /home/haiboliu/project/vln/localization/src/fastlio2/install/livox_ros_driver2/share/livox_ros_driver2/cmake/export_livox_ros_driver2__rosidl_typesupport_fastrtps_cExport-noconfig.cmake\n'}
[0.469217] (interface) StdoutLine: {'line': b'-- Up-to-date: /home/haiboliu/project/vln/localization/src/fastlio2/install/interface/local/lib/python3.10/dist-packages/interface/interface_s__rosidl_typesupport_introspection_c.cpython-310-x86_64-linux-gnu.so\n'}
[0.469381] (livox_ros_driver2) StdoutLine: {'line': b'-- Up-to-date: /home/haiboliu/project/vln/localization/src/fastlio2/install/livox_ros_driver2/share/livox_ros_driver2/cmake/export_livox_ros_driver2__rosidl_generator_cppExport.cmake\n'}
[0.469665] (livox_ros_driver2) StdoutLine: {'line': b'-- Up-to-date: /home/haiboliu/project/vln/localization/src/fastlio2/install/livox_ros_driver2/share/livox_ros_driver2/cmake/export_livox_ros_driver2__rosidl_typesupport_fastrtps_cppExport.cmake\n'}
[0.469853] (interface) StdoutLine: {'line': b'-- Up-to-date: /home/haiboliu/project/vln/localization/src/fastlio2/install/interface/local/lib/python3.10/dist-packages/interface/interface_s__rosidl_typesupport_c.cpython-310-x86_64-linux-gnu.so\n'}
[0.469967] (livox_ros_driver2) StdoutLine: {'line': b'-- Up-to-date: /home/haiboliu/project/vln/localization/src/fastlio2/install/livox_ros_driver2/share/livox_ros_driver2/cmake/export_livox_ros_driver2__rosidl_typesupport_fastrtps_cppExport-noconfig.cmake\n'}
[0.470160] (livox_ros_driver2) StdoutLine: {'line': b'-- Up-to-date: /home/haiboliu/project/vln/localization/src/fastlio2/install/livox_ros_driver2/share/livox_ros_driver2/cmake/livox_ros_driver2__rosidl_typesupport_introspection_cExport.cmake\n'}
[0.470344] (livox_ros_driver2) StdoutLine: {'line': b'-- Up-to-date: /home/haiboliu/project/vln/localization/src/fastlio2/install/livox_ros_driver2/share/livox_ros_driver2/cmake/livox_ros_driver2__rosidl_typesupport_introspection_cExport-noconfig.cmake\n'}
[0.470533] (interface) StdoutLine: {'line': b'-- Up-to-date: /home/haiboliu/project/vln/localization/src/fastlio2/install/interface/lib/libinterface__rosidl_generator_py.so\n'}
[0.470768] (livox_ros_driver2) StdoutLine: {'line': b'-- Up-to-date: /home/haiboliu/project/vln/localization/src/fastlio2/install/livox_ros_driver2/share/livox_ros_driver2/cmake/livox_ros_driver2__rosidl_typesupport_cExport.cmake\n'}
[0.471039] (interface) StdoutLine: {'line': b'-- Up-to-date: /home/haiboliu/project/vln/localization/src/fastlio2/install/interface/share/interface/srv/SaveMaps.idl\n'}
[0.471250] (interface) StdoutLine: {'line': b'-- Up-to-date: /home/haiboliu/project/vln/localization/src/fastlio2/install/interface/share/interface/srv/Relocalize.idl\n'}
[0.471392] (livox_ros_driver2) StdoutLine: {'line': b'-- Up-to-date: /home/haiboliu/project/vln/localization/src/fastlio2/install/livox_ros_driver2/share/livox_ros_driver2/cmake/livox_ros_driver2__rosidl_typesupport_cExport-noconfig.cmake\n'}
[0.471532] (interface) StdoutLine: {'line': b'-- Up-to-date: /home/haiboliu/project/vln/localization/src/fastlio2/install/interface/share/interface/srv/IsValid.idl\n'}
[0.471674] (interface) StdoutLine: {'line': b'-- Up-to-date: /home/haiboliu/project/vln/localization/src/fastlio2/install/interface/share/interface/srv/RefineMap.idl\n'}
[0.471930] (interface) StdoutLine: {'line': b'-- Up-to-date: /home/haiboliu/project/vln/localization/src/fastlio2/install/interface/share/interface/srv/SavePoses.idl\n'}
[0.472119] (interface) StdoutLine: {'line': b'-- Up-to-date: /home/haiboliu/project/vln/localization/src/fastlio2/install/interface/share/interface/srv/SaveMaps.srv\n'}
[0.472246] (interface) StdoutLine: {'line': b'-- Up-to-date: /home/haiboliu/project/vln/localization/src/fastlio2/install/interface/share/interface/srv/SaveMaps_Request.msg\n'}
[0.472361] (interface) StdoutLine: {'line': b'-- Up-to-date: /home/haiboliu/project/vln/localization/src/fastlio2/install/interface/share/interface/srv/SaveMaps_Response.msg\n'}
[0.472476] (interface) StdoutLine: {'line': b'-- Up-to-date: /home/haiboliu/project/vln/localization/src/fastlio2/install/interface/share/interface/srv/Relocalize.srv\n'}
[0.472607] (interface) StdoutLine: {'line': b'-- Up-to-date: /home/haiboliu/project/vln/localization/src/fastlio2/install/interface/share/interface/srv/Relocalize_Request.msg\n'}
[0.472929] (interface) StdoutLine: {'line': b'-- Up-to-date: /home/haiboliu/project/vln/localization/src/fastlio2/install/interface/share/interface/srv/Relocalize_Response.msg\n'}
[0.473111] (interface) StdoutLine: {'line': b'-- Up-to-date: /home/haiboliu/project/vln/localization/src/fastlio2/install/interface/share/interface/srv/IsValid.srv\n'}
[0.473226] (interface) StdoutLine: {'line': b'-- Up-to-date: /home/haiboliu/project/vln/localization/src/fastlio2/install/interface/share/interface/srv/IsValid_Request.msg\n'}
[0.473337] (interface) StdoutLine: {'line': b'-- Up-to-date: /home/haiboliu/project/vln/localization/src/fastlio2/install/interface/share/interface/srv/IsValid_Response.msg\n'}
[0.473445] (livox_ros_driver2) StdoutLine: {'line': b'-- Up-to-date: /home/haiboliu/project/vln/localization/src/fastlio2/install/livox_ros_driver2/share/livox_ros_driver2/cmake/livox_ros_driver2__rosidl_typesupport_introspection_cppExport.cmake\n'}
[0.473652] (interface) StdoutLine: {'line': b'-- Up-to-date: /home/haiboliu/project/vln/localization/src/fastlio2/install/interface/share/interface/srv/RefineMap.srv\n'}
[0.473931] (interface) StdoutLine: {'line': b'-- Up-to-date: /home/haiboliu/project/vln/localization/src/fastlio2/install/interface/share/interface/srv/RefineMap_Request.msg\n'}
[0.474040] (interface) StdoutLine: {'line': b'-- Up-to-date: /home/haiboliu/project/vln/localization/src/fastlio2/install/interface/share/interface/srv/RefineMap_Response.msg\n'}
[0.474143] (interface) StdoutLine: {'line': b'-- Up-to-date: /home/haiboliu/project/vln/localization/src/fastlio2/install/interface/share/interface/srv/SavePoses.srv\n'}
[0.474247] (interface) StdoutLine: {'line': b'-- Up-to-date: /home/haiboliu/project/vln/localization/src/fastlio2/install/interface/share/interface/srv/SavePoses_Request.msg\n'}
[0.474348] (interface) StdoutLine: {'line': b'-- Up-to-date: /home/haiboliu/project/vln/localization/src/fastlio2/install/interface/share/interface/srv/SavePoses_Response.msg\n'}
[0.474458] (interface) StdoutLine: {'line': b'-- Up-to-date: /home/haiboliu/project/vln/localization/src/fastlio2/install/interface/share/ament_index/resource_index/package_run_dependencies/interface\n'}
[0.474570] (livox_ros_driver2) StdoutLine: {'line': b'-- Up-to-date: /home/haiboliu/project/vln/localization/src/fastlio2/install/livox_ros_driver2/share/livox_ros_driver2/cmake/livox_ros_driver2__rosidl_typesupport_introspection_cppExport-noconfig.cmake\n'}
[0.474764] (livox_ros_driver2) StdoutLine: {'line': b'-- Up-to-date: /home/haiboliu/project/vln/localization/src/fastlio2/install/livox_ros_driver2/share/livox_ros_driver2/cmake/livox_ros_driver2__rosidl_typesupport_cppExport.cmake\n'}
[0.474906] (livox_ros_driver2) StdoutLine: {'line': b'-- Up-to-date: /home/haiboliu/project/vln/localization/src/fastlio2/install/livox_ros_driver2/share/livox_ros_driver2/cmake/livox_ros_driver2__rosidl_typesupport_cppExport-noconfig.cmake\n'}
[0.475010] (livox_ros_driver2) StdoutLine: {'line': b'-- Up-to-date: /home/haiboliu/project/vln/localization/src/fastlio2/install/livox_ros_driver2/share/livox_ros_driver2/cmake/export_livox_ros_driver2__rosidl_generator_pyExport.cmake\n'}
[0.475112] (livox_ros_driver2) StdoutLine: {'line': b'-- Up-to-date: /home/haiboliu/project/vln/localization/src/fastlio2/install/livox_ros_driver2/share/livox_ros_driver2/cmake/export_livox_ros_driver2__rosidl_generator_pyExport-noconfig.cmake\n'}
[0.475224] (livox_ros_driver2) StdoutLine: {'line': b'-- Up-to-date: /home/haiboliu/project/vln/localization/src/fastlio2/install/livox_ros_driver2/share/livox_ros_driver2/cmake/rosidl_cmake-extras.cmake\n'}
[0.475333] (livox_ros_driver2) StdoutLine: {'line': b'-- Up-to-date: /home/haiboliu/project/vln/localization/src/fastlio2/install/livox_ros_driver2/share/livox_ros_driver2/cmake/ament_cmake_export_dependencies-extras.cmake\n'}
[0.475442] (interface) StdoutLine: {'line': b'-- Up-to-date: /home/haiboliu/project/vln/localization/src/fastlio2/install/interface/share/ament_index/resource_index/parent_prefix_path/interface\n'}
[0.475595] (interface) StdoutLine: {'line': b'-- Up-to-date: /home/haiboliu/project/vln/localization/src/fastlio2/install/interface/share/interface/environment/ament_prefix_path.sh\n'}
[0.475714] (livox_ros_driver2) StdoutLine: {'line': b'-- Up-to-date: /home/haiboliu/project/vln/localization/src/fastlio2/install/livox_ros_driver2/share/livox_ros_driver2/cmake/ament_cmake_export_include_directories-extras.cmake\n'}
[0.475899] (interface) StdoutLine: {'line': b'-- Up-to-date: /home/haiboliu/project/vln/localization/src/fastlio2/install/interface/share/interface/environment/ament_prefix_path.dsv\n'}
[0.476038] (interface) StdoutLine: {'line': b'-- Up-to-date: /home/haiboliu/project/vln/localization/src/fastlio2/install/interface/share/interface/environment/path.sh\n'}
[0.476144] (interface) StdoutLine: {'line': b'-- Up-to-date: /home/haiboliu/project/vln/localization/src/fastlio2/install/interface/share/interface/environment/path.dsv\n'}
[0.476245] (interface) StdoutLine: {'line': b'-- Up-to-date: /home/haiboliu/project/vln/localization/src/fastlio2/install/interface/share/interface/local_setup.bash\n'}
[0.476359] (interface) StdoutLine: {'line': b'-- Up-to-date: /home/haiboliu/project/vln/localization/src/fastlio2/install/interface/share/interface/local_setup.sh\n'}
[0.476463] (interface) StdoutLine: {'line': b'-- Up-to-date: /home/haiboliu/project/vln/localization/src/fastlio2/install/interface/share/interface/local_setup.zsh\n'}
[0.476587] (livox_ros_driver2) StdoutLine: {'line': b'-- Up-to-date: /home/haiboliu/project/vln/localization/src/fastlio2/install/livox_ros_driver2/share/livox_ros_driver2/cmake/ament_cmake_export_libraries-extras.cmake\n'}
[0.476686] (interface) StdoutLine: {'line': b'-- Up-to-date: /home/haiboliu/project/vln/localization/src/fastlio2/install/interface/share/interface/local_setup.dsv\n'}
[0.476843] (livox_ros_driver2) StdoutLine: {'line': b'-- Up-to-date: /home/haiboliu/project/vln/localization/src/fastlio2/install/livox_ros_driver2/share/livox_ros_driver2/cmake/ament_cmake_export_targets-extras.cmake\n'}
[0.476951] (livox_ros_driver2) StdoutLine: {'line': b'-- Up-to-date: /home/haiboliu/project/vln/localization/src/fastlio2/install/livox_ros_driver2/share/livox_ros_driver2/cmake/rosidl_cmake_export_typesupport_targets-extras.cmake\n'}
[0.477062] (livox_ros_driver2) StdoutLine: {'line': b'-- Up-to-date: /home/haiboliu/project/vln/localization/src/fastlio2/install/livox_ros_driver2/share/livox_ros_driver2/cmake/rosidl_cmake_export_typesupport_libraries-extras.cmake\n'}
[0.477175] (livox_ros_driver2) StdoutLine: {'line': b'-- Up-to-date: /home/haiboliu/project/vln/localization/src/fastlio2/install/livox_ros_driver2/share/livox_ros_driver2/cmake/livox_ros_driver2Config.cmake\n'}
[0.477317] (livox_ros_driver2) StdoutLine: {'line': b'-- Up-to-date: /home/haiboliu/project/vln/localization/src/fastlio2/install/livox_ros_driver2/share/livox_ros_driver2/cmake/livox_ros_driver2Config-version.cmake\n'}
[0.477458] (livox_ros_driver2) StdoutLine: {'line': b'-- Up-to-date: /home/haiboliu/project/vln/localization/src/fastlio2/install/livox_ros_driver2/share/livox_ros_driver2/package.xml\n'}
[0.477598] (interface) StdoutLine: {'line': b'-- Installing: /home/haiboliu/project/vln/localization/src/fastlio2/install/interface/share/interface/package.dsv\n'}
[0.477854] (interface) StdoutLine: {'line': b'-- Up-to-date: /home/haiboliu/project/vln/localization/src/fastlio2/install/interface/share/ament_index/resource_index/packages/interface\n'}
[0.478343] (interface) StdoutLine: {'line': b'-- Up-to-date: /home/haiboliu/project/vln/localization/src/fastlio2/install/interface/share/interface/cmake/export_interface__rosidl_generator_cExport.cmake\n'}
[0.478495] (interface) StdoutLine: {'line': b'-- Up-to-date: /home/haiboliu/project/vln/localization/src/fastlio2/install/interface/share/interface/cmake/export_interface__rosidl_generator_cExport-noconfig.cmake\n'}
[0.478639] (interface) StdoutLine: {'line': b'-- Up-to-date: /home/haiboliu/project/vln/localization/src/fastlio2/install/interface/share/interface/cmake/export_interface__rosidl_typesupport_fastrtps_cExport.cmake\n'}
[0.479434] (interface) StdoutLine: {'line': b'-- Up-to-date: /home/haiboliu/project/vln/localization/src/fastlio2/install/interface/share/interface/cmake/export_interface__rosidl_typesupport_fastrtps_cExport-noconfig.cmake\n'}
[0.479640] (interface) StdoutLine: {'line': b'-- Up-to-date: /home/haiboliu/project/vln/localization/src/fastlio2/install/interface/share/interface/cmake/export_interface__rosidl_generator_cppExport.cmake\n'}
[0.480234] (interface) StdoutLine: {'line': b'-- Up-to-date: /home/haiboliu/project/vln/localization/src/fastlio2/install/interface/share/interface/cmake/export_interface__rosidl_typesupport_fastrtps_cppExport.cmake\n'}
[0.480634] (interface) StdoutLine: {'line': b'-- Up-to-date: /home/haiboliu/project/vln/localization/src/fastlio2/install/interface/share/interface/cmake/export_interface__rosidl_typesupport_fastrtps_cppExport-noconfig.cmake\n'}
[0.480908] (interface) StdoutLine: {'line': b'-- Up-to-date: /home/haiboliu/project/vln/localization/src/fastlio2/install/interface/share/interface/cmake/interface__rosidl_typesupport_introspection_cExport.cmake\n'}
[0.481067] (interface) StdoutLine: {'line': b'-- Up-to-date: /home/haiboliu/project/vln/localization/src/fastlio2/install/interface/share/interface/cmake/interface__rosidl_typesupport_introspection_cExport-noconfig.cmake\n'}
[0.481212] (interface) StdoutLine: {'line': b'-- Up-to-date: /home/haiboliu/project/vln/localization/src/fastlio2/install/interface/share/interface/cmake/interface__rosidl_typesupport_cExport.cmake\n'}
[0.481355] (interface) StdoutLine: {'line': b'-- Up-to-date: /home/haiboliu/project/vln/localization/src/fastlio2/install/interface/share/interface/cmake/interface__rosidl_typesupport_cExport-noconfig.cmake\n'}
[0.481497] (interface) StdoutLine: {'line': b'-- Up-to-date: /home/haiboliu/project/vln/localization/src/fastlio2/install/interface/share/interface/cmake/interface__rosidl_typesupport_introspection_cppExport.cmake\n'}
[0.481638] (interface) StdoutLine: {'line': b'-- Up-to-date: /home/haiboliu/project/vln/localization/src/fastlio2/install/interface/share/interface/cmake/interface__rosidl_typesupport_introspection_cppExport-noconfig.cmake\n'}
[0.482001] (interface) StdoutLine: {'line': b'-- Up-to-date: /home/haiboliu/project/vln/localization/src/fastlio2/install/interface/share/interface/cmake/interface__rosidl_typesupport_cppExport.cmake\n'}
[0.482186] (interface) StdoutLine: {'line': b'-- Up-to-date: /home/haiboliu/project/vln/localization/src/fastlio2/install/interface/share/interface/cmake/interface__rosidl_typesupport_cppExport-noconfig.cmake\n'}
[0.482332] (interface) StdoutLine: {'line': b'-- Up-to-date: /home/haiboliu/project/vln/localization/src/fastlio2/install/interface/share/interface/cmake/export_interface__rosidl_generator_pyExport.cmake\n'}
[0.482476] (interface) StdoutLine: {'line': b'-- Up-to-date: /home/haiboliu/project/vln/localization/src/fastlio2/install/interface/share/interface/cmake/export_interface__rosidl_generator_pyExport-noconfig.cmake\n'}
[0.482618] (interface) StdoutLine: {'line': b'-- Up-to-date: /home/haiboliu/project/vln/localization/src/fastlio2/install/interface/share/interface/cmake/rosidl_cmake-extras.cmake\n'}
[0.483313] (interface) StdoutLine: {'line': b'-- Up-to-date: /home/haiboliu/project/vln/localization/src/fastlio2/install/interface/share/interface/cmake/ament_cmake_export_dependencies-extras.cmake\n'}
[0.483482] (interface) StdoutLine: {'line': b'-- Up-to-date: /home/haiboliu/project/vln/localization/src/fastlio2/install/interface/share/interface/cmake/ament_cmake_export_include_directories-extras.cmake\n'}
[0.483627] (interface) StdoutLine: {'line': b'-- Up-to-date: /home/haiboliu/project/vln/localization/src/fastlio2/install/interface/share/interface/cmake/ament_cmake_export_libraries-extras.cmake\n'}
[0.483817] (interface) StdoutLine: {'line': b'-- Up-to-date: /home/haiboliu/project/vln/localization/src/fastlio2/install/interface/share/interface/cmake/ament_cmake_export_targets-extras.cmake\n'}
[0.484465] (interface) StdoutLine: {'line': b'-- Up-to-date: /home/haiboliu/project/vln/localization/src/fastlio2/install/interface/share/interface/cmake/rosidl_cmake_export_typesupport_targets-extras.cmake\n'}
[0.484792] (interface) StdoutLine: {'line': b'-- Up-to-date: /home/haiboliu/project/vln/localization/src/fastlio2/install/interface/share/interface/cmake/rosidl_cmake_export_typesupport_libraries-extras.cmake\n'}
[0.485130] (interface) StdoutLine: {'line': b'-- Up-to-date: /home/haiboliu/project/vln/localization/src/fastlio2/install/interface/share/interface/cmake/interfaceConfig.cmake\n'}
[0.485277] (interface) StdoutLine: {'line': b'-- Up-to-date: /home/haiboliu/project/vln/localization/src/fastlio2/install/interface/share/interface/cmake/interfaceConfig-version.cmake\n'}
[0.485420] (interface) StdoutLine: {'line': b'-- Up-to-date: /home/haiboliu/project/vln/localization/src/fastlio2/install/interface/share/interface/package.xml\n'}
[0.485561] (livox_ros_driver2) CommandEnded: {'returncode': 0}
[0.500777] (-) TimerEvent: {}
[0.526744] (livox_ros_driver2) JobEnded: {'identifier': 'livox_ros_driver2', 'rc': 0}
[0.529364] (fastlio2) JobStarted: {'identifier': 'fastlio2'}
[0.536044] (interface) CommandEnded: {'returncode': 0}
[0.549393] (interface) JobEnded: {'identifier': 'interface', 'rc': 0}
[0.550742] (hba) JobStarted: {'identifier': 'hba'}
[0.552533] (localizer) JobStarted: {'identifier': 'localizer'}
[0.555403] (pgo) JobStarted: {'identifier': 'pgo'}
[0.559080] (fastlio2) JobProgress: {'identifier': 'fastlio2', 'progress': 'cmake'}
[0.560021] (fastlio2) JobProgress: {'identifier': 'fastlio2', 'progress': 'build'}
[0.561048] (fastlio2) Command: {'cmd': ['/usr/bin/cmake', '--build', '/home/haiboliu/project/vln/localization/src/fastlio2/build/fastlio2', '--', '-j16', '-l16'], 'cwd': '/home/haiboliu/project/vln/localization/src/fastlio2/build/fastlio2', 'env': OrderedDict([('LESSOPEN', '| /usr/bin/lesspipe %s'), ('USER', 'haiboliu'), ('LC_TIME', 'zh_CN.UTF-8'), ('XDG_SESSION_TYPE', 'wayland'), ('SHLVL', '1'), ('LD_LIBRARY_PATH', '/home/haiboliu/project/vln/localization/src/fastlio2/install/livox_ros_driver2/lib:/opt/ros/humble/opt/rviz_ogre_vendor/lib:/opt/ros/humble/lib/x86_64-linux-gnu:/opt/ros/humble/lib'), ('HOME', '/home/haiboliu'), ('OLDPWD', '/home/haiboliu/project/vln/localization/src'), ('DESKTOP_SESSION', 'ubuntu'), ('ROS_PYTHON_VERSION', '3'), ('GNOME_SHELL_SESSION_MODE', 'ubuntu'), ('GTK_MODULES', 'gail:atk-bridge'), ('LC_MONETARY', 'zh_CN.UTF-8'), ('SYSTEMD_EXEC_PID', '1818'), ('DBUS_SESSION_BUS_ADDRESS', 'unix:path=/run/user/1001/bus'), ('COLORTERM', 'truecolor'), ('IM_CONFIG_PHASE', '1'), ('WAYLAND_DISPLAY', 'wayland-0'), ('ROS_DISTRO', 'humble'), ('LOGNAME', 'haiboliu'), ('_', '/usr/bin/colcon'), ('ROS_VERSION', '2'), ('XDG_SESSION_CLASS', 'user'), ('USERNAME', 'haiboliu'), ('TERM', 'xterm-256color'), ('GNOME_DESKTOP_SESSION_ID', 'this-is-deprecated'), ('ROS_LOCALHOST_ONLY', '0'), ('PATH', '/opt/ros/humble/bin:/usr/local/sbin:/usr/local/bin:/usr/sbin:/usr/bin:/sbin:/bin:/usr/games:/usr/local/games:/snap/bin:/snap/bin'), ('SESSION_MANAGER', 'local/CNBEDZPL210029:@/tmp/.ICE-unix/1790,unix/CNBEDZPL210029:/tmp/.ICE-unix/1790'), ('XDG_MENU_PREFIX', 'gnome-'), ('LC_ADDRESS', 'zh_CN.UTF-8'), ('GNOME_TERMINAL_SCREEN', '/org/gnome/Terminal/screen/f317baec_4654_4e46_9450_13a654dfa23f'), ('GNOME_SETUP_DISPLAY', ':1'), ('XDG_RUNTIME_DIR', '/run/user/1001'), ('DISPLAY', ':0'), ('LANG', 'en_US.UTF-8'), ('XDG_CURRENT_DESKTOP', 'ubuntu:GNOME'), ('LC_TELEPHONE', 'zh_CN.UTF-8'), ('XMODIFIERS', '@im=ibus'), ('XDG_SESSION_DESKTOP', 'ubuntu'), ('XAUTHORITY', '/run/user/1001/.mutter-Xwaylandauth.SZOGC3'), ('LS_COLORS', 'rs=0:di=01;34:ln=01;36:mh=00:pi=40;33:so=01;35:do=01;35:bd=40;33;01:cd=40;33;01:or=40;31;01:mi=00:su=37;41:sg=30;43:ca=30;41:tw=30;42:ow=34;42:st=37;44:ex=01;32:*.tar=01;31:*.tgz=01;31:*.arc=01;31:*.arj=01;31:*.taz=01;31:*.lha=01;31:*.lz4=01;31:*.lzh=01;31:*.lzma=01;31:*.tlz=01;31:*.txz=01;31:*.tzo=01;31:*.t7z=01;31:*.zip=01;31:*.z=01;31:*.dz=01;31:*.gz=01;31:*.lrz=01;31:*.lz=01;31:*.lzo=01;31:*.xz=01;31:*.zst=01;31:*.tzst=01;31:*.bz2=01;31:*.bz=01;31:*.tbz=01;31:*.tbz2=01;31:*.tz=01;31:*.deb=01;31:*.rpm=01;31:*.jar=01;31:*.war=01;31:*.ear=01;31:*.sar=01;31:*.rar=01;31:*.alz=01;31:*.ace=01;31:*.zoo=01;31:*.cpio=01;31:*.7z=01;31:*.rz=01;31:*.cab=01;31:*.wim=01;31:*.swm=01;31:*.dwm=01;31:*.esd=01;31:*.jpg=01;35:*.jpeg=01;35:*.mjpg=01;35:*.mjpeg=01;35:*.gif=01;35:*.bmp=01;35:*.pbm=01;35:*.pgm=01;35:*.ppm=01;35:*.tga=01;35:*.xbm=01;35:*.xpm=01;35:*.tif=01;35:*.tiff=01;35:*.png=01;35:*.svg=01;35:*.svgz=01;35:*.mng=01;35:*.pcx=01;35:*.mov=01;35:*.mpg=01;35:*.mpeg=01;35:*.m2v=01;35:*.mkv=01;35:*.webm=01;35:*.webp=01;35:*.ogm=01;35:*.mp4=01;35:*.m4v=01;35:*.mp4v=01;35:*.vob=01;35:*.qt=01;35:*.nuv=01;35:*.wmv=01;35:*.asf=01;35:*.rm=01;35:*.rmvb=01;35:*.flc=01;35:*.avi=01;35:*.fli=01;35:*.flv=01;35:*.gl=01;35:*.dl=01;35:*.xcf=01;35:*.xwd=01;35:*.yuv=01;35:*.cgm=01;35:*.emf=01;35:*.ogv=01;35:*.ogx=01;35:*.aac=00;36:*.au=00;36:*.flac=00;36:*.m4a=00;36:*.mid=00;36:*.midi=00;36:*.mka=00;36:*.mp3=00;36:*.mpc=00;36:*.ogg=00;36:*.ra=00;36:*.wav=00;36:*.oga=00;36:*.opus=00;36:*.spx=00;36:*.xspf=00;36:'), ('GNOME_TERMINAL_SERVICE', ':1.283'), ('SSH_AGENT_LAUNCHER', 'gnome-keyring'), ('SSH_AUTH_SOCK', '/run/user/1001/keyring/ssh'), ('AMENT_PREFIX_PATH', '/home/haiboliu/project/vln/localization/src/fastlio2/install/livox_ros_driver2:/opt/ros/humble'), ('SHELL', '/bin/bash'), ('LC_NAME', 'zh_CN.UTF-8'), ('QT_ACCESSIBILITY', '1'), ('GDMSESSION', 'ubuntu'), ('LESSCLOSE', '/usr/bin/lesspipe %s %s'), ('LC_MEASUREMENT', 'zh_CN.UTF-8'), ('LC_IDENTIFICATION', 'zh_CN.UTF-8'), ('QT_IM_MODULE', 'ibus'), ('PWD', '/home/haiboliu/project/vln/localization/src/fastlio2/build/fastlio2'), ('XDG_CONFIG_DIRS', '/etc/xdg/xdg-ubuntu:/etc/xdg'), ('XDG_DATA_DIRS', '/usr/share/ubuntu:/usr/local/share/:/usr/share/:/var/lib/snapd/desktop'), ('PYTHONPATH', '/home/haiboliu/project/vln/localization/src/fastlio2/install/livox_ros_driver2/local/lib/python3.10/dist-packages:/opt/ros/humble/lib/python3.10/site-packages:/opt/ros/humble/local/lib/python3.10/dist-packages'), ('LC_NUMERIC', 'zh_CN.UTF-8'), ('LC_PAPER', 'zh_CN.UTF-8'), ('COLCON', '1'), ('VTE_VERSION', '6800'), ('CMAKE_PREFIX_PATH', '/home/haiboliu/project/vln/localization/src/fastlio2/install/livox_ros_driver2:/opt/ros/humble')]), 'shell': False}
[0.563120] (hba) JobProgress: {'identifier': 'hba', 'progress': 'cmake'}
[0.564417] (hba) JobProgress: {'identifier': 'hba', 'progress': 'build'}
[0.564952] (hba) Command: {'cmd': ['/usr/bin/cmake', '--build', '/home/haiboliu/project/vln/localization/src/fastlio2/build/hba', '--', '-j16', '-l16'], 'cwd': '/home/haiboliu/project/vln/localization/src/fastlio2/build/hba', 'env': OrderedDict([('LESSOPEN', '| /usr/bin/lesspipe %s'), ('USER', 'haiboliu'), ('LC_TIME', 'zh_CN.UTF-8'), ('XDG_SESSION_TYPE', 'wayland'), ('SHLVL', '1'), ('LD_LIBRARY_PATH', '/home/haiboliu/project/vln/localization/src/fastlio2/install/interface/lib:/opt/ros/humble/opt/rviz_ogre_vendor/lib:/opt/ros/humble/lib/x86_64-linux-gnu:/opt/ros/humble/lib'), ('HOME', '/home/haiboliu'), ('OLDPWD', '/home/haiboliu/project/vln/localization/src'), ('DESKTOP_SESSION', 'ubuntu'), ('ROS_PYTHON_VERSION', '3'), ('GNOME_SHELL_SESSION_MODE', 'ubuntu'), ('GTK_MODULES', 'gail:atk-bridge'), ('LC_MONETARY', 'zh_CN.UTF-8'), ('SYSTEMD_EXEC_PID', '1818'), ('DBUS_SESSION_BUS_ADDRESS', 'unix:path=/run/user/1001/bus'), ('COLORTERM', 'truecolor'), ('IM_CONFIG_PHASE', '1'), ('WAYLAND_DISPLAY', 'wayland-0'), ('ROS_DISTRO', 'humble'), ('LOGNAME', 'haiboliu'), ('_', '/usr/bin/colcon'), ('ROS_VERSION', '2'), ('XDG_SESSION_CLASS', 'user'), ('USERNAME', 'haiboliu'), ('TERM', 'xterm-256color'), ('GNOME_DESKTOP_SESSION_ID', 'this-is-deprecated'), ('ROS_LOCALHOST_ONLY', '0'), ('PATH', '/opt/ros/humble/bin:/usr/local/sbin:/usr/local/bin:/usr/sbin:/usr/bin:/sbin:/bin:/usr/games:/usr/local/games:/snap/bin:/snap/bin'), ('SESSION_MANAGER', 'local/CNBEDZPL210029:@/tmp/.ICE-unix/1790,unix/CNBEDZPL210029:/tmp/.ICE-unix/1790'), ('XDG_MENU_PREFIX', 'gnome-'), ('LC_ADDRESS', 'zh_CN.UTF-8'), ('GNOME_TERMINAL_SCREEN', '/org/gnome/Terminal/screen/f317baec_4654_4e46_9450_13a654dfa23f'), ('GNOME_SETUP_DISPLAY', ':1'), ('XDG_RUNTIME_DIR', '/run/user/1001'), ('DISPLAY', ':0'), ('LANG', 'en_US.UTF-8'), ('XDG_CURRENT_DESKTOP', 'ubuntu:GNOME'), ('LC_TELEPHONE', 'zh_CN.UTF-8'), ('XMODIFIERS', '@im=ibus'), ('XDG_SESSION_DESKTOP', 'ubuntu'), ('XAUTHORITY', '/run/user/1001/.mutter-Xwaylandauth.SZOGC3'), ('LS_COLORS', 'rs=0:di=01;34:ln=01;36:mh=00:pi=40;33:so=01;35:do=01;35:bd=40;33;01:cd=40;33;01:or=40;31;01:mi=00:su=37;41:sg=30;43:ca=30;41:tw=30;42:ow=34;42:st=37;44:ex=01;32:*.tar=01;31:*.tgz=01;31:*.arc=01;31:*.arj=01;31:*.taz=01;31:*.lha=01;31:*.lz4=01;31:*.lzh=01;31:*.lzma=01;31:*.tlz=01;31:*.txz=01;31:*.tzo=01;31:*.t7z=01;31:*.zip=01;31:*.z=01;31:*.dz=01;31:*.gz=01;31:*.lrz=01;31:*.lz=01;31:*.lzo=01;31:*.xz=01;31:*.zst=01;31:*.tzst=01;31:*.bz2=01;31:*.bz=01;31:*.tbz=01;31:*.tbz2=01;31:*.tz=01;31:*.deb=01;31:*.rpm=01;31:*.jar=01;31:*.war=01;31:*.ear=01;31:*.sar=01;31:*.rar=01;31:*.alz=01;31:*.ace=01;31:*.zoo=01;31:*.cpio=01;31:*.7z=01;31:*.rz=01;31:*.cab=01;31:*.wim=01;31:*.swm=01;31:*.dwm=01;31:*.esd=01;31:*.jpg=01;35:*.jpeg=01;35:*.mjpg=01;35:*.mjpeg=01;35:*.gif=01;35:*.bmp=01;35:*.pbm=01;35:*.pgm=01;35:*.ppm=01;35:*.tga=01;35:*.xbm=01;35:*.xpm=01;35:*.tif=01;35:*.tiff=01;35:*.png=01;35:*.svg=01;35:*.svgz=01;35:*.mng=01;35:*.pcx=01;35:*.mov=01;35:*.mpg=01;35:*.mpeg=01;35:*.m2v=01;35:*.mkv=01;35:*.webm=01;35:*.webp=01;35:*.ogm=01;35:*.mp4=01;35:*.m4v=01;35:*.mp4v=01;35:*.vob=01;35:*.qt=01;35:*.nuv=01;35:*.wmv=01;35:*.asf=01;35:*.rm=01;35:*.rmvb=01;35:*.flc=01;35:*.avi=01;35:*.fli=01;35:*.flv=01;35:*.gl=01;35:*.dl=01;35:*.xcf=01;35:*.xwd=01;35:*.yuv=01;35:*.cgm=01;35:*.emf=01;35:*.ogv=01;35:*.ogx=01;35:*.aac=00;36:*.au=00;36:*.flac=00;36:*.m4a=00;36:*.mid=00;36:*.midi=00;36:*.mka=00;36:*.mp3=00;36:*.mpc=00;36:*.ogg=00;36:*.ra=00;36:*.wav=00;36:*.oga=00;36:*.opus=00;36:*.spx=00;36:*.xspf=00;36:'), ('GNOME_TERMINAL_SERVICE', ':1.283'), ('SSH_AGENT_LAUNCHER', 'gnome-keyring'), ('SSH_AUTH_SOCK', '/run/user/1001/keyring/ssh'), ('AMENT_PREFIX_PATH', '/home/haiboliu/project/vln/localization/src/fastlio2/install/interface:/opt/ros/humble'), ('SHELL', '/bin/bash'), ('LC_NAME', 'zh_CN.UTF-8'), ('QT_ACCESSIBILITY', '1'), ('GDMSESSION', 'ubuntu'), ('LESSCLOSE', '/usr/bin/lesspipe %s %s'), ('LC_MEASUREMENT', 'zh_CN.UTF-8'), ('LC_IDENTIFICATION', 'zh_CN.UTF-8'), ('QT_IM_MODULE', 'ibus'), ('PWD', '/home/haiboliu/project/vln/localization/src/fastlio2/build/hba'), ('XDG_CONFIG_DIRS', '/etc/xdg/xdg-ubuntu:/etc/xdg'), ('XDG_DATA_DIRS', '/usr/share/ubuntu:/usr/local/share/:/usr/share/:/var/lib/snapd/desktop'), ('PYTHONPATH', '/home/haiboliu/project/vln/localization/src/fastlio2/install/interface/local/lib/python3.10/dist-packages:/opt/ros/humble/lib/python3.10/site-packages:/opt/ros/humble/local/lib/python3.10/dist-packages'), ('LC_NUMERIC', 'zh_CN.UTF-8'), ('LC_PAPER', 'zh_CN.UTF-8'), ('COLCON', '1'), ('VTE_VERSION', '6800'), ('CMAKE_PREFIX_PATH', '/home/haiboliu/project/vln/localization/src/fastlio2/install/interface:/opt/ros/humble')]), 'shell': False}
[0.567458] (localizer) JobProgress: {'identifier': 'localizer', 'progress': 'cmake'}
[0.568848] (localizer) JobProgress: {'identifier': 'localizer', 'progress': 'build'}
[0.569399] (localizer) Command: {'cmd': ['/usr/bin/cmake', '--build', '/home/haiboliu/project/vln/localization/src/fastlio2/build/localizer', '--', '-j16', '-l16'], 'cwd': '/home/haiboliu/project/vln/localization/src/fastlio2/build/localizer', 'env': OrderedDict([('LESSOPEN', '| /usr/bin/lesspipe %s'), ('USER', 'haiboliu'), ('LC_TIME', 'zh_CN.UTF-8'), ('XDG_SESSION_TYPE', 'wayland'), ('SHLVL', '1'), ('LD_LIBRARY_PATH', '/home/haiboliu/project/vln/localization/src/fastlio2/install/interface/lib:/opt/ros/humble/opt/rviz_ogre_vendor/lib:/opt/ros/humble/lib/x86_64-linux-gnu:/opt/ros/humble/lib'), ('HOME', '/home/haiboliu'), ('OLDPWD', '/home/haiboliu/project/vln/localization/src'), ('DESKTOP_SESSION', 'ubuntu'), ('ROS_PYTHON_VERSION', '3'), ('GNOME_SHELL_SESSION_MODE', 'ubuntu'), ('GTK_MODULES', 'gail:atk-bridge'), ('LC_MONETARY', 'zh_CN.UTF-8'), ('SYSTEMD_EXEC_PID', '1818'), ('DBUS_SESSION_BUS_ADDRESS', 'unix:path=/run/user/1001/bus'), ('COLORTERM', 'truecolor'), ('IM_CONFIG_PHASE', '1'), ('WAYLAND_DISPLAY', 'wayland-0'), ('ROS_DISTRO', 'humble'), ('LOGNAME', 'haiboliu'), ('_', '/usr/bin/colcon'), ('ROS_VERSION', '2'), ('XDG_SESSION_CLASS', 'user'), ('USERNAME', 'haiboliu'), ('TERM', 'xterm-256color'), ('GNOME_DESKTOP_SESSION_ID', 'this-is-deprecated'), ('ROS_LOCALHOST_ONLY', '0'), ('PATH', '/opt/ros/humble/bin:/usr/local/sbin:/usr/local/bin:/usr/sbin:/usr/bin:/sbin:/bin:/usr/games:/usr/local/games:/snap/bin:/snap/bin'), ('SESSION_MANAGER', 'local/CNBEDZPL210029:@/tmp/.ICE-unix/1790,unix/CNBEDZPL210029:/tmp/.ICE-unix/1790'), ('XDG_MENU_PREFIX', 'gnome-'), ('LC_ADDRESS', 'zh_CN.UTF-8'), ('GNOME_TERMINAL_SCREEN', '/org/gnome/Terminal/screen/f317baec_4654_4e46_9450_13a654dfa23f'), ('GNOME_SETUP_DISPLAY', ':1'), ('XDG_RUNTIME_DIR', '/run/user/1001'), ('DISPLAY', ':0'), ('LANG', 'en_US.UTF-8'), ('XDG_CURRENT_DESKTOP', 'ubuntu:GNOME'), ('LC_TELEPHONE', 'zh_CN.UTF-8'), ('XMODIFIERS', '@im=ibus'), ('XDG_SESSION_DESKTOP', 'ubuntu'), ('XAUTHORITY', '/run/user/1001/.mutter-Xwaylandauth.SZOGC3'), ('LS_COLORS', 'rs=0:di=01;34:ln=01;36:mh=00:pi=40;33:so=01;35:do=01;35:bd=40;33;01:cd=40;33;01:or=40;31;01:mi=00:su=37;41:sg=30;43:ca=30;41:tw=30;42:ow=34;42:st=37;44:ex=01;32:*.tar=01;31:*.tgz=01;31:*.arc=01;31:*.arj=01;31:*.taz=01;31:*.lha=01;31:*.lz4=01;31:*.lzh=01;31:*.lzma=01;31:*.tlz=01;31:*.txz=01;31:*.tzo=01;31:*.t7z=01;31:*.zip=01;31:*.z=01;31:*.dz=01;31:*.gz=01;31:*.lrz=01;31:*.lz=01;31:*.lzo=01;31:*.xz=01;31:*.zst=01;31:*.tzst=01;31:*.bz2=01;31:*.bz=01;31:*.tbz=01;31:*.tbz2=01;31:*.tz=01;31:*.deb=01;31:*.rpm=01;31:*.jar=01;31:*.war=01;31:*.ear=01;31:*.sar=01;31:*.rar=01;31:*.alz=01;31:*.ace=01;31:*.zoo=01;31:*.cpio=01;31:*.7z=01;31:*.rz=01;31:*.cab=01;31:*.wim=01;31:*.swm=01;31:*.dwm=01;31:*.esd=01;31:*.jpg=01;35:*.jpeg=01;35:*.mjpg=01;35:*.mjpeg=01;35:*.gif=01;35:*.bmp=01;35:*.pbm=01;35:*.pgm=01;35:*.ppm=01;35:*.tga=01;35:*.xbm=01;35:*.xpm=01;35:*.tif=01;35:*.tiff=01;35:*.png=01;35:*.svg=01;35:*.svgz=01;35:*.mng=01;35:*.pcx=01;35:*.mov=01;35:*.mpg=01;35:*.mpeg=01;35:*.m2v=01;35:*.mkv=01;35:*.webm=01;35:*.webp=01;35:*.ogm=01;35:*.mp4=01;35:*.m4v=01;35:*.mp4v=01;35:*.vob=01;35:*.qt=01;35:*.nuv=01;35:*.wmv=01;35:*.asf=01;35:*.rm=01;35:*.rmvb=01;35:*.flc=01;35:*.avi=01;35:*.fli=01;35:*.flv=01;35:*.gl=01;35:*.dl=01;35:*.xcf=01;35:*.xwd=01;35:*.yuv=01;35:*.cgm=01;35:*.emf=01;35:*.ogv=01;35:*.ogx=01;35:*.aac=00;36:*.au=00;36:*.flac=00;36:*.m4a=00;36:*.mid=00;36:*.midi=00;36:*.mka=00;36:*.mp3=00;36:*.mpc=00;36:*.ogg=00;36:*.ra=00;36:*.wav=00;36:*.oga=00;36:*.opus=00;36:*.spx=00;36:*.xspf=00;36:'), ('GNOME_TERMINAL_SERVICE', ':1.283'), ('SSH_AGENT_LAUNCHER', 'gnome-keyring'), ('SSH_AUTH_SOCK', '/run/user/1001/keyring/ssh'), ('AMENT_PREFIX_PATH', '/home/haiboliu/project/vln/localization/src/fastlio2/install/interface:/opt/ros/humble'), ('SHELL', '/bin/bash'), ('LC_NAME', 'zh_CN.UTF-8'), ('QT_ACCESSIBILITY', '1'), ('GDMSESSION', 'ubuntu'), ('LESSCLOSE', '/usr/bin/lesspipe %s %s'), ('LC_MEASUREMENT', 'zh_CN.UTF-8'), ('LC_IDENTIFICATION', 'zh_CN.UTF-8'), ('QT_IM_MODULE', 'ibus'), ('PWD', '/home/haiboliu/project/vln/localization/src/fastlio2/build/localizer'), ('XDG_CONFIG_DIRS', '/etc/xdg/xdg-ubuntu:/etc/xdg'), ('XDG_DATA_DIRS', '/usr/share/ubuntu:/usr/local/share/:/usr/share/:/var/lib/snapd/desktop'), ('PYTHONPATH', '/home/haiboliu/project/vln/localization/src/fastlio2/install/interface/local/lib/python3.10/dist-packages:/opt/ros/humble/lib/python3.10/site-packages:/opt/ros/humble/local/lib/python3.10/dist-packages'), ('LC_NUMERIC', 'zh_CN.UTF-8'), ('LC_PAPER', 'zh_CN.UTF-8'), ('COLCON', '1'), ('VTE_VERSION', '6800'), ('CMAKE_PREFIX_PATH', '/home/haiboliu/project/vln/localization/src/fastlio2/install/interface:/opt/ros/humble')]), 'shell': False}
[0.572055] (pgo) JobProgress: {'identifier': 'pgo', 'progress': 'cmake'}
[0.572604] (pgo) JobProgress: {'identifier': 'pgo', 'progress': 'build'}
[0.573002] (pgo) Command: {'cmd': ['/usr/bin/cmake', '--build', '/home/haiboliu/project/vln/localization/src/fastlio2/build/pgo', '--', '-j16', '-l16'], 'cwd': '/home/haiboliu/project/vln/localization/src/fastlio2/build/pgo', 'env': OrderedDict([('LESSOPEN', '| /usr/bin/lesspipe %s'), ('USER', 'haiboliu'), ('LC_TIME', 'zh_CN.UTF-8'), ('XDG_SESSION_TYPE', 'wayland'), ('SHLVL', '1'), ('LD_LIBRARY_PATH', '/home/haiboliu/project/vln/localization/src/fastlio2/install/interface/lib:/opt/ros/humble/opt/rviz_ogre_vendor/lib:/opt/ros/humble/lib/x86_64-linux-gnu:/opt/ros/humble/lib'), ('HOME', '/home/haiboliu'), ('OLDPWD', '/home/haiboliu/project/vln/localization/src'), ('DESKTOP_SESSION', 'ubuntu'), ('ROS_PYTHON_VERSION', '3'), ('GNOME_SHELL_SESSION_MODE', 'ubuntu'), ('GTK_MODULES', 'gail:atk-bridge'), ('LC_MONETARY', 'zh_CN.UTF-8'), ('SYSTEMD_EXEC_PID', '1818'), ('DBUS_SESSION_BUS_ADDRESS', 'unix:path=/run/user/1001/bus'), ('COLORTERM', 'truecolor'), ('IM_CONFIG_PHASE', '1'), ('WAYLAND_DISPLAY', 'wayland-0'), ('ROS_DISTRO', 'humble'), ('LOGNAME', 'haiboliu'), ('_', '/usr/bin/colcon'), ('ROS_VERSION', '2'), ('XDG_SESSION_CLASS', 'user'), ('USERNAME', 'haiboliu'), ('TERM', 'xterm-256color'), ('GNOME_DESKTOP_SESSION_ID', 'this-is-deprecated'), ('ROS_LOCALHOST_ONLY', '0'), ('PATH', '/opt/ros/humble/bin:/usr/local/sbin:/usr/local/bin:/usr/sbin:/usr/bin:/sbin:/bin:/usr/games:/usr/local/games:/snap/bin:/snap/bin'), ('SESSION_MANAGER', 'local/CNBEDZPL210029:@/tmp/.ICE-unix/1790,unix/CNBEDZPL210029:/tmp/.ICE-unix/1790'), ('XDG_MENU_PREFIX', 'gnome-'), ('LC_ADDRESS', 'zh_CN.UTF-8'), ('GNOME_TERMINAL_SCREEN', '/org/gnome/Terminal/screen/f317baec_4654_4e46_9450_13a654dfa23f'), ('GNOME_SETUP_DISPLAY', ':1'), ('XDG_RUNTIME_DIR', '/run/user/1001'), ('DISPLAY', ':0'), ('LANG', 'en_US.UTF-8'), ('XDG_CURRENT_DESKTOP', 'ubuntu:GNOME'), ('LC_TELEPHONE', 'zh_CN.UTF-8'), ('XMODIFIERS', '@im=ibus'), ('XDG_SESSION_DESKTOP', 'ubuntu'), ('XAUTHORITY', '/run/user/1001/.mutter-Xwaylandauth.SZOGC3'), ('LS_COLORS', 'rs=0:di=01;34:ln=01;36:mh=00:pi=40;33:so=01;35:do=01;35:bd=40;33;01:cd=40;33;01:or=40;31;01:mi=00:su=37;41:sg=30;43:ca=30;41:tw=30;42:ow=34;42:st=37;44:ex=01;32:*.tar=01;31:*.tgz=01;31:*.arc=01;31:*.arj=01;31:*.taz=01;31:*.lha=01;31:*.lz4=01;31:*.lzh=01;31:*.lzma=01;31:*.tlz=01;31:*.txz=01;31:*.tzo=01;31:*.t7z=01;31:*.zip=01;31:*.z=01;31:*.dz=01;31:*.gz=01;31:*.lrz=01;31:*.lz=01;31:*.lzo=01;31:*.xz=01;31:*.zst=01;31:*.tzst=01;31:*.bz2=01;31:*.bz=01;31:*.tbz=01;31:*.tbz2=01;31:*.tz=01;31:*.deb=01;31:*.rpm=01;31:*.jar=01;31:*.war=01;31:*.ear=01;31:*.sar=01;31:*.rar=01;31:*.alz=01;31:*.ace=01;31:*.zoo=01;31:*.cpio=01;31:*.7z=01;31:*.rz=01;31:*.cab=01;31:*.wim=01;31:*.swm=01;31:*.dwm=01;31:*.esd=01;31:*.jpg=01;35:*.jpeg=01;35:*.mjpg=01;35:*.mjpeg=01;35:*.gif=01;35:*.bmp=01;35:*.pbm=01;35:*.pgm=01;35:*.ppm=01;35:*.tga=01;35:*.xbm=01;35:*.xpm=01;35:*.tif=01;35:*.tiff=01;35:*.png=01;35:*.svg=01;35:*.svgz=01;35:*.mng=01;35:*.pcx=01;35:*.mov=01;35:*.mpg=01;35:*.mpeg=01;35:*.m2v=01;35:*.mkv=01;35:*.webm=01;35:*.webp=01;35:*.ogm=01;35:*.mp4=01;35:*.m4v=01;35:*.mp4v=01;35:*.vob=01;35:*.qt=01;35:*.nuv=01;35:*.wmv=01;35:*.asf=01;35:*.rm=01;35:*.rmvb=01;35:*.flc=01;35:*.avi=01;35:*.fli=01;35:*.flv=01;35:*.gl=01;35:*.dl=01;35:*.xcf=01;35:*.xwd=01;35:*.yuv=01;35:*.cgm=01;35:*.emf=01;35:*.ogv=01;35:*.ogx=01;35:*.aac=00;36:*.au=00;36:*.flac=00;36:*.m4a=00;36:*.mid=00;36:*.midi=00;36:*.mka=00;36:*.mp3=00;36:*.mpc=00;36:*.ogg=00;36:*.ra=00;36:*.wav=00;36:*.oga=00;36:*.opus=00;36:*.spx=00;36:*.xspf=00;36:'), ('GNOME_TERMINAL_SERVICE', ':1.283'), ('SSH_AGENT_LAUNCHER', 'gnome-keyring'), ('SSH_AUTH_SOCK', '/run/user/1001/keyring/ssh'), ('AMENT_PREFIX_PATH', '/home/haiboliu/project/vln/localization/src/fastlio2/install/interface:/opt/ros/humble'), ('SHELL', '/bin/bash'), ('LC_NAME', 'zh_CN.UTF-8'), ('QT_ACCESSIBILITY', '1'), ('GDMSESSION', 'ubuntu'), ('LESSCLOSE', '/usr/bin/lesspipe %s %s'), ('LC_MEASUREMENT', 'zh_CN.UTF-8'), ('LC_IDENTIFICATION', 'zh_CN.UTF-8'), ('QT_IM_MODULE', 'ibus'), ('PWD', '/home/haiboliu/project/vln/localization/src/fastlio2/build/pgo'), ('XDG_CONFIG_DIRS', '/etc/xdg/xdg-ubuntu:/etc/xdg'), ('XDG_DATA_DIRS', '/usr/share/ubuntu:/usr/local/share/:/usr/share/:/var/lib/snapd/desktop'), ('PYTHONPATH', '/home/haiboliu/project/vln/localization/src/fastlio2/install/interface/local/lib/python3.10/dist-packages:/opt/ros/humble/lib/python3.10/site-packages:/opt/ros/humble/local/lib/python3.10/dist-packages'), ('LC_NUMERIC', 'zh_CN.UTF-8'), ('LC_PAPER', 'zh_CN.UTF-8'), ('COLCON', '1'), ('VTE_VERSION', '6800'), ('CMAKE_PREFIX_PATH', '/home/haiboliu/project/vln/localization/src/fastlio2/install/interface:/opt/ros/humble')]), 'shell': False}
[0.600920] (-) TimerEvent: {}
[0.617898] (hba) StdoutLine: {'line': b'\x1b[35m\x1b[1mConsolidate compiler generated dependencies of target hba_node\x1b[0m\n'}
[0.624342] (fastlio2) StdoutLine: {'line': b'\x1b[35m\x1b[1mConsolidate compiler generated dependencies of target map_builder\x1b[0m\n'}
[0.631045] (localizer) StdoutLine: {'line': b'\x1b[35m\x1b[1mConsolidate compiler generated dependencies of target localizer_node\x1b[0m\n'}
[0.631371] (pgo) StdoutLine: {'line': b'\x1b[35m\x1b[1mConsolidate compiler generated dependencies of target occupancy_map_saver\x1b[0m\n'}
[0.634373] (pgo) StdoutLine: {'line': b'\x1b[35m\x1b[1mConsolidate compiler generated dependencies of target tools_3d_to_2d_gridmap\x1b[0m\n'}
[0.638838] (pgo) StdoutLine: {'line': b'\x1b[35m\x1b[1mConsolidate compiler generated dependencies of target pgo_node\x1b[0m\n'}
[0.644103] (hba) StdoutLine: {'line': b'[ 20%] \x1b[32mBuilding CXX object CMakeFiles/hba_node.dir/src/hba_node.cpp.o\x1b[0m\n'}
[0.646179] (hba) StdoutLine: {'line': b'[ 40%] \x1b[32mBuilding CXX object CMakeFiles/hba_node.dir/src/hba/blam.cpp.o\x1b[0m\n'}
[0.646362] (hba) StdoutLine: {'line': b'[ 60%] \x1b[32mBuilding CXX object CMakeFiles/hba_node.dir/src/hba/hba.cpp.o\x1b[0m\n'}
[0.660404] (pgo) StdoutLine: {'line': b'[ 20%] Built target occupancy_map_saver\n'}
[0.682263] (pgo) StdoutLine: {'line': b'[ 53%] Built target tools_3d_to_2d_gridmap\n'}
[0.685389] (localizer) StdoutLine: {'line': b'[100%] Built target localizer_node\n'}
[0.696777] (fastlio2) StdoutLine: {'line': b'[ 10%] \x1b[32mBuilding CXX object CMakeFiles/map_builder.dir/src/map_builder/imu_processor.cpp.o\x1b[0m\n'}
[0.697095] (fastlio2) StdoutLine: {'line': b'[ 15%] \x1b[32mBuilding CXX object CMakeFiles/map_builder.dir/src/map_builder/ieskf.cpp.o\x1b[0m\n'}
[0.697187] (fastlio2) StdoutLine: {'line': b'[ 15%] \x1b[32mBuilding CXX object CMakeFiles/map_builder.dir/src/map_builder/lidar_processor.cpp.o\x1b[0m\n'}
[0.698533] (fastlio2) StdoutLine: {'line': b'[ 25%] \x1b[32mBuilding CXX object CMakeFiles/map_builder.dir/src/map_builder/map_builder.cpp.o\x1b[0m\n'}
[0.698841] (fastlio2) StdoutLine: {'line': b'[ 25%] \x1b[32mBuilding CXX object CMakeFiles/map_builder.dir/src/map_builder/imu_pose_predictor.cpp.o\x1b[0m\n'}
[0.701114] (-) TimerEvent: {}
[0.704110] (fastlio2) StdoutLine: {'line': b'[ 35%] \x1b[32mBuilding CXX object CMakeFiles/map_builder.dir/src/lio_node.cpp.o\x1b[0m\n'}
[0.704478] (fastlio2) StdoutLine: {'line': b'[ 35%] \x1b[32mBuilding CXX object CMakeFiles/map_builder.dir/src/lio_localization_node.cpp.o\x1b[0m\n'}
[0.708363] (localizer) CommandEnded: {'returncode': 0}
[0.712094] (localizer) JobProgress: {'identifier': 'localizer', 'progress': 'install'}
[0.712590] (localizer) Command: {'cmd': ['/usr/bin/cmake', '--install', '/home/haiboliu/project/vln/localization/src/fastlio2/build/localizer'], 'cwd': '/home/haiboliu/project/vln/localization/src/fastlio2/build/localizer', 'env': OrderedDict([('LESSOPEN', '| /usr/bin/lesspipe %s'), ('USER', 'haiboliu'), ('LC_TIME', 'zh_CN.UTF-8'), ('XDG_SESSION_TYPE', 'wayland'), ('SHLVL', '1'), ('LD_LIBRARY_PATH', '/home/haiboliu/project/vln/localization/src/fastlio2/install/interface/lib:/opt/ros/humble/opt/rviz_ogre_vendor/lib:/opt/ros/humble/lib/x86_64-linux-gnu:/opt/ros/humble/lib'), ('HOME', '/home/haiboliu'), ('OLDPWD', '/home/haiboliu/project/vln/localization/src'), ('DESKTOP_SESSION', 'ubuntu'), ('ROS_PYTHON_VERSION', '3'), ('GNOME_SHELL_SESSION_MODE', 'ubuntu'), ('GTK_MODULES', 'gail:atk-bridge'), ('LC_MONETARY', 'zh_CN.UTF-8'), ('SYSTEMD_EXEC_PID', '1818'), ('DBUS_SESSION_BUS_ADDRESS', 'unix:path=/run/user/1001/bus'), ('COLORTERM', 'truecolor'), ('IM_CONFIG_PHASE', '1'), ('WAYLAND_DISPLAY', 'wayland-0'), ('ROS_DISTRO', 'humble'), ('LOGNAME', 'haiboliu'), ('_', '/usr/bin/colcon'), ('ROS_VERSION', '2'), ('XDG_SESSION_CLASS', 'user'), ('USERNAME', 'haiboliu'), ('TERM', 'xterm-256color'), ('GNOME_DESKTOP_SESSION_ID', 'this-is-deprecated'), ('ROS_LOCALHOST_ONLY', '0'), ('PATH', '/opt/ros/humble/bin:/usr/local/sbin:/usr/local/bin:/usr/sbin:/usr/bin:/sbin:/bin:/usr/games:/usr/local/games:/snap/bin:/snap/bin'), ('SESSION_MANAGER', 'local/CNBEDZPL210029:@/tmp/.ICE-unix/1790,unix/CNBEDZPL210029:/tmp/.ICE-unix/1790'), ('XDG_MENU_PREFIX', 'gnome-'), ('LC_ADDRESS', 'zh_CN.UTF-8'), ('GNOME_TERMINAL_SCREEN', '/org/gnome/Terminal/screen/f317baec_4654_4e46_9450_13a654dfa23f'), ('GNOME_SETUP_DISPLAY', ':1'), ('XDG_RUNTIME_DIR', '/run/user/1001'), ('DISPLAY', ':0'), ('LANG', 'en_US.UTF-8'), ('XDG_CURRENT_DESKTOP', 'ubuntu:GNOME'), ('LC_TELEPHONE', 'zh_CN.UTF-8'), ('XMODIFIERS', '@im=ibus'), ('XDG_SESSION_DESKTOP', 'ubuntu'), ('XAUTHORITY', '/run/user/1001/.mutter-Xwaylandauth.SZOGC3'), ('LS_COLORS', 'rs=0:di=01;34:ln=01;36:mh=00:pi=40;33:so=01;35:do=01;35:bd=40;33;01:cd=40;33;01:or=40;31;01:mi=00:su=37;41:sg=30;43:ca=30;41:tw=30;42:ow=34;42:st=37;44:ex=01;32:*.tar=01;31:*.tgz=01;31:*.arc=01;31:*.arj=01;31:*.taz=01;31:*.lha=01;31:*.lz4=01;31:*.lzh=01;31:*.lzma=01;31:*.tlz=01;31:*.txz=01;31:*.tzo=01;31:*.t7z=01;31:*.zip=01;31:*.z=01;31:*.dz=01;31:*.gz=01;31:*.lrz=01;31:*.lz=01;31:*.lzo=01;31:*.xz=01;31:*.zst=01;31:*.tzst=01;31:*.bz2=01;31:*.bz=01;31:*.tbz=01;31:*.tbz2=01;31:*.tz=01;31:*.deb=01;31:*.rpm=01;31:*.jar=01;31:*.war=01;31:*.ear=01;31:*.sar=01;31:*.rar=01;31:*.alz=01;31:*.ace=01;31:*.zoo=01;31:*.cpio=01;31:*.7z=01;31:*.rz=01;31:*.cab=01;31:*.wim=01;31:*.swm=01;31:*.dwm=01;31:*.esd=01;31:*.jpg=01;35:*.jpeg=01;35:*.mjpg=01;35:*.mjpeg=01;35:*.gif=01;35:*.bmp=01;35:*.pbm=01;35:*.pgm=01;35:*.ppm=01;35:*.tga=01;35:*.xbm=01;35:*.xpm=01;35:*.tif=01;35:*.tiff=01;35:*.png=01;35:*.svg=01;35:*.svgz=01;35:*.mng=01;35:*.pcx=01;35:*.mov=01;35:*.mpg=01;35:*.mpeg=01;35:*.m2v=01;35:*.mkv=01;35:*.webm=01;35:*.webp=01;35:*.ogm=01;35:*.mp4=01;35:*.m4v=01;35:*.mp4v=01;35:*.vob=01;35:*.qt=01;35:*.nuv=01;35:*.wmv=01;35:*.asf=01;35:*.rm=01;35:*.rmvb=01;35:*.flc=01;35:*.avi=01;35:*.fli=01;35:*.flv=01;35:*.gl=01;35:*.dl=01;35:*.xcf=01;35:*.xwd=01;35:*.yuv=01;35:*.cgm=01;35:*.emf=01;35:*.ogv=01;35:*.ogx=01;35:*.aac=00;36:*.au=00;36:*.flac=00;36:*.m4a=00;36:*.mid=00;36:*.midi=00;36:*.mka=00;36:*.mp3=00;36:*.mpc=00;36:*.ogg=00;36:*.ra=00;36:*.wav=00;36:*.oga=00;36:*.opus=00;36:*.spx=00;36:*.xspf=00;36:'), ('GNOME_TERMINAL_SERVICE', ':1.283'), ('SSH_AGENT_LAUNCHER', 'gnome-keyring'), ('SSH_AUTH_SOCK', '/run/user/1001/keyring/ssh'), ('AMENT_PREFIX_PATH', '/home/haiboliu/project/vln/localization/src/fastlio2/install/interface:/opt/ros/humble'), ('SHELL', '/bin/bash'), ('LC_NAME', 'zh_CN.UTF-8'), ('QT_ACCESSIBILITY', '1'), ('GDMSESSION', 'ubuntu'), ('LESSCLOSE', '/usr/bin/lesspipe %s %s'), ('LC_MEASUREMENT', 'zh_CN.UTF-8'), ('LC_IDENTIFICATION', 'zh_CN.UTF-8'), ('QT_IM_MODULE', 'ibus'), ('PWD', '/home/haiboliu/project/vln/localization/src/fastlio2/build/localizer'), ('XDG_CONFIG_DIRS', '/etc/xdg/xdg-ubuntu:/etc/xdg'), ('XDG_DATA_DIRS', '/usr/share/ubuntu:/usr/local/share/:/usr/share/:/var/lib/snapd/desktop'), ('PYTHONPATH', '/home/haiboliu/project/vln/localization/src/fastlio2/install/interface/local/lib/python3.10/dist-packages:/opt/ros/humble/lib/python3.10/site-packages:/opt/ros/humble/local/lib/python3.10/dist-packages'), ('LC_NUMERIC', 'zh_CN.UTF-8'), ('LC_PAPER', 'zh_CN.UTF-8'), ('COLCON', '1'), ('VTE_VERSION', '6800'), ('CMAKE_PREFIX_PATH', '/home/haiboliu/project/vln/localization/src/fastlio2/install/interface:/opt/ros/humble')]), 'shell': False}
[0.723893] (pgo) StdoutLine: {'line': b'[100%] Built target pgo_node\n'}
[0.724543] (localizer) StdoutLine: {'line': b'-- Install configuration: "Release"\n'}
[0.724896] (localizer) StdoutLine: {'line': b'-- Installing: /home/haiboliu/project/vln/localization/src/fastlio2/install/localizer/lib/localizer/localizer_node\n'}
[0.729300] (localizer) StdoutLine: {'line': b'-- Set runtime path of "/home/haiboliu/project/vln/localization/src/fastlio2/install/localizer/lib/localizer/localizer_node" to ""\n'}
[0.729820] (localizer) StdoutLine: {'line': b'-- Installing: /home/haiboliu/project/vln/localization/src/fastlio2/install/localizer/share/localizer/launch\n'}
[0.730023] (localizer) StdoutLine: {'line': b'-- Installing: /home/haiboliu/project/vln/localization/src/fastlio2/install/localizer/share/localizer/launch/localizer_launch.py\n'}
[0.730114] (localizer) StdoutLine: {'line': b'-- Installing: /home/haiboliu/project/vln/localization/src/fastlio2/install/localizer/share/localizer/config\n'}
[0.730268] (localizer) StdoutLine: {'line': b'-- Installing: /home/haiboliu/project/vln/localization/src/fastlio2/install/localizer/share/localizer/config/localizer.yaml\n'}
[0.730425] (localizer) StdoutLine: {'line': b'-- Installing: /home/haiboliu/project/vln/localization/src/fastlio2/install/localizer/share/localizer/rviz\n'}
[0.730564] (localizer) StdoutLine: {'line': b'-- Installing: /home/haiboliu/project/vln/localization/src/fastlio2/install/localizer/share/localizer/rviz/localizer.rviz\n'}
[0.731068] (localizer) StdoutLine: {'line': b'-- Installing: /home/haiboliu/project/vln/localization/src/fastlio2/install/localizer/share/ament_index/resource_index/package_run_dependencies/localizer\n'}
[0.731566] (localizer) StdoutLine: {'line': b'-- Installing: /home/haiboliu/project/vln/localization/src/fastlio2/install/localizer/share/ament_index/resource_index/parent_prefix_path/localizer\n'}
[0.733440] (localizer) StdoutLine: {'line': b'-- Installing: /home/haiboliu/project/vln/localization/src/fastlio2/install/localizer/share/localizer/environment/ament_prefix_path.sh\n'}
[0.733669] (localizer) StdoutLine: {'line': b'-- Installing: /home/haiboliu/project/vln/localization/src/fastlio2/install/localizer/share/localizer/environment/ament_prefix_path.dsv\n'}
[0.733778] (localizer) StdoutLine: {'line': b'-- Installing: /home/haiboliu/project/vln/localization/src/fastlio2/install/localizer/share/localizer/environment/path.sh\n'}
[0.733867] (localizer) StdoutLine: {'line': b'-- Installing: /home/haiboliu/project/vln/localization/src/fastlio2/install/localizer/share/localizer/environment/path.dsv\n'}
[0.733965] (localizer) StdoutLine: {'line': b'-- Installing: /home/haiboliu/project/vln/localization/src/fastlio2/install/localizer/share/localizer/local_setup.bash\n'}
[0.734053] (localizer) StdoutLine: {'line': b'-- Installing: /home/haiboliu/project/vln/localization/src/fastlio2/install/localizer/share/localizer/local_setup.sh\n'}
[0.734289] (localizer) StdoutLine: {'line': b'-- Installing: /home/haiboliu/project/vln/localization/src/fastlio2/install/localizer/share/localizer/local_setup.zsh\n'}
[0.734620] (localizer) StdoutLine: {'line': b'-- Installing: /home/haiboliu/project/vln/localization/src/fastlio2/install/localizer/share/localizer/local_setup.dsv\n'}
[0.734984] (localizer) StdoutLine: {'line': b'-- Installing: /home/haiboliu/project/vln/localization/src/fastlio2/install/localizer/share/localizer/package.dsv\n'}
[0.735465] (localizer) StdoutLine: {'line': b'-- Installing: /home/haiboliu/project/vln/localization/src/fastlio2/install/localizer/share/ament_index/resource_index/packages/localizer\n'}
[0.735801] (localizer) StdoutLine: {'line': b'-- Installing: /home/haiboliu/project/vln/localization/src/fastlio2/install/localizer/share/localizer/cmake/localizerConfig.cmake\n'}
[0.736137] (localizer) StdoutLine: {'line': b'-- Installing: /home/haiboliu/project/vln/localization/src/fastlio2/install/localizer/share/localizer/cmake/localizerConfig-version.cmake\n'}
[0.736514] (localizer) StdoutLine: {'line': b'-- Installing: /home/haiboliu/project/vln/localization/src/fastlio2/install/localizer/share/localizer/package.xml\n'}
[0.740758] (localizer) CommandEnded: {'returncode': 0}
[0.755752] (localizer) JobEnded: {'identifier': 'localizer', 'rc': 0}
[0.757279] (pgo) CommandEnded: {'returncode': 0}
[0.758058] (pgo) JobProgress: {'identifier': 'pgo', 'progress': 'install'}
[0.758773] (pgo) Command: {'cmd': ['/usr/bin/cmake', '--install', '/home/haiboliu/project/vln/localization/src/fastlio2/build/pgo'], 'cwd': '/home/haiboliu/project/vln/localization/src/fastlio2/build/pgo', 'env': OrderedDict([('LESSOPEN', '| /usr/bin/lesspipe %s'), ('USER', 'haiboliu'), ('LC_TIME', 'zh_CN.UTF-8'), ('XDG_SESSION_TYPE', 'wayland'), ('SHLVL', '1'), ('LD_LIBRARY_PATH', '/home/haiboliu/project/vln/localization/src/fastlio2/install/interface/lib:/opt/ros/humble/opt/rviz_ogre_vendor/lib:/opt/ros/humble/lib/x86_64-linux-gnu:/opt/ros/humble/lib'), ('HOME', '/home/haiboliu'), ('OLDPWD', '/home/haiboliu/project/vln/localization/src'), ('DESKTOP_SESSION', 'ubuntu'), ('ROS_PYTHON_VERSION', '3'), ('GNOME_SHELL_SESSION_MODE', 'ubuntu'), ('GTK_MODULES', 'gail:atk-bridge'), ('LC_MONETARY', 'zh_CN.UTF-8'), ('SYSTEMD_EXEC_PID', '1818'), ('DBUS_SESSION_BUS_ADDRESS', 'unix:path=/run/user/1001/bus'), ('COLORTERM', 'truecolor'), ('IM_CONFIG_PHASE', '1'), ('WAYLAND_DISPLAY', 'wayland-0'), ('ROS_DISTRO', 'humble'), ('LOGNAME', 'haiboliu'), ('_', '/usr/bin/colcon'), ('ROS_VERSION', '2'), ('XDG_SESSION_CLASS', 'user'), ('USERNAME', 'haiboliu'), ('TERM', 'xterm-256color'), ('GNOME_DESKTOP_SESSION_ID', 'this-is-deprecated'), ('ROS_LOCALHOST_ONLY', '0'), ('PATH', '/opt/ros/humble/bin:/usr/local/sbin:/usr/local/bin:/usr/sbin:/usr/bin:/sbin:/bin:/usr/games:/usr/local/games:/snap/bin:/snap/bin'), ('SESSION_MANAGER', 'local/CNBEDZPL210029:@/tmp/.ICE-unix/1790,unix/CNBEDZPL210029:/tmp/.ICE-unix/1790'), ('XDG_MENU_PREFIX', 'gnome-'), ('LC_ADDRESS', 'zh_CN.UTF-8'), ('GNOME_TERMINAL_SCREEN', '/org/gnome/Terminal/screen/f317baec_4654_4e46_9450_13a654dfa23f'), ('GNOME_SETUP_DISPLAY', ':1'), ('XDG_RUNTIME_DIR', '/run/user/1001'), ('DISPLAY', ':0'), ('LANG', 'en_US.UTF-8'), ('XDG_CURRENT_DESKTOP', 'ubuntu:GNOME'), ('LC_TELEPHONE', 'zh_CN.UTF-8'), ('XMODIFIERS', '@im=ibus'), ('XDG_SESSION_DESKTOP', 'ubuntu'), ('XAUTHORITY', '/run/user/1001/.mutter-Xwaylandauth.SZOGC3'), ('LS_COLORS', 'rs=0:di=01;34:ln=01;36:mh=00:pi=40;33:so=01;35:do=01;35:bd=40;33;01:cd=40;33;01:or=40;31;01:mi=00:su=37;41:sg=30;43:ca=30;41:tw=30;42:ow=34;42:st=37;44:ex=01;32:*.tar=01;31:*.tgz=01;31:*.arc=01;31:*.arj=01;31:*.taz=01;31:*.lha=01;31:*.lz4=01;31:*.lzh=01;31:*.lzma=01;31:*.tlz=01;31:*.txz=01;31:*.tzo=01;31:*.t7z=01;31:*.zip=01;31:*.z=01;31:*.dz=01;31:*.gz=01;31:*.lrz=01;31:*.lz=01;31:*.lzo=01;31:*.xz=01;31:*.zst=01;31:*.tzst=01;31:*.bz2=01;31:*.bz=01;31:*.tbz=01;31:*.tbz2=01;31:*.tz=01;31:*.deb=01;31:*.rpm=01;31:*.jar=01;31:*.war=01;31:*.ear=01;31:*.sar=01;31:*.rar=01;31:*.alz=01;31:*.ace=01;31:*.zoo=01;31:*.cpio=01;31:*.7z=01;31:*.rz=01;31:*.cab=01;31:*.wim=01;31:*.swm=01;31:*.dwm=01;31:*.esd=01;31:*.jpg=01;35:*.jpeg=01;35:*.mjpg=01;35:*.mjpeg=01;35:*.gif=01;35:*.bmp=01;35:*.pbm=01;35:*.pgm=01;35:*.ppm=01;35:*.tga=01;35:*.xbm=01;35:*.xpm=01;35:*.tif=01;35:*.tiff=01;35:*.png=01;35:*.svg=01;35:*.svgz=01;35:*.mng=01;35:*.pcx=01;35:*.mov=01;35:*.mpg=01;35:*.mpeg=01;35:*.m2v=01;35:*.mkv=01;35:*.webm=01;35:*.webp=01;35:*.ogm=01;35:*.mp4=01;35:*.m4v=01;35:*.mp4v=01;35:*.vob=01;35:*.qt=01;35:*.nuv=01;35:*.wmv=01;35:*.asf=01;35:*.rm=01;35:*.rmvb=01;35:*.flc=01;35:*.avi=01;35:*.fli=01;35:*.flv=01;35:*.gl=01;35:*.dl=01;35:*.xcf=01;35:*.xwd=01;35:*.yuv=01;35:*.cgm=01;35:*.emf=01;35:*.ogv=01;35:*.ogx=01;35:*.aac=00;36:*.au=00;36:*.flac=00;36:*.m4a=00;36:*.mid=00;36:*.midi=00;36:*.mka=00;36:*.mp3=00;36:*.mpc=00;36:*.ogg=00;36:*.ra=00;36:*.wav=00;36:*.oga=00;36:*.opus=00;36:*.spx=00;36:*.xspf=00;36:'), ('GNOME_TERMINAL_SERVICE', ':1.283'), ('SSH_AGENT_LAUNCHER', 'gnome-keyring'), ('SSH_AUTH_SOCK', '/run/user/1001/keyring/ssh'), ('AMENT_PREFIX_PATH', '/home/haiboliu/project/vln/localization/src/fastlio2/install/interface:/opt/ros/humble'), ('SHELL', '/bin/bash'), ('LC_NAME', 'zh_CN.UTF-8'), ('QT_ACCESSIBILITY', '1'), ('GDMSESSION', 'ubuntu'), ('LESSCLOSE', '/usr/bin/lesspipe %s %s'), ('LC_MEASUREMENT', 'zh_CN.UTF-8'), ('LC_IDENTIFICATION', 'zh_CN.UTF-8'), ('QT_IM_MODULE', 'ibus'), ('PWD', '/home/haiboliu/project/vln/localization/src/fastlio2/build/pgo'), ('XDG_CONFIG_DIRS', '/etc/xdg/xdg-ubuntu:/etc/xdg'), ('XDG_DATA_DIRS', '/usr/share/ubuntu:/usr/local/share/:/usr/share/:/var/lib/snapd/desktop'), ('PYTHONPATH', '/home/haiboliu/project/vln/localization/src/fastlio2/install/interface/local/lib/python3.10/dist-packages:/opt/ros/humble/lib/python3.10/site-packages:/opt/ros/humble/local/lib/python3.10/dist-packages'), ('LC_NUMERIC', 'zh_CN.UTF-8'), ('LC_PAPER', 'zh_CN.UTF-8'), ('COLCON', '1'), ('VTE_VERSION', '6800'), ('CMAKE_PREFIX_PATH', '/home/haiboliu/project/vln/localization/src/fastlio2/install/interface:/opt/ros/humble')]), 'shell': False}
[0.772773] (pgo) StdoutLine: {'line': b'-- Install configuration: "Release"\n'}
[0.773171] (pgo) StdoutLine: {'line': b'-- Installing: /home/haiboliu/project/vln/localization/src/fastlio2/install/pgo/lib/pgo/pgo_node\n'}
[0.777477] (pgo) StdoutLine: {'line': b'-- Set runtime path of "/home/haiboliu/project/vln/localization/src/fastlio2/install/pgo/lib/pgo/pgo_node" to ""\n'}
[0.778160] (pgo) StdoutLine: {'line': b'-- Installing: /home/haiboliu/project/vln/localization/src/fastlio2/install/pgo/lib/pgo/tools_3d_to_2d_gridmap\n'}
[0.778602] (pgo) StdoutLine: {'line': b'-- Set runtime path of "/home/haiboliu/project/vln/localization/src/fastlio2/install/pgo/lib/pgo/tools_3d_to_2d_gridmap" to ""\n'}
[0.778923] (pgo) StdoutLine: {'line': b'-- Installing: /home/haiboliu/project/vln/localization/src/fastlio2/install/pgo/lib/pgo/occupancy_map_saver\n'}
[0.780606] (pgo) StdoutLine: {'line': b'-- Set runtime path of "/home/haiboliu/project/vln/localization/src/fastlio2/install/pgo/lib/pgo/occupancy_map_saver" to ""\n'}
[0.780926] (pgo) StdoutLine: {'line': b'-- Installing: /home/haiboliu/project/vln/localization/src/fastlio2/install/pgo/share/pgo/launch\n'}
[0.781159] (pgo) StdoutLine: {'line': b'-- Installing: /home/haiboliu/project/vln/localization/src/fastlio2/install/pgo/share/pgo/launch/occupancy_map_saver.launch.py\n'}
[0.781342] (pgo) StdoutLine: {'line': b'-- Installing: /home/haiboliu/project/vln/localization/src/fastlio2/install/pgo/share/pgo/launch/pgo_robosense_launch.py\n'}
[0.781510] (pgo) StdoutLine: {'line': b'-- Installing: /home/haiboliu/project/vln/localization/src/fastlio2/install/pgo/share/pgo/launch/grid_map_offline_tool.launch.py\n'}
[0.781798] (pgo) StdoutLine: {'line': b'-- Installing: /home/haiboliu/project/vln/localization/src/fastlio2/install/pgo/share/pgo/launch/pgo_launch.py\n'}
[0.781940] (pgo) StdoutLine: {'line': b'-- Installing: /home/haiboliu/project/vln/localization/src/fastlio2/install/pgo/share/pgo/config\n'}
[0.782017] (pgo) StdoutLine: {'line': b'-- Installing: /home/haiboliu/project/vln/localization/src/fastlio2/install/pgo/share/pgo/config/grid_map\n'}
[0.782136] (pgo) StdoutLine: {'line': b'-- Installing: /home/haiboliu/project/vln/localization/src/fastlio2/install/pgo/share/pgo/config/grid_map/offline.yaml\n'}
[0.782218] (pgo) StdoutLine: {'line': b'-- Installing: /home/haiboliu/project/vln/localization/src/fastlio2/install/pgo/share/pgo/config/pgo.yaml\n'}
[0.782323] (pgo) StdoutLine: {'line': b'-- Installing: /home/haiboliu/project/vln/localization/src/fastlio2/install/pgo/share/pgo/rviz\n'}
[0.782461] (pgo) StdoutLine: {'line': b'-- Installing: /home/haiboliu/project/vln/localization/src/fastlio2/install/pgo/share/pgo/rviz/pgo.rviz\n'}
[0.782687] (pgo) StdoutLine: {'line': b'-- Installing: /home/haiboliu/project/vln/localization/src/fastlio2/install/pgo/share/pgo/rviz/pgo_best_effort.rviz\n'}
[0.783129] (pgo) StdoutLine: {'line': b'-- Installing: /home/haiboliu/project/vln/localization/src/fastlio2/install/pgo/share/ament_index/resource_index/package_run_dependencies/pgo\n'}
[0.783593] (pgo) StdoutLine: {'line': b'-- Installing: /home/haiboliu/project/vln/localization/src/fastlio2/install/pgo/share/ament_index/resource_index/parent_prefix_path/pgo\n'}
[0.784044] (pgo) StdoutLine: {'line': b'-- Installing: /home/haiboliu/project/vln/localization/src/fastlio2/install/pgo/share/pgo/environment/ament_prefix_path.sh\n'}
[0.784278] (pgo) StdoutLine: {'line': b'-- Installing: /home/haiboliu/project/vln/localization/src/fastlio2/install/pgo/share/pgo/environment/ament_prefix_path.dsv\n'}
[0.784625] (pgo) StdoutLine: {'line': b'-- Installing: /home/haiboliu/project/vln/localization/src/fastlio2/install/pgo/share/pgo/environment/path.sh\n'}
[0.784891] (pgo) StdoutLine: {'line': b'-- Installing: /home/haiboliu/project/vln/localization/src/fastlio2/install/pgo/share/pgo/environment/path.dsv\n'}
[0.785247] (pgo) StdoutLine: {'line': b'-- Installing: /home/haiboliu/project/vln/localization/src/fastlio2/install/pgo/share/pgo/local_setup.bash\n'}
[0.785579] (pgo) StdoutLine: {'line': b'-- Installing: /home/haiboliu/project/vln/localization/src/fastlio2/install/pgo/share/pgo/local_setup.sh\n'}
[0.785965] (pgo) StdoutLine: {'line': b'-- Installing: /home/haiboliu/project/vln/localization/src/fastlio2/install/pgo/share/pgo/local_setup.zsh\n'}
[0.786303] (pgo) StdoutLine: {'line': b'-- Installing: /home/haiboliu/project/vln/localization/src/fastlio2/install/pgo/share/pgo/local_setup.dsv\n'}
[0.786625] (pgo) StdoutLine: {'line': b'-- Installing: /home/haiboliu/project/vln/localization/src/fastlio2/install/pgo/share/pgo/package.dsv\n'}
[0.787108] (pgo) StdoutLine: {'line': b'-- Installing: /home/haiboliu/project/vln/localization/src/fastlio2/install/pgo/share/ament_index/resource_index/packages/pgo\n'}
[0.787432] (pgo) StdoutLine: {'line': b'-- Installing: /home/haiboliu/project/vln/localization/src/fastlio2/install/pgo/share/pgo/cmake/pgoConfig.cmake\n'}
[0.787784] (pgo) StdoutLine: {'line': b'-- Installing: /home/haiboliu/project/vln/localization/src/fastlio2/install/pgo/share/pgo/cmake/pgoConfig-version.cmake\n'}
[0.788129] (pgo) StdoutLine: {'line': b'-- Installing: /home/haiboliu/project/vln/localization/src/fastlio2/install/pgo/share/pgo/package.xml\n'}
[0.791290] (pgo) CommandEnded: {'returncode': 0}
[0.801285] (-) TimerEvent: {}
[0.806046] (pgo) JobEnded: {'identifier': 'pgo', 'rc': 0}
[0.901431] (-) TimerEvent: {}
[1.001798] (-) TimerEvent: {}
[1.013851] (hba) StderrLine: {'line': b'In file included from \x1b[01m\x1b[K/home/haiboliu/project/vln/localization/src/fastlio2/hba/src/hba/blam.cpp:1\x1b[m\x1b[K:\n'}
[1.014304] (hba) StderrLine: {'line': b'\x1b[01m\x1b[K/home/haiboliu/project/vln/localization/src/fastlio2/hba/src/hba/blam.h:5:10:\x1b[m\x1b[K \x1b[01;31m\x1b[Kfatal error: \x1b[m\x1b[Ksophus/so3.hpp: No such file or directory\n'}
[1.014416] (hba) StderrLine: {'line': b'    5 | #include \x1b[01;31m\x1b[K<sophus/so3.hpp>\x1b[m\x1b[K\n'}
[1.014494] (hba) StderrLine: {'line': b'      |          \x1b[01;31m\x1b[K^~~~~~~~~~~~~~~~\x1b[m\x1b[K\n'}
[1.014569] (hba) StderrLine: {'line': b'compilation terminated.\n'}
[1.022481] (hba) StderrLine: {'line': b'gmake[2]: *** [CMakeFiles/hba_node.dir/build.make:104: CMakeFiles/hba_node.dir/src/hba/blam.cpp.o] Error 1\n'}
[1.022738] (hba) StderrLine: {'line': b'gmake[2]: *** Waiting for unfinished jobs....\n'}
[1.074562] (fastlio2) StderrLine: {'line': b'In file included from \x1b[01m\x1b[K/home/haiboliu/project/vln/localization/src/fastlio2/fastlio2/src/map_builder/ieskf.cpp:1\x1b[m\x1b[K:\n'}
[1.074855] (fastlio2) StderrLine: {'line': b'\x1b[01m\x1b[K/home/haiboliu/project/vln/localization/src/fastlio2/fastlio2/src/map_builder/ieskf.h:3:10:\x1b[m\x1b[K \x1b[01;31m\x1b[Kfatal error: \x1b[m\x1b[Ksophus/so3.hpp: No such file or directory\n'}
[1.074946] (fastlio2) StderrLine: {'line': b'    3 | #include \x1b[01;31m\x1b[K<sophus/so3.hpp>\x1b[m\x1b[K\n'}
[1.075020] (fastlio2) StderrLine: {'line': b'      |          \x1b[01;31m\x1b[K^~~~~~~~~~~~~~~~\x1b[m\x1b[K\n'}
[1.075094] (fastlio2) StderrLine: {'line': b'compilation terminated.\n'}
[1.078882] (fastlio2) StderrLine: {'line': b'In file included from \x1b[01m\x1b[K/home/haiboliu/project/vln/localization/src/fastlio2/fastlio2/src/map_builder/imu_processor.h:2\x1b[m\x1b[K,\n'}
[1.079106] (fastlio2) StderrLine: {'line': b'                 from \x1b[01m\x1b[K/home/haiboliu/project/vln/localization/src/fastlio2/fastlio2/src/map_builder/imu_processor.cpp:1\x1b[m\x1b[K:\n'}
[1.079185] (fastlio2) StderrLine: {'line': b'\x1b[01m\x1b[K/home/haiboliu/project/vln/localization/src/fastlio2/fastlio2/src/map_builder/ieskf.h:3:10:\x1b[m\x1b[K \x1b[01;31m\x1b[Kfatal error: \x1b[m\x1b[Ksophus/so3.hpp: No such file or directory\n'}
[1.079264] (fastlio2) StderrLine: {'line': b'    3 | #include \x1b[01;31m\x1b[K<sophus/so3.hpp>\x1b[m\x1b[K\n'}
[1.079342] (fastlio2) StderrLine: {'line': b'      |          \x1b[01;31m\x1b[K^~~~~~~~~~~~~~~~\x1b[m\x1b[K\n'}
[1.079421] (fastlio2) StderrLine: {'line': b'compilation terminated.\n'}
[1.082338] (fastlio2) StderrLine: {'line': b'gmake[2]: *** [CMakeFiles/map_builder.dir/build.make:90: CMakeFiles/map_builder.dir/src/map_builder/ieskf.cpp.o] Error 1\n'}
[1.082582] (fastlio2) StderrLine: {'line': b'gmake[2]: *** Waiting for unfinished jobs....\n'}
[1.086504] (fastlio2) StderrLine: {'line': b'gmake[2]: *** [CMakeFiles/map_builder.dir/build.make:104: CMakeFiles/map_builder.dir/src/map_builder/imu_processor.cpp.o] Error 1\n'}
[1.101980] (-) TimerEvent: {}
[1.184998] (fastlio2) StderrLine: {'line': b'In file included from \x1b[01m\x1b[K/home/haiboliu/project/vln/localization/src/fastlio2/fastlio2/src/map_builder/imu_processor.h:2\x1b[m\x1b[K,\n'}
[1.185229] (fastlio2) StderrLine: {'line': b'                 from \x1b[01m\x1b[K/home/haiboliu/project/vln/localization/src/fastlio2/fastlio2/src/map_builder/map_builder.h:2\x1b[m\x1b[K,\n'}
[1.185304] (fastlio2) StderrLine: {'line': b'                 from \x1b[01m\x1b[K/home/haiboliu/project/vln/localization/src/fastlio2/fastlio2/src/map_builder/map_builder.cpp:1\x1b[m\x1b[K:\n'}
[1.185373] (fastlio2) StderrLine: {'line': b'\x1b[01m\x1b[K/home/haiboliu/project/vln/localization/src/fastlio2/fastlio2/src/map_builder/ieskf.h:3:10:\x1b[m\x1b[K \x1b[01;31m\x1b[Kfatal error: \x1b[m\x1b[Ksophus/so3.hpp: No such file or directory\n'}
[1.185444] (fastlio2) StderrLine: {'line': b'    3 | #include \x1b[01;31m\x1b[K<sophus/so3.hpp>\x1b[m\x1b[K\n'}
[1.185511] (fastlio2) StderrLine: {'line': b'      |          \x1b[01;31m\x1b[K^~~~~~~~~~~~~~~~\x1b[m\x1b[K\n'}
[1.185579] (fastlio2) StderrLine: {'line': b'compilation terminated.\n'}
[1.199359] (fastlio2) StderrLine: {'line': b'gmake[2]: *** [CMakeFiles/map_builder.dir/build.make:146: CMakeFiles/map_builder.dir/src/map_builder/map_builder.cpp.o] Error 1\n'}
[1.202031] (-) TimerEvent: {}
[1.302337] (-) TimerEvent: {}
[1.402754] (-) TimerEvent: {}
[1.503199] (-) TimerEvent: {}
[1.603643] (-) TimerEvent: {}
[1.704082] (-) TimerEvent: {}
[1.804583] (-) TimerEvent: {}
[1.905081] (-) TimerEvent: {}
[2.005561] (-) TimerEvent: {}
[2.022451] (hba) StderrLine: {'line': b'In file included from \x1b[01m\x1b[K/home/haiboliu/project/vln/localization/src/fastlio2/hba/src/hba/hba.h:3\x1b[m\x1b[K,\n'}
[2.022686] (hba) StderrLine: {'line': b'                 from \x1b[01m\x1b[K/home/haiboliu/project/vln/localization/src/fastlio2/hba/src/hba/hba.cpp:1\x1b[m\x1b[K:\n'}
[2.022788] (hba) StderrLine: {'line': b'\x1b[01m\x1b[K/home/haiboliu/project/vln/localization/src/fastlio2/hba/src/hba/blam.h:5:10:\x1b[m\x1b[K \x1b[01;31m\x1b[Kfatal error: \x1b[m\x1b[Ksophus/so3.hpp: No such file or directory\n'}
[2.022861] (hba) StderrLine: {'line': b'    5 | #include \x1b[01;31m\x1b[K<sophus/so3.hpp>\x1b[m\x1b[K\n'}
[2.022928] (hba) StderrLine: {'line': b'      |          \x1b[01;31m\x1b[K^~~~~~~~~~~~~~~~\x1b[m\x1b[K\n'}
[2.022992] (hba) StderrLine: {'line': b'compilation terminated.\n'}
[2.061806] (hba) StderrLine: {'line': b'gmake[2]: *** [CMakeFiles/hba_node.dir/build.make:118: CMakeFiles/hba_node.dir/src/hba/hba.cpp.o] Error 1\n'}
[2.105751] (-) TimerEvent: {}
[2.124682] (fastlio2) StderrLine: {'line': b'In file included from \x1b[01m\x1b[K/home/haiboliu/project/vln/localization/src/fastlio2/fastlio2/src/map_builder/lidar_processor.h:3\x1b[m\x1b[K,\n'}
[2.125006] (fastlio2) StderrLine: {'line': b'                 from \x1b[01m\x1b[K/home/haiboliu/project/vln/localization/src/fastlio2/fastlio2/src/map_builder/lidar_processor.cpp:1\x1b[m\x1b[K:\n'}
[2.125160] (fastlio2) StderrLine: {'line': b'\x1b[01m\x1b[K/home/haiboliu/project/vln/localization/src/fastlio2/fastlio2/src/map_builder/ieskf.h:3:10:\x1b[m\x1b[K \x1b[01;31m\x1b[Kfatal error: \x1b[m\x1b[Ksophus/so3.hpp: No such file or directory\n'}
[2.125297] (fastlio2) StderrLine: {'line': b'    3 | #include \x1b[01;31m\x1b[K<sophus/so3.hpp>\x1b[m\x1b[K\n'}
[2.125405] (fastlio2) StderrLine: {'line': b'      |          \x1b[01;31m\x1b[K^~~~~~~~~~~~~~~~\x1b[m\x1b[K\n'}
[2.125509] (fastlio2) StderrLine: {'line': b'compilation terminated.\n'}
[2.154215] (fastlio2) StderrLine: {'line': b'gmake[2]: *** [CMakeFiles/map_builder.dir/build.make:132: CMakeFiles/map_builder.dir/src/map_builder/lidar_processor.cpp.o] Error 1\n'}
[2.181256] (fastlio2) StderrLine: {'line': b'In file included from \x1b[01m\x1b[K/home/haiboliu/project/vln/localization/src/fastlio2/fastlio2/src/map_builder/imu_pose_predictor.h:9\x1b[m\x1b[K,\n'}
[2.181531] (fastlio2) StderrLine: {'line': b'                 from \x1b[01m\x1b[K/home/haiboliu/project/vln/localization/src/fastlio2/fastlio2/src/map_builder/imu_pose_predictor.cpp:1\x1b[m\x1b[K:\n'}
[2.181648] (fastlio2) StderrLine: {'line': b'\x1b[01m\x1b[K/home/haiboliu/project/vln/localization/src/fastlio2/fastlio2/src/map_builder/ieskf.h:3:10:\x1b[m\x1b[K \x1b[01;31m\x1b[Kfatal error: \x1b[m\x1b[Ksophus/so3.hpp: No such file or directory\n'}
[2.181782] (fastlio2) StderrLine: {'line': b'    3 | #include \x1b[01;31m\x1b[K<sophus/so3.hpp>\x1b[m\x1b[K\n'}
[2.181894] (fastlio2) StderrLine: {'line': b'      |          \x1b[01;31m\x1b[K^~~~~~~~~~~~~~~~\x1b[m\x1b[K\n'}
[2.182025] (fastlio2) StderrLine: {'line': b'compilation terminated.\n'}
[2.205906] (-) TimerEvent: {}
[2.208807] (fastlio2) StderrLine: {'line': b'gmake[2]: *** [CMakeFiles/map_builder.dir/build.make:160: CMakeFiles/map_builder.dir/src/map_builder/imu_pose_predictor.cpp.o] Error 1\n'}
[2.306067] (-) TimerEvent: {}
[2.327216] (hba) StderrLine: {'line': b'In file included from \x1b[01m\x1b[K/home/haiboliu/project/vln/localization/src/fastlio2/hba/src/hba/hba.h:3\x1b[m\x1b[K,\n'}
[2.327493] (hba) StderrLine: {'line': b'                 from \x1b[01m\x1b[K/home/haiboliu/project/vln/localization/src/fastlio2/hba/src/hba_node.cpp:4\x1b[m\x1b[K:\n'}
[2.327606] (hba) StderrLine: {'line': b'\x1b[01m\x1b[K/home/haiboliu/project/vln/localization/src/fastlio2/hba/src/hba/blam.h:5:10:\x1b[m\x1b[K \x1b[01;31m\x1b[Kfatal error: \x1b[m\x1b[Ksophus/so3.hpp: No such file or directory\n'}
[2.327788] (hba) StderrLine: {'line': b'    5 | #include \x1b[01;31m\x1b[K<sophus/so3.hpp>\x1b[m\x1b[K\n'}
[2.327856] (hba) StderrLine: {'line': b'      |          \x1b[01;31m\x1b[K^~~~~~~~~~~~~~~~\x1b[m\x1b[K\n'}
[2.327914] (hba) StderrLine: {'line': b'compilation terminated.\n'}
[2.354424] (hba) StderrLine: {'line': b'gmake[2]: *** [CMakeFiles/hba_node.dir/build.make:76: CMakeFiles/hba_node.dir/src/hba_node.cpp.o] Error 1\n'}
[2.355331] (hba) StderrLine: {'line': b'gmake[1]: *** [CMakeFiles/Makefile2:137: CMakeFiles/hba_node.dir/all] Error 2\n'}
[2.355897] (hba) StderrLine: {'line': b'gmake: *** [Makefile:146: all] Error 2\n'}
[2.360040] (hba) CommandEnded: {'returncode': 2}
[2.368753] (hba) JobEnded: {'identifier': 'hba', 'rc': 2}
[2.406222] (-) TimerEvent: {}
[2.506792] (-) TimerEvent: {}
[2.607211] (-) TimerEvent: {}
[2.707626] (-) TimerEvent: {}
[2.795491] (fastlio2) StderrLine: {'line': b'In file included from \x1b[01m\x1b[K/home/haiboliu/project/vln/localization/src/fastlio2/fastlio2/src/map_builder/imu_pose_predictor.h:9\x1b[m\x1b[K,\n'}
[2.795745] (fastlio2) StderrLine: {'line': b'                 from \x1b[01m\x1b[K/home/haiboliu/project/vln/localization/src/fastlio2/fastlio2/src/lio_node.h:21\x1b[m\x1b[K,\n'}
[2.795865] (fastlio2) StderrLine: {'line': b'                 from \x1b[01m\x1b[K/home/haiboliu/project/vln/localization/src/fastlio2/fastlio2/src/lio_node.cpp:1\x1b[m\x1b[K:\n'}
[2.795962] (fastlio2) StderrLine: {'line': b'\x1b[01m\x1b[K/home/haiboliu/project/vln/localization/src/fastlio2/fastlio2/src/map_builder/ieskf.h:3:10:\x1b[m\x1b[K \x1b[01;31m\x1b[Kfatal error: \x1b[m\x1b[Ksophus/so3.hpp: No such file or directory\n'}
[2.796080] (fastlio2) StderrLine: {'line': b'    3 | #include \x1b[01;31m\x1b[K<sophus/so3.hpp>\x1b[m\x1b[K\n'}
[2.796173] (fastlio2) StderrLine: {'line': b'      |          \x1b[01;31m\x1b[K^~~~~~~~~~~~~~~~\x1b[m\x1b[K\n'}
[2.796266] (fastlio2) StderrLine: {'line': b'compilation terminated.\n'}
[2.808196] (-) TimerEvent: {}
[2.824247] (fastlio2) StderrLine: {'line': b'gmake[2]: *** [CMakeFiles/map_builder.dir/build.make:188: CMakeFiles/map_builder.dir/src/lio_node.cpp.o] Error 1\n'}
[2.908352] (-) TimerEvent: {}
[3.008791] (-) TimerEvent: {}
[3.068793] (fastlio2) StderrLine: {'line': b'In file included from \x1b[01m\x1b[K/home/haiboliu/project/vln/localization/src/fastlio2/fastlio2/src/map_builder/imu_pose_predictor.h:9\x1b[m\x1b[K,\n'}
[3.069098] (fastlio2) StderrLine: {'line': b'                 from \x1b[01m\x1b[K/home/haiboliu/project/vln/localization/src/fastlio2/fastlio2/src/lio_node.h:21\x1b[m\x1b[K,\n'}
[3.069243] (fastlio2) StderrLine: {'line': b'                 from \x1b[01m\x1b[K/home/haiboliu/project/vln/localization/src/fastlio2/fastlio2/src/lio_localization_node.h:5\x1b[m\x1b[K,\n'}
[3.069373] (fastlio2) StderrLine: {'line': b'                 from \x1b[01m\x1b[K/home/haiboliu/project/vln/localization/src/fastlio2/fastlio2/src/lio_localization_node.cpp:1\x1b[m\x1b[K:\n'}
[3.069500] (fastlio2) StderrLine: {'line': b'\x1b[01m\x1b[K/home/haiboliu/project/vln/localization/src/fastlio2/fastlio2/src/map_builder/ieskf.h:3:10:\x1b[m\x1b[K \x1b[01;31m\x1b[Kfatal error: \x1b[m\x1b[Ksophus/so3.hpp: No such file or directory\n'}
[3.069629] (fastlio2) StderrLine: {'line': b'    3 | #include \x1b[01;31m\x1b[K<sophus/so3.hpp>\x1b[m\x1b[K\n'}
[3.069794] (fastlio2) StderrLine: {'line': b'      |          \x1b[01;31m\x1b[K^~~~~~~~~~~~~~~~\x1b[m\x1b[K\n'}
[3.069931] (fastlio2) StderrLine: {'line': b'compilation terminated.\n'}
[3.107083] (fastlio2) StderrLine: {'line': b'gmake[2]: *** [CMakeFiles/map_builder.dir/build.make:202: CMakeFiles/map_builder.dir/src/lio_localization_node.cpp.o] Error 1\n'}
[3.107992] (fastlio2) StderrLine: {'line': b'gmake[1]: *** [CMakeFiles/Makefile2:143: CMakeFiles/map_builder.dir/all] Error 2\n'}
[3.108635] (fastlio2) StderrLine: {'line': b'gmake: *** [Makefile:146: all] Error 2\n'}
[3.108798] (-) TimerEvent: {}
[3.114471] (fastlio2) JobEnded: {'identifier': 'fastlio2', 'rc': 'SIGINT'}
[3.125427] (-) EventReactorShutdown: {}
